Trip_ID,Dispatch_Date,Plant_ID,Plant_Name,Destination,Route,Product_ID,Product_Name,Quantity_Tons,Vehicle_ID,Vehicle_Type,Vehicle_Capacity_Tons,Transporter_ID,Transporter_Name,Loading_Start_Time,Loading_End_Time,Weighbridge_Time,Gate_Out_Time,Expected_Delivery_Date,Actual_Delivery_Date,Delivery_Status,Delay_Days,Delay_Reason,Freight_Cost,Distance_KM,On_Time_Flag
TRIP010288,2025-01-01,PL02,Chennai Production Plant,Nagpur,Chennai - Nagpur,PD06,Electrical Cables,24.58,VH032,Container 32ft MXL,28,TR03,Vishal Transport Co.,2025-01-01 08:35,2025-01-01 11:02,2025-01-01 11:48,2025-01-01 12:15,2025-01-03,2025-01-02,On Time,0,Not Applicable,82477.42,1304,1
TRIP010153,2025-01-01,PL05,Hyderabad Assembly Unit,Mumbai,Hyderabad - Mumbai,PD04,PVC Granules,26.61,VH008,Container 32ft MXL,28,TR11,Reliable Roadways,2025-01-01 07:33,2025-01-01 09:27,2025-01-01 09:49,2025-01-01 10:04,2025-01-02,2025-01-02,On Time,0,Not Applicable,46271.57,714,1
TRIP006572,2025-01-02,PL04,Vadodara Processing Plant,Bhopal,Vadodara - Bhopal,PD02,Steel Pipes,22.27,VH002,Container 32ft MXL,28,TR06,Ganesh Roadlines,2025-01-02 08:10,2025-01-02 09:27,2025-01-02 10:05,2025-01-02 10:34,2025-01-03,2025-01-03,On Time,0,Not Applicable,29835.97,567,1
TRIP000458,2025-01-02,PL05,Hyderabad Assembly Unit,Mumbai,Hyderabad - Mumbai,PD03,Cement Bags,14.83,VH053,Open Truck 10 Tyre,16,TR09,Sunrise Logistics Solutions,2025-01-02 09:37,2025-01-02 12:21,2025-01-02 13:19,2025-01-02 13:48,2025-01-03,2025-01-03,On Time,0,Not Applicable,23130.67,731,1
TRIP011279,2025-01-02,PL01,Pune Manufacturing Unit,Bhopal,Pune - Bhopal,PD03,Cement Bags,11.54,VH046,Open Truck 10 Tyre,16,TR02,Shree Balaji Logistics,2025-01-02 10:52,2025-01-02 12:52,2025-01-02 13:22,2025-01-02 14:06,2025-01-03,2025-01-03,On Time,0,Not Applicable,17426.78,697,1
TRIP005580,2025-01-03,PL02,Chennai Production Plant,Jaipur,Chennai - Jaipur,PD06,Electrical Cables,15.58,VH054,Container 20ft,18,TR13,Punjab Truck Union,2025-01-03 07:17,2025-01-03 09:22,2025-01-03 09:38,2025-01-03 09:52,2025-01-05,2025-01-06,Delayed,1,Weather Conditions,73068.28,1946,0
TRIP001513,2025-01-04,PL05,Hyderabad Assembly Unit,Bhopal,Hyderabad - Bhopal,PD07,Packaged Tiles,18.0,VH019,Container 20ft,18,TR07,Om Sai Transport,2025-01-04 10:23,2025-01-04 10:53,2025-01-04 11:44,2025-01-04 12:15,2025-01-05,2025-01-05,On Time,0,Not Applicable,31553.7,784,1
TRIP010905,2025-01-04,PL05,Hyderabad Assembly Unit,Guwahati,Hyderabad - Guwahati,PD02,Steel Pipes,14.02,VH029,Open Truck 10 Tyre,16,TR17,United Freight Corporation,2025-01-04 10:45,2025-01-04 11:28,2025-01-04 11:50,2025-01-04 12:10,2025-01-06,2025-01-06,On Time,0,Not Applicable,68527.19,2207,1
TRIP011618,2025-01-04,PL02,Chennai Production Plant,Nagpur,Chennai - Nagpur,PD05,Auto Components,19.57,VH044,Container 32ft SXL,22,TR07,Om Sai Transport,2025-01-04 09:52,2025-01-04 12:19,2025-01-04 12:44,2025-01-04 12:55,2025-01-05,2025-01-05,On Time,0,Not Applicable,56187.49,1193,1
TRIP006023,2025-01-05,PL05,Hyderabad Assembly Unit,Guwahati,Hyderabad - Guwahati,PD08,Textile Rolls,9.22,VH046,Open Truck 10 Tyre,16,TR02,Shree Balaji Logistics,2025-01-05 10:33,2025-01-05 13:17,2025-01-05 13:47,2025-01-05 14:12,2025-01-08,2025-01-08,On Time,0,Not Applicable,47798.01,2267,1
TRIP000150,2025-01-06,PL05,Hyderabad Assembly Unit,Bhopal,Hyderabad - Bhopal,PD01,Steel Coils,13.84,VH024,Container 20ft,18,TR14,Coastal Cargo Carriers,2025-01-06 09:53,2025-01-06 13:01,2025-01-06 13:53,2025-01-06 14:36,2025-01-07,2025-01-07,On Time,0,Not Applicable,25736.97,744,1
TRIP002055,2025-01-06,PL02,Chennai Production Plant,Mumbai,Chennai - Mumbai,PD08,Textile Rolls,25.5,VH013,Container 32ft MXL,28,TR08,Kaveri Cargo Movers,2025-01-06 10:25,2025-01-06 13:24,2025-01-06 13:59,2025-01-06 14:35,2025-01-08,2025-01-08,On Time,0,Not Applicable,84062.0,1306,1
TRIP005404,2025-01-06,PL05,Hyderabad Assembly Unit,Guwahati,Hyderabad - Guwahati,PD04,PVC Granules,22.23,VH013,Container 32ft MXL,28,TR08,Kaveri Cargo Movers,2025-01-06 10:54,2025-01-06 12:09,2025-01-06 12:39,2025-01-06 13:09,2025-01-09,2025-01-08,On Time,0,Not Applicable,116581.86,2130,1
TRIP002994,2025-01-07,PL04,Vadodara Processing Plant,Mumbai,Vadodara - Mumbai,PD01,Steel Coils,7.76,VH014,Open Truck 6 Tyre,9,TR08,Kaveri Cargo Movers,2025-01-07 08:08,2025-01-07 10:15,2025-01-07 10:42,2025-01-07 11:18,2025-01-08,2025-01-08,On Time,0,Not Applicable,11229.83,560,1
TRIP007444,2025-01-07,PL05,Hyderabad Assembly Unit,Bhopal,Hyderabad - Bhopal,PD06,Electrical Cables,21.62,VH041,Container 32ft SXL,22,TR13,Punjab Truck Union,2025-01-07 06:15,2025-01-07 09:57,2025-01-07 10:48,2025-01-07 11:13,2025-01-08,2025-01-08,On Time,0,Not Applicable,41899.59,782,1
TRIP002237,2025-01-07,PL05,Hyderabad Assembly Unit,Guwahati,Hyderabad - Guwahati,PD08,Textile Rolls,15.58,VH029,Open Truck 10 Tyre,16,TR17,United Freight Corporation,2025-01-07 09:05,2025-01-07 12:42,2025-01-07 13:39,2025-01-07 13:50,2025-01-10,2025-01-09,On Time,0,Not Applicable,71109.82,1866,1
TRIP002674,2025-01-07,PL04,Vadodara Processing Plant,Guwahati,Vadodara - Guwahati,PD01,Steel Coils,15.05,VH042,Container 32ft SXL,22,TR12,Trident Transport Services,2025-01-07 10:52,2025-01-07 12:25,2025-01-07 13:09,2025-01-07 13:34,2025-01-10,2025-01-10,On Time,0,Not Applicable,78744.05,2382,1
TRIP010038,2025-01-07,PL05,Hyderabad Assembly Unit,Nagpur,Hyderabad - Nagpur,PD02,Steel Pipes,16.56,VH018,Container 32ft SXL,22,TR04,National Freight Movers,2025-01-07 06:05,2025-01-07 08:27,2025-01-07 09:07,2025-01-07 09:34,2025-01-08,2025-01-08,On Time,0,Not Applicable,22141.7,495,1
TRIP006849,2025-01-08,PL06,Indore Manufacturing Unit,Jaipur,Indore - Jaipur,PD06,Electrical Cables,24.34,VH059,Container 32ft MXL,28,TR05,Speedway Logistics Pvt Ltd,2025-01-08 06:09,2025-01-08 07:38,2025-01-08 08:28,2025-01-08 09:08,2025-01-09,2025-01-08,On Time,0,Not Applicable,29412.24,469,1
TRIP006593,2025-01-08,PL05,Hyderabad Assembly Unit,Bhopal,Hyderabad - Bhopal,PD05,Auto Components,14.86,VH049,Container 20ft,18,TR07,Om Sai Transport,2025-01-08 09:12,2025-01-08 11:43,2025-01-08 12:18,2025-01-08 12:49,2025-01-09,2025-01-09,On Time,0,Not Applicable,28858.38,855,1
TRIP003743,2025-01-08,PL06,Indore Manufacturing Unit,Jaipur,Indore - Jaipur,PD08,Textile Rolls,8.15,VH010,Open Truck 6 Tyre,9,TR15,Apex Logistics India,2025-01-08 07:51,2025-01-08 09:33,2025-01-08 10:14,2025-01-08 10:46,2025-01-09,2025-01-08,On Time,0,Not Applicable,9111.75,426,1
TRIP009647,2025-01-08,PL05,Hyderabad Assembly Unit,Jaipur,Hyderabad - Jaipur,PD05,Auto Components,7.16,VH010,Open Truck 6 Tyre,9,TR15,Apex Logistics India,2025-01-08 07:30,2025-01-08 09:46,2025-01-08 10:18,2025-01-08 10:52,2025-01-09,2025-01-09,On Time,0,Not Applicable,26006.48,1307,1
TRIP004129,2025-01-09,PL05,Hyderabad Assembly Unit,Ahmedabad,Hyderabad - Ahmedabad,PD08,Textile Rolls,22.96,VH045,Container 32ft MXL,28,TR18,Deccan Transport Co.,2025-01-09 09:20,2025-01-09 12:06,2025-01-09 12:32,2025-01-09 13:03,2025-01-10,2025-01-12,Delayed,2,Toll/Checkpoint Delay,67834.97,1124,0
TRIP001666,2025-01-10,PL01,Pune Manufacturing Unit,Bengaluru,Pune - Bengaluru,PD01,Steel Coils,28.4,VH035,Trailer 40ft,35,TR09,Sunrise Logistics Solutions,2025-01-10 06:42,2025-01-10 08:20,2025-01-10 09:00,2025-01-10 09:28,2025-01-11,2025-01-11,On Time,0,Not Applicable,53576.67,850,1
TRIP004984,2025-01-11,PL05,Hyderabad Assembly Unit,Guwahati,Hyderabad - Guwahati,PD04,PVC Granules,30.57,VH056,Trailer 40ft,35,TR05,Speedway Logistics Pvt Ltd,2025-01-11 09:13,2025-01-11 10:56,2025-01-11 11:30,2025-01-11 12:13,2025-01-14,2025-01-17,Delayed,3,Driver Unavailability,159514.61,1955,0
TRIP011780,2025-01-11,PL05,Hyderabad Assembly Unit,Patna,Hyderabad - Patna,PD06,Electrical Cables,19.33,VH025,Container 32ft SXL,22,TR13,Punjab Truck Union,2025-01-11 07:53,2025-01-11 10:03,2025-01-11 10:50,2025-01-11 11:30,2025-01-13,2025-01-12,On Time,0,Not Applicable,81746.67,1616,1
TRIP003786,2025-01-11,PL05,Hyderabad Assembly Unit,Bhopal,Hyderabad - Bhopal,PD06,Electrical Cables,25.56,VH032,Container 32ft MXL,28,TR03,Vishal Transport Co.,2025-01-11 09:44,2025-01-11 12:27,2025-01-11 13:14,2025-01-11 13:25,2025-01-12,2025-01-12,On Time,0,Not Applicable,50387.34,790,1
TRIP008046,2025-01-11,PL02,Chennai Production Plant,Nagpur,Chennai - Nagpur,PD02,Steel Pipes,9.09,VH050,Container 20ft,18,TR18,Deccan Transport Co.,2025-01-11 09:44,2025-01-11 12:05,2025-01-11 12:52,2025-01-11 13:21,2025-01-13,2025-01-12,On Time,0,Not Applicable,29445.88,1269,1
TRIP010468,2025-01-12,PL02,Chennai Production Plant,Guwahati,Chennai - Guwahati,PD04,PVC Granules,10.32,VH012,Open Truck 10 Tyre,16,TR12,Trident Transport Services,2025-01-12 10:47,2025-01-12 12:41,2025-01-12 13:25,2025-01-12 13:52,2025-01-15,2025-01-15,On Time,0,Not Applicable,70586.7,2886,1
TRIP008293,2025-01-12,PL06,Indore Manufacturing Unit,Mumbai,Indore - Mumbai,PD01,Steel Coils,6.42,VH057,Open Truck 6 Tyre,9,TR14,Coastal Cargo Carriers,2025-01-12 06:45,2025-01-12 08:21,2025-01-12 09:18,2025-01-12 09:47,2025-01-13,2025-01-12,On Time,0,Not Applicable,11449.31,695,1
TRIP003603,2025-01-13,PL05,Hyderabad Assembly Unit,Bhopal,Hyderabad - Bhopal,PD05,Auto Components,8.5,VH014,Open Truck 6 Tyre,9,TR08,Kaveri Cargo Movers,2025-01-13 06:49,2025-01-13 09:18,2025-01-13 09:36,2025-01-13 09:49,2025-01-14,2025-01-14,On Time,0,Not Applicable,16236.25,767,1
TRIP005609,2025-01-13,PL01,Pune Manufacturing Unit,Guwahati,Pune - Guwahati,PD01,Steel Coils,14.46,VH053,Open Truck 10 Tyre,16,TR09,Sunrise Logistics Solutions,2025-01-13 10:45,2025-01-13 12:54,2025-01-13 13:42,2025-01-13 13:55,2025-01-16,2025-01-15,On Time,0,Not Applicable,76319.54,2248,1
TRIP010965,2025-01-13,PL05,Hyderabad Assembly Unit,Nagpur,Hyderabad - Nagpur,PD04,PVC Granules,18.0,VH031,Container 20ft,18,TR17,United Freight Corporation,2025-01-13 08:12,2025-01-13 09:56,2025-01-13 10:50,2025-01-13 11:04,2025-01-14,2025-01-13,On Time,0,Not Applicable,19940.4,476,1
TRIP009328,2025-01-13,PL02,Chennai Production Plant,Kolkata,Chennai - Kolkata,PD02,Steel Pipes,14.69,VH053,Open Truck 10 Tyre,16,TR09,Sunrise Logistics Solutions,2025-01-13 08:53,2025-01-13 11:12,2025-01-13 12:07,2025-01-13 12:31,2025-01-15,2025-01-15,On Time,0,Not Applicable,58513.84,1722,1
TRIP011227,2025-01-14,PL06,Indore Manufacturing Unit,Bhopal,Indore - Bhopal,PD07,Packaged Tiles,13.73,VH058,Open Truck 10 Tyre,16,TR18,Deccan Transport Co.,2025-01-14 07:54,2025-01-14 10:41,2025-01-14 11:19,2025-01-14 11:37,2025-01-14,2025-01-14,On Time,0,Not Applicable,1103.54,20,1
TRIP003996,2025-01-14,PL01,Pune Manufacturing Unit,Bhopal,Pune - Bhopal,PD08,Textile Rolls,16.51,VH042,Container 32ft SXL,22,TR12,Trident Transport Services,2025-01-14 07:25,2025-01-14 09:56,2025-01-14 10:15,2025-01-14 10:40,2025-01-15,2025-01-15,On Time,0,Not Applicable,25155.8,684,1
TRIP002484,2025-01-14,PL06,Indore Manufacturing Unit,Bhopal,Indore - Bhopal,PD08,Textile Rolls,8.04,VH010,Open Truck 6 Tyre,9,TR15,Apex Logistics India,2025-01-14 08:04,2025-01-14 09:28,2025-01-14 10:26,2025-01-14 11:05,2025-01-14,2025-01-14,On Time,0,Not Applicable,917.74,20,1
TRIP008566,2025-01-14,PL05,Hyderabad Assembly Unit,Mumbai,Hyderabad - Mumbai,PD07,Packaged Tiles,15.16,VH018,Container 32ft SXL,22,TR04,National Freight Movers,2025-01-14 10:55,2025-01-14 13:29,2025-01-14 13:51,2025-01-14 14:18,2025-01-15,2025-01-15,On Time,0,Not Applicable,25381.28,640,1
TRIP004784,2025-01-14,PL05,Hyderabad Assembly Unit,Mumbai,Hyderabad - Mumbai,PD02,Steel Pipes,14.45,VH058,Open Truck 10 Tyre,16,TR18,Deccan Transport Co.,2025-01-14 09:33,2025-01-14 12:43,2025-01-14 13:09,2025-01-14 13:48,2025-01-15,2025-01-15,On Time,0,Not Applicable,28900.38,729,1
TRIP009756,2025-01-14,PL05,Hyderabad Assembly Unit,Bengaluru,Hyderabad - Bengaluru,PD02,Steel Pipes,26.29,VH020,Container 32ft MXL,28,TR01,Bharat Road Carriers,2025-01-14 06:09,2025-01-14 08:52,2025-01-14 09:40,2025-01-14 10:09,2025-01-15,2025-01-15,On Time,0,Not Applicable,35721.74,592,1
TRIP000032,2025-01-15,PL05,Hyderabad Assembly Unit,Nagpur,Hyderabad - Nagpur,PD02,Steel Pipes,30.41,VH003,Trailer 40ft,35,TR17,United Freight Corporation,2025-01-15 06:14,2025-01-15 07:45,2025-01-15 08:44,2025-01-15 09:09,2025-01-16,2025-01-16,On Time,0,Not Applicable,32204.69,443,1
TRIP007048,2025-01-15,PL05,Hyderabad Assembly Unit,Bhopal,Hyderabad - Bhopal,PD06,Electrical Cables,35.0,VH055,Trailer 40ft,35,TR09,Sunrise Logistics Solutions,2025-01-15 06:05,2025-01-15 08:26,2025-01-15 08:48,2025-01-15 09:10,2025-01-16,2025-01-16,On Time,0,Not Applicable,64719.95,805,1
TRIP007579,2025-01-16,PL05,Hyderabad Assembly Unit,Mumbai,Hyderabad - Mumbai,PD06,Electrical Cables,16.33,VH004,Container 20ft,18,TR06,Ganesh Roadlines,2025-01-16 08:43,2025-01-16 11:40,2025-01-16 12:03,2025-01-16 12:21,2025-01-17,2025-01-17,On Time,0,Not Applicable,26716.57,712,1
TRIP004041,2025-01-16,PL02,Chennai Production Plant,Guwahati,Chennai - Guwahati,PD02,Steel Pipes,30.21,VH035,Trailer 40ft,35,TR09,Sunrise Logistics Solutions,2025-01-16 09:51,2025-01-16 12:10,2025-01-16 13:04,2025-01-16 13:48,2025-01-20,2025-01-20,On Time,0,Not Applicable,201232.89,2850,1
TRIP004360,2025-01-17,PL05,Hyderabad Assembly Unit,Bhopal,Hyderabad - Bhopal,PD05,Auto Components,22.92,VH008,Container 32ft MXL,28,TR11,Reliable Roadways,2025-01-17 08:22,2025-01-17 10:01,2025-01-17 10:37,2025-01-17 10:50,2025-01-18,2025-01-18,On Time,0,Not Applicable,41003.51,748,1
TRIP003820,2025-01-18,PL05,Hyderabad Assembly Unit,Guwahati,Hyderabad - Guwahati,PD05,Auto Components,31.17,VH003,Trailer 40ft,35,TR17,United Freight Corporation,2025-01-18 08:03,2025-01-18 10:59,2025-01-18 11:42,2025-01-18 12:16,2025-01-21,2025-01-20,On Time,0,Not Applicable,149381.3,2047,1
TRIP003419,2025-01-19,PL04,Vadodara Processing Plant,Bhopal,Vadodara - Bhopal,PD07,Packaged Tiles,21.69,VH039,Container 32ft SXL,22,TR05,Speedway Logistics Pvt Ltd,2025-01-19 09:40,2025-01-19 12:40,2025-01-19 13:39,2025-01-19 14:12,2025-01-20,2025-01-20,On Time,0,Not Applicable,36181.53,591,1
TRIP000374,2025-01-19,PL05,Hyderabad Assembly Unit,Mumbai,Hyderabad - Mumbai,PD06,Electrical Cables,7.4,VH057,Open Truck 6 Tyre,9,TR14,Coastal Cargo Carriers,2025-01-19 10:13,2025-01-19 12:20,2025-01-19 12:36,2025-01-19 12:56,2025-01-20,2025-01-20,On Time,0,Not Applicable,12154.15,685,1
TRIP010994,2025-01-19,PL04,Vadodara Processing Plant,Jaipur,Vadodara - Jaipur,PD02,Steel Pipes,15.9,VH031,Container 20ft,18,TR17,United Freight Corporation,2025-01-19 06:13,2025-01-19 08:19,2025-01-19 08:35,2025-01-19 09:07,2025-01-20,2025-01-20,On Time,0,Not Applicable,28582.47,723,1
TRIP003939,2025-01-19,PL01,Pune Manufacturing Unit,Jaipur,Pune - Jaipur,PD07,Packaged Tiles,15.8,VH058,Open Truck 10 Tyre,16,TR18,Deccan Transport Co.,2025-01-19 07:15,2025-01-19 09:38,2025-01-19 10:25,2025-01-19 10:38,2025-01-20,2025-01-20,On Time,0,Not Applicable,46009.47,1106,1
TRIP005909,2025-01-20,PL04,Vadodara Processing Plant,Nagpur,Vadodara - Nagpur,PD05,Auto Components,13.78,VH006,Open Truck 10 Tyre,16,TR12,Trident Transport Services,2025-01-20 10:57,2025-01-20 11:47,2025-01-20 12:10,2025-01-20 12:20,2025-01-21,2025-01-23,Delayed,2,Vehicle Breakdown,26632.59,857,0
TRIP000409,2025-01-20,PL01,Pune Manufacturing Unit,Nagpur,Pune - Nagpur,PD05,Auto Components,25.92,VH015,Container 32ft MXL,28,TR08,Kaveri Cargo Movers,2025-01-20 08:42,2025-01-20 11:12,2025-01-20 11:43,2025-01-20 12:22,2025-01-21,2025-01-21,On Time,0,Not Applicable,28283.03,473,1
TRIP011702,2025-01-22,PL05,Hyderabad Assembly Unit,Guwahati,Hyderabad - Guwahati,PD02,Steel Pipes,28.0,VH008,Container 32ft MXL,28,TR11,Reliable Roadways,2025-01-22 07:36,2025-01-22 10:41,2025-01-22 11:32,2025-01-22 11:46,2025-01-25,2025-01-26,Delayed,1,Route Diversion,144954.54,2059,0
TRIP011479,2025-01-22,PL06,Indore Manufacturing Unit,Nagpur,Indore - Nagpur,PD02,Steel Pipes,16.47,VH031,Container 20ft,18,TR17,United Freight Corporation,2025-01-22 09:50,2025-01-22 12:26,2025-01-22 13:19,2025-01-22 13:32,2025-01-22,2025-01-22,On Time,0,Not Applicable,10114.22,262,1
TRIP009003,2025-01-23,PL05,Hyderabad Assembly Unit,Jaipur,Hyderabad - Jaipur,PD02,Steel Pipes,17.35,VH034,Container 20ft,18,TR13,Punjab Truck Union,2025-01-23 10:36,2025-01-23 12:47,2025-01-23 13:23,2025-01-23 13:34,2025-01-25,2025-01-25,On Time,0,Not Applicable,62908.35,1356,1
TRIP009831,2025-01-23,PL05,Hyderabad Assembly Unit,Guwahati,Hyderabad - Guwahati,PD07,Packaged Tiles,15.46,VH054,Container 20ft,18,TR13,Punjab Truck Union,2025-01-23 07:44,2025-01-23 10:09,2025-01-23 10:39,2025-01-23 10:57,2025-01-25,2025-01-25,On Time,0,Not Applicable,82856.56,2007,1
TRIP009762,2025-01-23,PL01,Pune Manufacturing Unit,Mumbai,Pune - Mumbai,PD06,Electrical Cables,7.97,VH028,Open Truck 6 Tyre,9,TR03,Vishal Transport Co.,2025-01-23 06:18,2025-01-23 08:07,2025-01-23 09:00,2025-01-23 09:35,2025-01-23,2025-01-23,On Time,0,Not Applicable,3746.39,152,1
TRIP007316,2025-01-23,PL01,Pune Manufacturing Unit,Bhopal,Pune - Bhopal,PD06,Electrical Cables,15.13,VH036,Container 32ft SXL,22,TR09,Sunrise Logistics Solutions,2025-01-23 07:32,2025-01-23 10:12,2025-01-23 10:35,2025-01-23 11:09,2025-01-24,2025-01-24,On Time,0,Not Applicable,23195.62,663,1
TRIP007285,2025-01-23,PL05,Hyderabad Assembly Unit,Nagpur,Hyderabad - Nagpur,PD05,Auto Components,24.78,VH002,Container 32ft MXL,28,TR06,Ganesh Roadlines,2025-01-23 09:28,2025-01-23 12:45,2025-01-23 13:08,2025-01-23 13:49,2025-01-24,2025-01-24,On Time,0,Not Applicable,27252.11,457,1
TRIP007020,2025-01-23,PL04,Vadodara Processing Plant,Nagpur,Vadodara - Nagpur,PD07,Packaged Tiles,10.53,VH046,Open Truck 10 Tyre,16,TR02,Shree Balaji Logistics,2025-01-23 07:05,2025-01-23 09:10,2025-01-23 10:03,2025-01-23 10:42,2025-01-24,2025-01-24,On Time,0,Not Applicable,19505.95,837,1
TRIP005636,2025-01-23,PL06,Indore Manufacturing Unit,Mumbai,Indore - Mumbai,PD06,Electrical Cables,7.96,VH037,Open Truck 6 Tyre,9,TR03,Vishal Transport Co.,2025-01-23 07:16,2025-01-23 10:42,2025-01-23 11:16,2025-01-23 11:31,2025-01-24,2025-01-24,On Time,0,Not Applicable,14399.51,648,1
TRIP010513,2025-01-24,PL05,Hyderabad Assembly Unit,Jaipur,Hyderabad - Jaipur,PD04,PVC Granules,13.7,VH021,Open Truck 10 Tyre,16,TR02,Shree Balaji Logistics,2025-01-24 08:29,2025-01-24 09:01,2025-01-24 09:35,2025-01-24 09:49,2025-01-26,2025-01-25,On Time,0,Not Applicable,43926.74,1438,1
TRIP001741,2025-01-24,PL01,Pune Manufacturing Unit,Nagpur,Pune - Nagpur,PD04,PVC Granules,23.71,VH008,Container 32ft MXL,28,TR11,Reliable Roadways,2025-01-24 10:32,2025-01-24 12:41,2025-01-24 13:04,2025-01-24 13:35,2025-01-25,2025-01-24,On Time,0,Not Applicable,28171.63,471,1
TRIP011792,2025-01-24,PL02,Chennai Production Plant,Bhopal,Chennai - Bhopal,PD06,Electrical Cables,18.73,VH047,Container 32ft SXL,22,TR07,Om Sai Transport,2025-01-24 07:38,2025-01-24 08:36,2025-01-24 09:16,2025-01-24 09:48,2025-01-26,2025-01-25,On Time,0,Not Applicable,68680.96,1538,1
TRIP002143,2025-01-25,PL06,Indore Manufacturing Unit,Nagpur,Indore - Nagpur,PD07,Packaged Tiles,17.82,VH004,Container 20ft,18,TR06,Ganesh Roadlines,2025-01-25 09:05,2025-01-25 12:28,2025-01-25 12:46,2025-01-25 13:07,2025-01-26,2025-01-25,On Time,0,Not Applicable,12252.12,274,1
TRIP007721,2025-01-25,PL05,Hyderabad Assembly Unit,Nagpur,Hyderabad - Nagpur,PD04,PVC Granules,25.93,VH017,Container 32ft MXL,28,TR06,Ganesh Roadlines,2025-01-25 08:45,2025-01-25 11:20,2025-01-25 12:07,2025-01-25 12:35,2025-01-26,2025-01-26,On Time,0,Not Applicable,32268.86,516,1
TRIP003373,2025-01-25,PL05,Hyderabad Assembly Unit,Nagpur,Hyderabad - Nagpur,PD04,PVC Granules,26.49,VH015,Container 32ft MXL,28,TR08,Kaveri Cargo Movers,2025-01-25 09:04,2025-01-25 11:18,2025-01-25 12:03,2025-01-25 12:14,2025-01-26,2025-01-28,Delayed,2,Toll/Checkpoint Delay,34268.08,511,0
TRIP010136,2025-01-26,PL05,Hyderabad Assembly Unit,Nagpur,Hyderabad - Nagpur,PD04,PVC Granules,8.88,VH050,Container 20ft,18,TR18,Deccan Transport Co.,2025-01-26 08:12,2025-01-26 10:56,2025-01-26 11:44,2025-01-26 12:14,2025-01-27,2025-01-26,On Time,0,Not Applicable,12178.48,520,1
TRIP010744,2025-01-26,PL05,Hyderabad Assembly Unit,Nagpur,Hyderabad - Nagpur,PD05,Auto Components,20.48,VH039,Container 32ft SXL,22,TR05,Speedway Logistics Pvt Ltd,2025-01-26 09:51,2025-01-26 12:06,2025-01-26 12:59,2025-01-26 13:11,2025-01-27,2025-01-27,On Time,0,Not Applicable,26903.7,507,1
TRIP001176,2025-01-26,PL05,Hyderabad Assembly Unit,Bhopal,Hyderabad - Bhopal,PD06,Electrical Cables,16.63,VH034,Container 20ft,18,TR13,Punjab Truck Union,2025-01-26 10:09,2025-01-26 10:42,2025-01-26 11:25,2025-01-26 12:07,2025-01-27,2025-01-27,On Time,0,Not Applicable,37421.23,872,1
TRIP007117,2025-01-26,PL05,Hyderabad Assembly Unit,Jaipur,Hyderabad - Jaipur,PD03,Cement Bags,8.84,VH046,Open Truck 10 Tyre,16,TR02,Shree Balaji Logistics,2025-01-26 08:01,2025-01-26 08:48,2025-01-26 09:25,2025-01-26 09:46,2025-01-28,2025-01-28,On Time,0,Not Applicable,28010.99,1388,1
TRIP004845,2025-01-28,PL05,Hyderabad Assembly Unit,Jaipur,Hyderabad - Jaipur,PD04,PVC Granules,27.49,VH051,Trailer 40ft,35,TR07,Om Sai Transport,2025-01-28 10:25,2025-01-28 13:05,2025-01-28 14:04,2025-01-28 14:35,2025-01-30,2025-01-30,On Time,0,Not Applicable,90155.48,1456,1
TRIP000201,2025-01-28,PL05,Hyderabad Assembly Unit,Bengaluru,Hyderabad - Bengaluru,PD08,Textile Rolls,8.99,VH037,Open Truck 6 Tyre,9,TR03,Vishal Transport Co.,2025-01-28 07:50,2025-01-28 10:37,2025-01-28 11:04,2025-01-28 11:15,2025-01-29,2025-01-28,On Time,0,Not Applicable,15652.6,656,1
TRIP002418,2025-01-29,PL05,Hyderabad Assembly Unit,Nagpur,Hyderabad - Nagpur,PD04,PVC Granules,13.35,VH052,Open Truck 10 Tyre,16,TR17,United Freight Corporation,2025-01-29 06:21,2025-01-29 09:17,2025-01-29 09:50,2025-01-29 10:32,2025-01-30,2025-01-30,On Time,0,Not Applicable,15704.86,482,1
TRIP006878,2025-01-29,PL04,Vadodara Processing Plant,Bhopal,Vadodara - Bhopal,PD08,Textile Rolls,15.36,VH007,Open Truck 10 Tyre,16,TR03,Vishal Transport Co.,2025-01-29 09:22,2025-01-29 10:59,2025-01-29 11:55,2025-01-29 12:05,2025-01-30,2025-01-30,On Time,0,Not Applicable,23397.36,595,1
TRIP005772,2025-01-30,PL04,Vadodara Processing Plant,Mumbai,Vadodara - Mumbai,PD06,Electrical Cables,13.74,VH052,Open Truck 10 Tyre,16,TR17,United Freight Corporation,2025-01-30 10:18,2025-01-30 11:03,2025-01-30 11:59,2025-01-30 12:27,2025-01-31,2025-01-31,On Time,0,Not Applicable,17181.86,521,1
TRIP002565,2025-01-31,PL05,Hyderabad Assembly Unit,Nagpur,Hyderabad - Nagpur,PD05,Auto Components,13.37,VH042,Container 32ft SXL,22,TR12,Trident Transport Services,2025-01-31 07:37,2025-01-31 10:02,2025-01-31 10:46,2025-01-31 11:08,2025-02-01,2025-01-31,On Time,0,Not Applicable,16657.73,522,1
TRIP005029,2025-01-31,PL02,Chennai Production Plant,Guwahati,Chennai - Guwahati,PD01,Steel Coils,12.66,VH036,Container 32ft SXL,22,TR09,Sunrise Logistics Solutions,2025-01-31 07:20,2025-01-31 09:48,2025-01-31 10:11,2025-01-31 10:25,2025-02-03,2025-02-06,Delayed,3,Traffic Congestion,85730.97,2919,0
TRIP009864,2025-02-01,PL05,Hyderabad Assembly Unit,Ahmedabad,Hyderabad - Ahmedabad,PD02,Steel Pipes,15.18,VH007,Open Truck 10 Tyre,16,TR03,Vishal Transport Co.,2025-02-01 10:12,2025-02-01 12:53,2025-02-01 13:42,2025-02-01 13:54,2025-02-02,2025-02-03,Delayed,1,Route Diversion,40917.84,1039,0
TRIP008338,2025-02-01,PL05,Hyderabad Assembly Unit,Mumbai,Hyderabad - Mumbai,PD06,Electrical Cables,17.3,VH031,Container 20ft,18,TR17,United Freight Corporation,2025-02-01 07:12,2025-02-01 09:11,2025-02-01 09:39,2025-02-01 10:08,2025-02-02,2025-02-02,On Time,0,Not Applicable,33652.68,807,1
TRIP006683,2025-02-01,PL02,Chennai Production Plant,Patna,Chennai - Patna,PD08,Textile Rolls,6.0,VH030,Open Truck 6 Tyre,9,TR10,Metro Freight Carriers,2025-02-01 09:59,2025-02-01 11:46,2025-02-01 12:42,2025-02-01 13:01,2025-02-04,2025-02-04,On Time,0,Not Applicable,31444.55,2384,1
TRIP000462,2025-02-01,PL05,Hyderabad Assembly Unit,Guwahati,Hyderabad - Guwahati,PD07,Packaged Tiles,29.21,VH056,Trailer 40ft,35,TR05,Speedway Logistics Pvt Ltd,2025-02-01 08:13,2025-02-01 09:24,2025-02-01 10:23,2025-02-01 11:06,2025-02-04,2025-02-04,On Time,0,Not Applicable,167568.62,2181,1
TRIP010610,2025-02-02,PL02,Chennai Production Plant,Mumbai,Chennai - Mumbai,PD06,Electrical Cables,32.51,VH003,Trailer 40ft,35,TR17,United Freight Corporation,2025-02-02 08:07,2025-02-02 09:31,2025-02-02 09:52,2025-02-02 10:36,2025-02-04,2025-02-04,On Time,0,Not Applicable,94513.18,1221,1
TRIP010516,2025-02-02,PL02,Chennai Production Plant,Mumbai,Chennai - Mumbai,PD01,Steel Coils,27.24,VH020,Container 32ft MXL,28,TR01,Bharat Road Carriers,2025-02-02 06:55,2025-02-02 08:53,2025-02-02 09:40,2025-02-02 10:22,2025-02-04,2025-02-03,On Time,0,Not Applicable,72297.53,1305,1
TRIP007497,2025-02-02,PL06,Indore Manufacturing Unit,Nagpur,Indore - Nagpur,PD08,Textile Rolls,16.54,VH024,Container 20ft,18,TR14,Coastal Cargo Carriers,2025-02-02 09:34,2025-02-02 11:26,2025-02-02 12:23,2025-02-02 12:56,2025-02-02,2025-02-02,On Time,0,Not Applicable,11591.13,283,1
TRIP001370,2025-02-03,PL05,Hyderabad Assembly Unit,Mumbai,Hyderabad - Mumbai,PD06,Electrical Cables,9.0,VH037,Open Truck 6 Tyre,9,TR03,Vishal Transport Co.,2025-02-03 08:13,2025-02-03 10:47,2025-02-03 11:14,2025-02-03 11:32,2025-02-04,2025-02-04,On Time,0,Not Applicable,16410.52,724,1
TRIP010748,2025-02-04,PL05,Hyderabad Assembly Unit,Bhopal,Hyderabad - Bhopal,PD04,PVC Granules,13.68,VH058,Open Truck 10 Tyre,16,TR18,Deccan Transport Co.,2025-02-04 08:19,2025-02-04 10:56,2025-02-04 11:52,2025-02-04 12:35,2025-02-05,2025-02-05,On Time,0,Not Applicable,28705.93,760,1
TRIP011258,2025-02-04,PL06,Indore Manufacturing Unit,Nagpur,Indore - Nagpur,PD01,Steel Coils,31.96,VH005,Trailer 40ft,35,TR08,Kaveri Cargo Movers,2025-02-04 07:07,2025-02-04 09:30,2025-02-04 10:00,2025-02-04 10:11,2025-02-05,2025-02-04,On Time,0,Not Applicable,21735.28,291,1
TRIP008135,2025-02-04,PL03,Ludhiana Fabrication Unit,Ahmedabad,Ludhiana - Ahmedabad,PD01,Steel Coils,19.51,VH033,Container 32ft SXL,22,TR09,Sunrise Logistics Solutions,2025-02-04 06:04,2025-02-04 06:51,2025-02-04 07:37,2025-02-04 07:58,2025-02-05,2025-02-05,On Time,0,Not Applicable,47037.21,1105,1
TRIP008127,2025-02-05,PL01,Pune Manufacturing Unit,Jaipur,Pune - Jaipur,PD01,Steel Coils,8.16,VH028,Open Truck 6 Tyre,9,TR03,Vishal Transport Co.,2025-02-05 06:31,2025-02-05 08:34,2025-02-05 09:05,2025-02-05 09:19,2025-02-06,2025-02-06,On Time,0,Not Applicable,23075.43,1132,1
TRIP003432,2025-02-05,PL04,Vadodara Processing Plant,Ahmedabad,Vadodara - Ahmedabad,PD03,Cement Bags,25.59,VH022,Container 32ft MXL,28,TR02,Shree Balaji Logistics,2025-02-05 06:02,2025-02-05 07:50,2025-02-05 08:40,2025-02-05 09:22,2025-02-05,2025-02-05,On Time,0,Not Applicable,7319.04,114,1
TRIP005083,2025-02-05,PL02,Chennai Production Plant,Nagpur,Chennai - Nagpur,PD07,Packaged Tiles,13.75,VH029,Open Truck 10 Tyre,16,TR17,United Freight Corporation,2025-02-05 07:24,2025-02-05 08:20,2025-02-05 08:43,2025-02-05 09:19,2025-02-06,2025-02-06,On Time,0,Not Applicable,39964.04,1285,1
TRIP000361,2025-02-06,PL04,Vadodara Processing Plant,Bhopal,Vadodara - Bhopal,PD05,Auto Components,22.0,VH009,Container 32ft SXL,22,TR10,Metro Freight Carriers,2025-02-06 07:10,2025-02-06 08:36,2025-02-06 09:25,2025-02-06 09:43,2025-02-07,2025-02-07,On Time,0,Not Applicable,31673.58,619,1
TRIP006907,2025-02-06,PL05,Hyderabad Assembly Unit,Jaipur,Hyderabad - Jaipur,PD05,Auto Components,8.04,VH060,Open Truck 6 Tyre,9,TR15,Apex Logistics India,2025-02-06 06:39,2025-02-06 08:26,2025-02-06 08:53,2025-02-06 09:18,2025-02-07,2025-02-07,On Time,0,Not Applicable,27342.36,1270,1
TRIP001374,2025-02-07,PL05,Hyderabad Assembly Unit,Bhopal,Hyderabad - Bhopal,PD03,Cement Bags,16.0,VH021,Open Truck 10 Tyre,16,TR02,Shree Balaji Logistics,2025-02-07 10:36,2025-02-07 12:56,2025-02-07 13:55,2025-02-07 14:12,2025-02-08,2025-02-08,On Time,0,Not Applicable,27759.32,796,1
TRIP009599,2025-02-07,PL05,Hyderabad Assembly Unit,Nagpur,Hyderabad - Nagpur,PD01,Steel Coils,15.05,VH058,Open Truck 10 Tyre,16,TR18,Deccan Transport Co.,2025-02-07 06:21,2025-02-07 09:00,2025-02-07 09:24,2025-02-07 09:52,2025-02-08,2025-02-07,On Time,0,Not Applicable,20080.98,482,1
TRIP007827,2025-02-08,PL01,Pune Manufacturing Unit,Bengaluru,Pune - Bengaluru,PD04,PVC Granules,24.57,VH011,Container 32ft MXL,28,TR18,Deccan Transport Co.,2025-02-08 07:50,2025-02-08 09:10,2025-02-08 10:02,2025-02-08 10:42,2025-02-09,2025-02-09,On Time,0,Not Applicable,57761.03,851,1
TRIP005043,2025-02-08,PL04,Vadodara Processing Plant,Mumbai,Vadodara - Mumbai,PD03,Cement Bags,12.67,VH018,Container 32ft SXL,22,TR04,National Freight Movers,2025-02-08 09:14,2025-02-08 10:41,2025-02-08 11:18,2025-02-08 11:32,2025-02-09,2025-02-09,On Time,0,Not Applicable,17498.03,549,1
TRIP003117,2025-02-08,PL02,Chennai Production Plant,Nagpur,Chennai - Nagpur,PD06,Electrical Cables,8.58,VH048,Open Truck 6 Tyre,9,TR03,Vishal Transport Co.,2025-02-08 06:24,2025-02-08 09:17,2025-02-08 09:39,2025-02-08 10:22,2025-02-10,2025-02-09,On Time,0,Not Applicable,31398.73,1356,1
TRIP008517,2025-02-08,PL05,Hyderabad Assembly Unit,Nagpur,Hyderabad - Nagpur,PD05,Auto Components,17.29,VH031,Container 20ft,18,TR17,United Freight Corporation,2025-02-08 09:43,2025-02-08 10:43,2025-02-08 11:18,2025-02-08 12:01,2025-02-09,2025-02-09,On Time,0,Not Applicable,22077.31,515,1
TRIP010182,2025-02-09,PL05,Hyderabad Assembly Unit,Guwahati,Hyderabad - Guwahati,PD06,Electrical Cables,16.97,VH054,Container 20ft,18,TR13,Punjab Truck Union,2025-02-09 08:31,2025-02-09 10:21,2025-02-09 11:13,2025-02-09 11:54,2025-02-11,2025-02-11,On Time,0,Not Applicable,96118.32,2138,1
TRIP009148,2025-02-09,PL05,Hyderabad Assembly Unit,Bhopal,Hyderabad - Bhopal,PD06,Electrical Cables,30.5,VH005,Trailer 40ft,35,TR08,Kaveri Cargo Movers,2025-02-09 09:04,2025-02-09 10:57,2025-02-09 11:31,2025-02-09 11:59,2025-02-10,2025-02-10,On Time,0,Not Applicable,56413.85,775,1
TRIP000120,2025-02-09,PL02,Chennai Production Plant,Mumbai,Chennai - Mumbai,PD04,PVC Granules,9.0,VH037,Open Truck 6 Tyre,9,TR03,Vishal Transport Co.,2025-02-09 08:00,2025-02-09 11:18,2025-02-09 11:48,2025-02-09 12:13,2025-02-10,2025-02-10,On Time,0,Not Applicable,28881.15,1240,1
TRIP011639,2025-02-10,PL06,Indore Manufacturing Unit,Guwahati,Indore - Guwahati,PD08,Textile Rolls,28.0,VH045,Container 32ft MXL,28,TR18,Deccan Transport Co.,2025-02-10 07:53,2025-02-10 10:23,2025-02-10 11:16,2025-02-10 11:27,2025-02-12,2025-02-12,On Time,0,Not Applicable,119479.68,1709,1
TRIP011578,2025-02-11,PL05,Hyderabad Assembly Unit,Guwahati,Hyderabad - Guwahati,PD04,PVC Granules,17.36,VH049,Container 20ft,18,TR07,Om Sai Transport,2025-02-11 06:54,2025-02-11 09:09,2025-02-11 09:50,2025-02-11 10:13,2025-02-13,2025-02-13,On Time,0,Not Applicable,90520.73,2134,1
TRIP009323,2025-02-11,PL01,Pune Manufacturing Unit,Bhopal,Pune - Bhopal,PD01,Steel Coils,17.98,VH031,Container 20ft,18,TR17,United Freight Corporation,2025-02-11 09:42,2025-02-11 11:41,2025-02-11 11:59,2025-02-11 12:30,2025-02-12,2025-02-12,On Time,0,Not Applicable,29393.61,691,1
TRIP004955,2025-02-11,PL04,Vadodara Processing Plant,Patna,Vadodara - Patna,PD04,PVC Granules,6.42,VH057,Open Truck 6 Tyre,9,TR14,Coastal Cargo Carriers,2025-02-11 10:42,2025-02-11 12:22,2025-02-11 13:00,2025-02-11 13:43,2025-02-13,2025-02-13,On Time,0,Not Applicable,25322.42,1594,1
TRIP007884,2025-02-11,PL05,Hyderabad Assembly Unit,Bhopal,Hyderabad - Bhopal,PD03,Cement Bags,22.58,VH045,Container 32ft MXL,28,TR18,Deccan Transport Co.,2025-02-11 06:53,2025-02-11 08:37,2025-02-11 09:27,2025-02-11 10:02,2025-02-12,2025-02-12,On Time,0,Not Applicable,46918.84,772,1
TRIP007607,2025-02-12,PL04,Vadodara Processing Plant,Patna,Vadodara - Patna,PD06,Electrical Cables,15.28,VH053,Open Truck 10 Tyre,16,TR09,Sunrise Logistics Solutions,2025-02-12 07:32,2025-02-12 11:01,2025-02-12 11:45,2025-02-12 12:09,2025-02-14,2025-02-14,On Time,0,Not Applicable,54452.93,1589,1
TRIP010737,2025-02-12,PL05,Hyderabad Assembly Unit,Nagpur,Hyderabad - Nagpur,PD08,Textile Rolls,18.49,VH033,Container 32ft SXL,22,TR09,Sunrise Logistics Solutions,2025-02-12 10:33,2025-02-12 12:04,2025-02-12 12:56,2025-02-12 13:06,2025-02-13,2025-02-13,On Time,0,Not Applicable,21458.49,512,1
TRIP004608,2025-02-12,PL01,Pune Manufacturing Unit,Nagpur,Pune - Nagpur,PD05,Auto Components,12.2,VH046,Open Truck 10 Tyre,16,TR02,Shree Balaji Logistics,2025-02-12 07:18,2025-02-12 09:35,2025-02-12 10:13,2025-02-12 10:53,2025-02-13,2025-02-12,On Time,0,Not Applicable,14729.16,491,1
TRIP010810,2025-02-13,PL05,Hyderabad Assembly Unit,Nagpur,Hyderabad - Nagpur,PD01,Steel Coils,21.5,VH039,Container 32ft SXL,22,TR05,Speedway Logistics Pvt Ltd,2025-02-13 10:55,2025-02-13 12:41,2025-02-13 13:36,2025-02-13 14:09,2025-02-14,2025-02-14,On Time,0,Not Applicable,27958.72,497,1
TRIP008686,2025-02-13,PL04,Vadodara Processing Plant,Bhopal,Vadodara - Bhopal,PD06,Electrical Cables,18.0,VH031,Container 20ft,18,TR17,United Freight Corporation,2025-02-13 07:07,2025-02-13 09:37,2025-02-13 10:08,2025-02-13 10:25,2025-02-14,2025-02-13,On Time,0,Not Applicable,26319.69,631,1
TRIP000246,2025-02-13,PL05,Hyderabad Assembly Unit,Nagpur,Hyderabad - Nagpur,PD04,PVC Granules,17.52,VH023,Container 32ft SXL,22,TR14,Coastal Cargo Carriers,2025-02-13 08:59,2025-02-13 10:57,2025-02-13 11:21,2025-02-13 11:31,2025-02-14,2025-02-14,On Time,0,Not Applicable,20580.78,476,1
TRIP009121,2025-02-13,PL05,Hyderabad Assembly Unit,Mumbai,Hyderabad - Mumbai,PD04,PVC Granules,7.94,VH060,Open Truck 6 Tyre,9,TR15,Apex Logistics India,2025-02-13 08:24,2025-02-13 10:49,2025-02-13 11:41,2025-02-13 12:01,2025-02-14,2025-02-14,On Time,0,Not Applicable,14739.33,653,1
TRIP008558,2025-02-13,PL02,Chennai Production Plant,Jaipur,Chennai - Jaipur,PD05,Auto Components,15.6,VH054,Container 20ft,18,TR13,Punjab Truck Union,2025-02-13 07:18,2025-02-13 08:49,2025-02-13 09:27,2025-02-13 10:07,2025-02-15,2025-02-16,Delayed,1,Customer Site Congestion,77488.76,2076,0
TRIP005509,2025-02-13,PL02,Chennai Production Plant,Guwahati,Chennai - Guwahati,PD06,Electrical Cables,7.56,VH060,Open Truck 6 Tyre,9,TR15,Apex Logistics India,2025-02-13 09:45,2025-02-13 12:00,2025-02-13 12:40,2025-02-13 13:08,2025-02-16,2025-02-16,On Time,0,Not Applicable,54403.17,2856,1
TRIP011193,2025-02-15,PL05,Hyderabad Assembly Unit,Bhopal,Hyderabad - Bhopal,PD02,Steel Pipes,22.0,VH040,Container 32ft SXL,22,TR06,Ganesh Roadlines,2025-02-15 07:08,2025-02-15 09:48,2025-02-15 10:34,2025-02-15 11:03,2025-02-16,2025-02-16,On Time,0,Not Applicable,40450.98,798,1
TRIP004602,2025-02-15,PL05,Hyderabad Assembly Unit,Guwahati,Hyderabad - Guwahati,PD08,Textile Rolls,24.89,VH002,Container 32ft MXL,28,TR06,Ganesh Roadlines,2025-02-15 06:26,2025-02-15 08:34,2025-02-15 09:03,2025-02-15 09:43,2025-02-17,2025-02-17,On Time,0,Not Applicable,120025.66,2131,1
TRIP009844,2025-02-15,PL05,Hyderabad Assembly Unit,Guwahati,Hyderabad - Guwahati,PD02,Steel Pipes,16.36,VH001,Container 20ft,18,TR16,Shakti Road Carriers,2025-02-15 07:38,2025-02-15 09:09,2025-02-15 09:43,2025-02-15 10:18,2025-02-17,2025-02-17,On Time,0,Not Applicable,84041.66,2078,1
TRIP011257,2025-02-15,PL02,Chennai Production Plant,Jaipur,Chennai - Jaipur,PD08,Textile Rolls,22.0,VH039,Container 32ft SXL,22,TR05,Speedway Logistics Pvt Ltd,2025-02-15 08:06,2025-02-15 10:33,2025-02-15 10:57,2025-02-15 11:32,2025-02-18,2025-02-17,On Time,0,Not Applicable,135943.8,2236,1
TRIP004920,2025-02-15,PL02,Chennai Production Plant,Guwahati,Chennai - Guwahati,PD02,Steel Pipes,27.54,VH005,Trailer 40ft,35,TR08,Kaveri Cargo Movers,2025-02-15 06:23,2025-02-15 08:42,2025-02-15 09:09,2025-02-15 09:46,2025-02-18,2025-02-18,On Time,0,Not Applicable,168093.22,2652,1
TRIP011923,2025-02-15,PL05,Hyderabad Assembly Unit,Nagpur,Hyderabad - Nagpur,PD05,Auto Components,26.04,VH008,Container 32ft MXL,28,TR11,Reliable Roadways,2025-02-15 10:43,2025-02-15 12:19,2025-02-15 13:17,2025-02-15 13:46,2025-02-16,2025-02-16,On Time,0,Not Applicable,33952.5,519,1
TRIP002168,2025-02-16,PL05,Hyderabad Assembly Unit,Bhopal,Hyderabad - Bhopal,PD03,Cement Bags,27.46,VH045,Container 32ft MXL,28,TR18,Deccan Transport Co.,2025-02-16 08:17,2025-02-16 10:55,2025-02-16 11:29,2025-02-16 11:48,2025-02-17,2025-02-17,On Time,0,Not Applicable,54670.27,755,1
TRIP011959,2025-02-16,PL05,Hyderabad Assembly Unit,Mumbai,Hyderabad - Mumbai,PD02,Steel Pipes,25.72,VH022,Container 32ft MXL,28,TR02,Shree Balaji Logistics,2025-02-16 07:51,2025-02-16 10:25,2025-02-16 11:08,2025-02-16 11:31,2025-02-17,2025-02-17,On Time,0,Not Applicable,39391.57,696,1
TRIP009058,2025-02-16,PL05,Hyderabad Assembly Unit,Jaipur,Hyderabad - Jaipur,PD08,Textile Rolls,31.37,VH051,Trailer 40ft,35,TR07,Om Sai Transport,2025-02-16 08:54,2025-02-16 10:13,2025-02-16 10:38,2025-02-16 11:18,2025-02-18,2025-02-17,On Time,0,Not Applicable,102853.27,1388,1
TRIP004383,2025-02-18,PL04,Vadodara Processing Plant,Bhopal,Vadodara - Bhopal,PD08,Textile Rolls,27.32,VH056,Trailer 40ft,35,TR05,Speedway Logistics Pvt Ltd,2025-02-18 07:03,2025-02-18 08:26,2025-02-18 09:19,2025-02-18 10:00,2025-02-19,2025-02-19,On Time,0,Not Applicable,43889.13,577,1
TRIP006801,2025-02-18,PL01,Pune Manufacturing Unit,Kolkata,Pune - Kolkata,PD04,PVC Granules,20.87,VH026,Container 32ft SXL,22,TR09,Sunrise Logistics Solutions,2025-02-18 07:33,2025-02-18 08:46,2025-02-18 09:19,2025-02-18 09:30,2025-02-21,2025-02-20,On Time,0,Not Applicable,94447.68,2006,1
TRIP003814,2025-02-18,PL01,Pune Manufacturing Unit,Bhopal,Pune - Bhopal,PD04,PVC Granules,14.64,VH023,Container 32ft SXL,22,TR14,Coastal Cargo Carriers,2025-02-18 06:05,2025-02-18 09:20,2025-02-18 09:42,2025-02-18 09:54,2025-02-19,2025-02-19,On Time,0,Not Applicable,25828.5,717,1
TRIP005668,2025-02-19,PL05,Hyderabad Assembly Unit,Bhopal,Hyderabad - Bhopal,PD01,Steel Coils,16.28,VH019,Container 20ft,18,TR07,Om Sai Transport,2025-02-19 06:18,2025-02-19 07:14,2025-02-19 08:12,2025-02-19 08:40,2025-02-20,2025-02-20,On Time,0,Not Applicable,30024.06,744,1
TRIP004618,2025-02-19,PL05,Hyderabad Assembly Unit,Guwahati,Hyderabad - Guwahati,PD08,Textile Rolls,28.0,VH038,Container 32ft MXL,28,TR07,Om Sai Transport,2025-02-19 07:17,2025-02-19 09:28,2025-02-19 10:15,2025-02-19 10:29,2025-02-22,2025-02-21,On Time,0,Not Applicable,154798.96,2303,1
TRIP009385,2025-02-20,PL02,Chennai Production Plant,Delhi NCR,Chennai - Delhi NCR,PD08,Textile Rolls,13.18,VH052,Open Truck 10 Tyre,16,TR17,United Freight Corporation,2025-02-20 08:25,2025-02-20 10:59,2025-02-20 11:15,2025-02-20 11:46,2025-02-22,2025-02-22,On Time,0,Not Applicable,65741.21,2223,1
TRIP005365,2025-02-20,PL05,Hyderabad Assembly Unit,Bhopal,Hyderabad - Bhopal,PD03,Cement Bags,20.93,VH047,Container 32ft SXL,22,TR07,Om Sai Transport,2025-02-20 09:25,2025-02-20 11:45,2025-02-20 12:18,2025-02-20 12:39,2025-02-21,2025-02-21,On Time,0,Not Applicable,39544.66,773,1
TRIP006106,2025-02-21,PL01,Pune Manufacturing Unit,Guwahati,Pune - Guwahati,PD06,Electrical Cables,21.22,VH041,Container 32ft SXL,22,TR13,Punjab Truck Union,2025-02-21 08:51,2025-02-21 11:23,2025-02-21 11:44,2025-02-21 12:13,2025-02-24,2025-02-24,On Time,0,Not Applicable,130071.51,2570,1
TRIP005096,2025-02-21,PL02,Chennai Production Plant,Mumbai,Chennai - Mumbai,PD06,Electrical Cables,22.24,VH002,Container 32ft MXL,28,TR06,Ganesh Roadlines,2025-02-21 10:48,2025-02-21 13:37,2025-02-21 14:35,2025-02-21 15:02,2025-02-23,2025-02-22,On Time,0,Not Applicable,66521.54,1290,1
TRIP003289,2025-02-22,PL02,Chennai Production Plant,Mumbai,Chennai - Mumbai,PD01,Steel Coils,24.67,VH020,Container 32ft MXL,28,TR01,Bharat Road Carriers,2025-02-22 10:29,2025-02-22 12:05,2025-02-22 12:24,2025-02-22 12:42,2025-02-24,2025-02-24,On Time,0,Not Applicable,62232.79,1229,1
TRIP000534,2025-02-22,PL05,Hyderabad Assembly Unit,Guwahati,Hyderabad - Guwahati,PD07,Packaged Tiles,29.07,VH035,Trailer 40ft,35,TR09,Sunrise Logistics Solutions,2025-02-22 07:44,2025-02-22 09:46,2025-02-22 10:03,2025-02-22 10:43,2025-02-25,2025-02-24,On Time,0,Not Applicable,134800.69,2066,1
TRIP003530,2025-02-23,PL02,Chennai Production Plant,Mumbai,Chennai - Mumbai,PD03,Cement Bags,21.5,VH040,Container 32ft SXL,22,TR06,Ganesh Roadlines,2025-02-23 08:25,2025-02-23 09:04,2025-02-23 09:53,2025-02-23 10:23,2025-02-25,2025-02-24,On Time,0,Not Applicable,65780.57,1303,1
TRIP008032,2025-02-23,PL05,Hyderabad Assembly Unit,Bhopal,Hyderabad - Bhopal,PD04,PVC Granules,6.28,VH030,Open Truck 6 Tyre,9,TR10,Metro Freight Carriers,2025-02-23 10:30,2025-02-23 14:17,2025-02-23 15:05,2025-02-23 15:43,2025-02-24,2025-02-24,On Time,0,Not Applicable,11860.17,804,1
TRIP007638,2025-02-24,PL01,Pune Manufacturing Unit,Bhopal,Pune - Bhopal,PD05,Auto Components,6.62,VH057,Open Truck 6 Tyre,9,TR14,Coastal Cargo Carriers,2025-02-24 10:48,2025-02-24 13:50,2025-02-24 14:24,2025-02-24 14:53,2025-02-25,2025-02-25,On Time,0,Not Applicable,12052.78,690,1
TRIP007602,2025-02-25,PL04,Vadodara Processing Plant,Guwahati,Vadodara - Guwahati,PD07,Packaged Tiles,31.33,VH051,Trailer 40ft,35,TR07,Om Sai Transport,2025-02-25 07:50,2025-02-25 09:17,2025-02-25 09:50,2025-02-25 10:19,2025-02-28,2025-02-28,On Time,0,Not Applicable,185674.7,2520,1
TRIP007334,2025-02-25,PL05,Hyderabad Assembly Unit,Nagpur,Hyderabad - Nagpur,PD02,Steel Pipes,13.4,VH007,Open Truck 10 Tyre,16,TR03,Vishal Transport Co.,2025-02-25 06:30,2025-02-25 09:05,2025-02-25 09:32,2025-02-25 10:14,2025-02-26,2025-02-25,On Time,0,Not Applicable,15488.69,441,1
TRIP010924,2025-02-26,PL04,Vadodara Processing Plant,Mumbai,Vadodara - Mumbai,PD01,Steel Coils,24.42,VH008,Container 32ft MXL,28,TR11,Reliable Roadways,2025-02-26 10:33,2025-02-26 12:41,2025-02-26 13:21,2025-02-26 14:03,2025-02-27,2025-02-27,On Time,0,Not Applicable,31291.75,501,1
TRIP001112,2025-02-26,PL02,Chennai Production Plant,Mumbai,Chennai - Mumbai,PD05,Auto Components,29.33,VH005,Trailer 40ft,35,TR08,Kaveri Cargo Movers,2025-02-26 10:48,2025-02-26 13:21,2025-02-26 13:42,2025-02-26 14:02,2025-02-28,2025-02-28,On Time,0,Not Applicable,88856.77,1276,1
TRIP010558,2025-02-26,PL02,Chennai Production Plant,Mumbai,Chennai - Mumbai,PD01,Steel Coils,26.13,VH020,Container 32ft MXL,28,TR01,Bharat Road Carriers,2025-02-26 06:31,2025-02-26 08:09,2025-02-26 09:05,2025-02-26 09:37,2025-02-28,2025-02-27,On Time,0,Not Applicable,74565.25,1390,1
TRIP000215,2025-02-26,PL05,Hyderabad Assembly Unit,Guwahati,Hyderabad - Guwahati,PD02,Steel Pipes,14.64,VH021,Open Truck 10 Tyre,16,TR02,Shree Balaji Logistics,2025-02-26 07:31,2025-02-26 09:04,2025-02-26 09:58,2025-02-26 10:38,2025-02-28,2025-02-28,On Time,0,Not Applicable,69333.92,2105,1
TRIP010847,2025-02-26,PL02,Chennai Production Plant,Guwahati,Chennai - Guwahati,PD04,PVC Granules,26.3,VH038,Container 32ft MXL,28,TR07,Om Sai Transport,2025-02-26 06:49,2025-02-26 09:33,2025-02-26 10:31,2025-02-26 10:42,2025-03-02,2025-03-01,On Time,0,Not Applicable,181189.05,3009,1
TRIP001415,2025-02-27,PL05,Hyderabad Assembly Unit,Mumbai,Hyderabad - Mumbai,PD06,Electrical Cables,13.69,VH052,Open Truck 10 Tyre,16,TR17,United Freight Corporation,2025-02-27 10:54,2025-02-27 13:17,2025-02-27 13:48,2025-02-27 14:29,2025-02-28,2025-02-28,On Time,0,Not Applicable,24407.89,764,1
TRIP006364,2025-02-27,PL05,Hyderabad Assembly Unit,Nagpur,Hyderabad - Nagpur,PD07,Packaged Tiles,10.64,VH046,Open Truck 10 Tyre,16,TR02,Shree Balaji Logistics,2025-02-27 08:10,2025-02-27 10:08,2025-02-27 10:55,2025-02-27 11:29,2025-02-28,2025-02-27,On Time,0,Not Applicable,12818.34,510,1
TRIP008499,2025-02-27,PL05,Hyderabad Assembly Unit,Nagpur,Hyderabad - Nagpur,PD04,PVC Granules,16.14,VH049,Container 20ft,18,TR07,Om Sai Transport,2025-02-27 07:22,2025-02-27 09:07,2025-02-27 09:51,2025-02-27 10:26,2025-02-28,2025-02-28,On Time,0,Not Applicable,20399.98,543,1
TRIP007489,2025-02-28,PL05,Hyderabad Assembly Unit,Jaipur,Hyderabad - Jaipur,PD05,Auto Components,16.0,VH006,Open Truck 10 Tyre,16,TR12,Trident Transport Services,2025-02-28 08:06,2025-02-28 08:50,2025-02-28 09:22,2025-02-28 10:05,2025-03-02,2025-03-02,On Time,0,Not Applicable,50917.75,1334,1
TRIP011880,2025-03-01,PL05,Hyderabad Assembly Unit,Nagpur,Hyderabad - Nagpur,PD03,Cement Bags,15.82,VH053,Open Truck 10 Tyre,16,TR09,Sunrise Logistics Solutions,2025-03-01 09:50,2025-03-01 11:48,2025-03-01 12:22,2025-03-01 12:55,2025-03-02,2025-03-02,On Time,0,Not Applicable,17779.57,501,1
TRIP002699,2025-03-01,PL05,Hyderabad Assembly Unit,Kolkata,Hyderabad - Kolkata,PD07,Packaged Tiles,15.17,VH007,Open Truck 10 Tyre,16,TR03,Vishal Transport Co.,2025-03-01 10:08,2025-03-01 12:14,2025-03-01 12:40,2025-03-01 13:04,2025-03-03,2025-03-03,On Time,0,Not Applicable,61604.67,1644,1
TRIP010448,2025-03-01,PL02,Chennai Production Plant,Bhopal,Chennai - Bhopal,PD07,Packaged Tiles,8.16,VH048,Open Truck 6 Tyre,9,TR03,Vishal Transport Co.,2025-03-01 07:50,2025-03-01 10:08,2025-03-01 10:39,2025-03-01 10:52,2025-03-03,2025-03-03,On Time,0,Not Applicable,37510.09,1727,1
TRIP010130,2025-03-02,PL05,Hyderabad Assembly Unit,Jaipur,Hyderabad - Jaipur,PD03,Cement Bags,33.19,VH003,Trailer 40ft,35,TR17,United Freight Corporation,2025-03-02 07:32,2025-03-02 09:42,2025-03-02 10:28,2025-03-02 11:00,2025-03-04,2025-03-04,On Time,0,Not Applicable,116855.08,1449,1
TRIP001211,2025-03-02,PL02,Chennai Production Plant,Bhopal,Chennai - Bhopal,PD03,Cement Bags,35.0,VH055,Trailer 40ft,35,TR09,Sunrise Logistics Solutions,2025-03-02 09:50,2025-03-02 10:59,2025-03-02 11:40,2025-03-02 12:02,2025-03-04,2025-03-04,On Time,0,Not Applicable,128474.22,1666,1
TRIP005368,2025-03-03,PL02,Chennai Production Plant,Bhopal,Chennai - Bhopal,PD06,Electrical Cables,19.42,VH016,Container 32ft MXL,28,TR15,Apex Logistics India,2025-03-03 10:25,2025-03-03 11:46,2025-03-03 12:15,2025-03-03 12:37,2025-03-05,2025-03-05,On Time,0,Not Applicable,75196.71,1490,1
TRIP003308,2025-03-03,PL04,Vadodara Processing Plant,Ahmedabad,Vadodara - Ahmedabad,PD02,Steel Pipes,33.09,VH055,Trailer 40ft,35,TR09,Sunrise Logistics Solutions,2025-03-03 06:56,2025-03-03 09:17,2025-03-03 09:45,2025-03-03 10:01,2025-03-03,2025-03-03,On Time,0,Not Applicable,9600.71,117,1
TRIP002992,2025-03-03,PL02,Chennai Production Plant,Guwahati,Chennai - Guwahati,PD08,Textile Rolls,21.96,VH040,Container 32ft SXL,22,TR06,Ganesh Roadlines,2025-03-03 10:09,2025-03-03 12:13,2025-03-03 12:34,2025-03-03 12:59,2025-03-07,2025-03-07,On Time,0,Not Applicable,151525.97,2850,1
TRIP011719,2025-03-03,PL05,Hyderabad Assembly Unit,Bhopal,Hyderabad - Bhopal,PD02,Steel Pipes,10.83,VH050,Container 20ft,18,TR18,Deccan Transport Co.,2025-03-03 06:28,2025-03-03 07:54,2025-03-03 08:17,2025-03-03 08:40,2025-03-04,2025-03-04,On Time,0,Not Applicable,23920.92,817,1
TRIP005467,2025-03-03,PL05,Hyderabad Assembly Unit,Jaipur,Hyderabad - Jaipur,PD03,Cement Bags,7.46,VH060,Open Truck 6 Tyre,9,TR15,Apex Logistics India,2025-03-03 07:11,2025-03-03 08:41,2025-03-03 09:27,2025-03-03 09:51,2025-03-04,2025-03-04,On Time,0,Not Applicable,28963.84,1403,1
TRIP004405,2025-03-04,PL02,Chennai Production Plant,Bhopal,Chennai - Bhopal,PD07,Packaged Tiles,25.75,VH022,Container 32ft MXL,28,TR02,Shree Balaji Logistics,2025-03-04 09:34,2025-03-04 10:48,2025-03-04 11:08,2025-03-04 11:37,2025-03-06,2025-03-06,On Time,0,Not Applicable,96810.9,1661,1
TRIP008912,2025-03-04,PL05,Hyderabad Assembly Unit,Nagpur,Hyderabad - Nagpur,PD05,Auto Components,15.44,VH006,Open Truck 10 Tyre,16,TR12,Trident Transport Services,2025-03-04 10:44,2025-03-04 13:41,2025-03-04 14:31,2025-03-04 15:13,2025-03-05,2025-03-05,On Time,0,Not Applicable,17080.31,475,1
TRIP004694,2025-03-05,PL05,Hyderabad Assembly Unit,Bhopal,Hyderabad - Bhopal,PD01,Steel Coils,14.04,VH006,Open Truck 10 Tyre,16,TR12,Trident Transport Services,2025-03-05 08:03,2025-03-05 10:25,2025-03-05 10:56,2025-03-05 11:29,2025-03-06,2025-03-06,On Time,0,Not Applicable,26188.42,772,1
TRIP011678,2025-03-05,PL04,Vadodara Processing Plant,Bhopal,Vadodara - Bhopal,PD02,Steel Pipes,19.26,VH033,Container 32ft SXL,22,TR09,Sunrise Logistics Solutions,2025-03-05 10:56,2025-03-05 13:35,2025-03-05 14:04,2025-03-05 14:37,2025-03-06,2025-03-07,Delayed,1,Loading Delay at Plant,25706.42,617,0
TRIP008324,2025-03-05,PL04,Vadodara Processing Plant,Nagpur,Vadodara - Nagpur,PD02,Steel Pipes,16.07,VH004,Container 20ft,18,TR06,Ganesh Roadlines,2025-03-05 09:54,2025-03-05 10:38,2025-03-05 11:01,2025-03-05 11:37,2025-03-06,2025-03-07,Delayed,1,Documentation Delay,31547.69,855,0
TRIP004411,2025-03-06,PL04,Vadodara Processing Plant,Nagpur,Vadodara - Nagpur,PD04,PVC Granules,16.82,VH023,Container 32ft SXL,22,TR14,Coastal Cargo Carriers,2025-03-06 10:19,2025-03-06 13:05,2025-03-06 13:41,2025-03-06 14:17,2025-03-07,2025-03-07,On Time,0,Not Applicable,39022.36,910,1
TRIP001480,2025-03-06,PL05,Hyderabad Assembly Unit,Guwahati,Hyderabad - Guwahati,PD08,Textile Rolls,8.38,VH048,Open Truck 6 Tyre,9,TR03,Vishal Transport Co.,2025-03-06 07:58,2025-03-06 10:48,2025-03-06 11:25,2025-03-06 11:55,2025-03-08,2025-03-08,On Time,0,Not Applicable,44952.1,2173,1
TRIP009534,2025-03-07,PL04,Vadodara Processing Plant,Nagpur,Vadodara - Nagpur,PD03,Cement Bags,18.52,VH047,Container 32ft SXL,22,TR07,Om Sai Transport,2025-03-07 06:07,2025-03-07 07:42,2025-03-07 08:21,2025-03-07 08:42,2025-03-08,2025-03-08,On Time,0,Not Applicable,38536.6,903,1
TRIP001985,2025-03-08,PL03,Ludhiana Fabrication Unit,Kolkata,Ludhiana - Kolkata,PD01,Steel Coils,17.25,VH044,Container 32ft SXL,22,TR07,Om Sai Transport,2025-03-08 09:45,2025-03-08 12:29,2025-03-08 13:08,2025-03-08 13:46,2025-03-11,2025-03-13,Delayed,2,Traffic Congestion,69702.81,1744,0
TRIP001007,2025-03-08,PL04,Vadodara Processing Plant,Nagpur,Vadodara - Nagpur,PD01,Steel Coils,31.16,VH051,Trailer 40ft,35,TR07,Om Sai Transport,2025-03-08 08:20,2025-03-08 10:44,2025-03-08 11:00,2025-03-08 11:40,2025-03-09,2025-03-10,Delayed,1,Weather Conditions,62537.52,870,0
TRIP002880,2025-03-09,PL05,Hyderabad Assembly Unit,Guwahati,Hyderabad - Guwahati,PD02,Steel Pipes,16.0,VH058,Open Truck 10 Tyre,16,TR18,Deccan Transport Co.,2025-03-09 09:53,2025-03-09 12:10,2025-03-09 13:08,2025-03-09 13:31,2025-03-11,2025-03-11,On Time,0,Not Applicable,92111.59,2072,1
TRIP004611,2025-03-09,PL02,Chennai Production Plant,Bengaluru,Chennai - Bengaluru,PD02,Steel Pipes,15.23,VH004,Container 20ft,18,TR06,Ganesh Roadlines,2025-03-09 09:49,2025-03-09 10:58,2025-03-09 11:46,2025-03-09 12:14,2025-03-10,2025-03-09,On Time,0,Not Applicable,13157.55,363,1
TRIP008983,2025-03-09,PL05,Hyderabad Assembly Unit,Guwahati,Hyderabad - Guwahati,PD05,Auto Components,26.53,VH032,Container 32ft MXL,28,TR03,Vishal Transport Co.,2025-03-09 10:07,2025-03-09 12:37,2025-03-09 13:06,2025-03-09 13:50,2025-03-12,2025-03-11,On Time,0,Not Applicable,136304.31,2092,1
TRIP000928,2025-03-09,PL02,Chennai Production Plant,Nagpur,Chennai - Nagpur,PD01,Steel Coils,6.87,VH030,Open Truck 6 Tyre,9,TR10,Metro Freight Carriers,2025-03-09 06:34,2025-03-09 08:59,2025-03-09 09:57,2025-03-09 10:18,2025-03-10,2025-03-10,On Time,0,Not Applicable,20564.94,1274,1
TRIP010072,2025-03-10,PL02,Chennai Production Plant,Guwahati,Chennai - Guwahati,PD03,Cement Bags,16.44,VH023,Container 32ft SXL,22,TR14,Coastal Cargo Carriers,2025-03-10 08:50,2025-03-10 10:57,2025-03-10 11:37,2025-03-10 11:50,2025-03-13,2025-03-14,Delayed,1,Vehicle Breakdown,118256.14,2942,0
TRIP008664,2025-03-10,PL02,Chennai Production Plant,Jaipur,Chennai - Jaipur,PD04,PVC Granules,21.2,VH047,Container 32ft SXL,22,TR07,Om Sai Transport,2025-03-10 09:58,2025-03-10 12:06,2025-03-10 12:29,2025-03-10 12:56,2025-03-13,2025-03-12,On Time,0,Not Applicable,111821.18,2250,1
TRIP008608,2025-03-10,PL05,Hyderabad Assembly Unit,Bhopal,Hyderabad - Bhopal,PD01,Steel Coils,8.69,VH037,Open Truck 6 Tyre,9,TR03,Vishal Transport Co.,2025-03-10 06:25,2025-03-10 09:40,2025-03-10 10:31,2025-03-10 10:56,2025-03-11,2025-03-11,On Time,0,Not Applicable,16384.49,718,1
TRIP002271,2025-03-10,PL02,Chennai Production Plant,Nagpur,Chennai - Nagpur,PD03,Cement Bags,16.97,VH023,Container 32ft SXL,22,TR14,Coastal Cargo Carriers,2025-03-10 09:26,2025-03-10 12:25,2025-03-10 12:49,2025-03-10 13:09,2025-03-11,2025-03-11,On Time,0,Not Applicable,48441.39,1250,1
TRIP009193,2025-03-10,PL04,Vadodara Processing Plant,Bhopal,Vadodara - Bhopal,PD02,Steel Pipes,25.42,VH022,Container 32ft MXL,28,TR02,Shree Balaji Logistics,2025-03-10 07:40,2025-03-10 10:27,2025-03-10 11:25,2025-03-10 11:55,2025-03-11,2025-03-12,Delayed,1,Driver Unavailability,39071.27,646,0
TRIP002334,2025-03-11,PL05,Hyderabad Assembly Unit,Bhopal,Hyderabad - Bhopal,PD06,Electrical Cables,16.22,VH034,Container 20ft,18,TR13,Punjab Truck Union,2025-03-11 07:33,2025-03-11 10:33,2025-03-11 10:58,2025-03-11 11:17,2025-03-12,2025-03-15,Delayed,3,Driver Unavailability,35432.09,844,0
TRIP003680,2025-03-11,PL04,Vadodara Processing Plant,Delhi NCR,Vadodara - Delhi NCR,PD05,Auto Components,10.7,VH046,Open Truck 10 Tyre,16,TR02,Shree Balaji Logistics,2025-03-11 10:10,2025-03-11 12:31,2025-03-11 12:49,2025-03-11 13:00,2025-03-12,2025-03-12,On Time,0,Not Applicable,21356.19,905,1
TRIP007760,2025-03-12,PL01,Pune Manufacturing Unit,Bhopal,Pune - Bhopal,PD04,PVC Granules,20.77,VH009,Container 32ft SXL,22,TR10,Metro Freight Carriers,2025-03-12 09:49,2025-03-12 11:19,2025-03-12 11:53,2025-03-12 12:07,2025-03-13,2025-03-13,On Time,0,Not Applicable,33173.28,678,1
TRIP011834,2025-03-12,PL02,Chennai Production Plant,Bhopal,Chennai - Bhopal,PD08,Textile Rolls,17.6,VH023,Container 32ft SXL,22,TR14,Coastal Cargo Carriers,2025-03-12 06:07,2025-03-12 07:23,2025-03-12 08:10,2025-03-12 08:26,2025-03-14,2025-03-13,On Time,0,Not Applicable,63093.88,1509,1
TRIP006347,2025-03-12,PL05,Hyderabad Assembly Unit,Guwahati,Hyderabad - Guwahati,PD06,Electrical Cables,25.7,VH011,Container 32ft MXL,28,TR18,Deccan Transport Co.,2025-03-12 06:42,2025-03-12 09:28,2025-03-12 10:06,2025-03-12 10:28,2025-03-15,2025-03-14,On Time,0,Not Applicable,139213.57,2125,1
TRIP007699,2025-03-12,PL05,Hyderabad Assembly Unit,Nagpur,Hyderabad - Nagpur,PD06,Electrical Cables,19.33,VH009,Container 32ft SXL,22,TR10,Metro Freight Carriers,2025-03-12 08:14,2025-03-12 10:18,2025-03-12 10:50,2025-03-12 11:06,2025-03-13,2025-03-13,On Time,0,Not Applicable,22778.61,543,1
TRIP004575,2025-03-13,PL05,Hyderabad Assembly Unit,Nagpur,Hyderabad - Nagpur,PD08,Textile Rolls,27.74,VH003,Trailer 40ft,35,TR17,United Freight Corporation,2025-03-13 06:55,2025-03-13 08:58,2025-03-13 09:15,2025-03-13 09:56,2025-03-14,2025-03-14,On Time,0,Not Applicable,31891.35,485,1
TRIP000652,2025-03-13,PL01,Pune Manufacturing Unit,Bhopal,Pune - Bhopal,PD05,Auto Components,15.0,VH004,Container 20ft,18,TR06,Ganesh Roadlines,2025-03-13 10:30,2025-03-13 11:38,2025-03-13 12:24,2025-03-13 12:35,2025-03-14,2025-03-14,On Time,0,Not Applicable,23159.69,647,1
TRIP007700,2025-03-13,PL01,Pune Manufacturing Unit,Bhopal,Pune - Bhopal,PD06,Electrical Cables,21.16,VH041,Container 32ft SXL,22,TR13,Punjab Truck Union,2025-03-13 06:46,2025-03-13 09:05,2025-03-13 09:37,2025-03-13 09:55,2025-03-14,2025-03-14,On Time,0,Not Applicable,38728.6,694,1
TRIP010816,2025-03-14,PL02,Chennai Production Plant,Mumbai,Chennai - Mumbai,PD04,PVC Granules,10.48,VH050,Container 20ft,18,TR18,Deccan Transport Co.,2025-03-14 10:33,2025-03-14 12:41,2025-03-14 13:04,2025-03-14 13:38,2025-03-16,2025-03-15,On Time,0,Not Applicable,35609.61,1222,1
TRIP006677,2025-03-14,PL05,Hyderabad Assembly Unit,Bhopal,Hyderabad - Bhopal,PD08,Textile Rolls,19.28,VH026,Container 32ft SXL,22,TR09,Sunrise Logistics Solutions,2025-03-14 07:03,2025-03-14 08:01,2025-03-14 08:34,2025-03-14 08:55,2025-03-15,2025-03-15,On Time,0,Not Applicable,33885.95,799,1
TRIP000474,2025-03-14,PL05,Hyderabad Assembly Unit,Bhopal,Hyderabad - Bhopal,PD07,Packaged Tiles,23.47,VH017,Container 32ft MXL,28,TR06,Ganesh Roadlines,2025-03-14 06:31,2025-03-14 08:48,2025-03-14 09:26,2025-03-14 09:59,2025-03-15,2025-03-16,Delayed,1,Customer Site Congestion,43615.27,824,0
TRIP010459,2025-03-15,PL05,Hyderabad Assembly Unit,Kolkata,Hyderabad - Kolkata,PD04,PVC Granules,26.74,VH032,Container 32ft MXL,28,TR03,Vishal Transport Co.,2025-03-15 09:14,2025-03-15 13:16,2025-03-15 14:00,2025-03-15 14:28,2025-03-18,2025-03-17,On Time,0,Not Applicable,91226.67,1428,1
TRIP010783,2025-03-16,PL05,Hyderabad Assembly Unit,Kolkata,Hyderabad - Kolkata,PD02,Steel Pipes,13.26,VH029,Open Truck 10 Tyre,16,TR17,United Freight Corporation,2025-03-16 08:06,2025-03-16 10:23,2025-03-16 11:22,2025-03-16 11:43,2025-03-18,2025-03-18,On Time,0,Not Applicable,48704.13,1522,1
TRIP001796,2025-03-16,PL05,Hyderabad Assembly Unit,Bhopal,Hyderabad - Bhopal,PD04,PVC Granules,18.84,VH023,Container 32ft SXL,22,TR14,Coastal Cargo Carriers,2025-03-16 08:31,2025-03-16 10:44,2025-03-16 11:12,2025-03-16 11:24,2025-03-17,2025-03-17,On Time,0,Not Applicable,38964.57,826,1
TRIP007713,2025-03-16,PL02,Chennai Production Plant,Guwahati,Chennai - Guwahati,PD04,PVC Granules,25.13,VH032,Container 32ft MXL,28,TR03,Vishal Transport Co.,2025-03-16 07:37,2025-03-16 10:16,2025-03-16 10:36,2025-03-16 11:11,2025-03-19,2025-03-19,On Time,0,Not Applicable,200389.44,2981,1
TRIP010444,2025-03-16,PL02,Chennai Production Plant,Bengaluru,Chennai - Bengaluru,PD03,Cement Bags,18.94,VH044,Container 32ft SXL,22,TR07,Om Sai Transport,2025-03-16 06:42,2025-03-16 08:35,2025-03-16 08:56,2025-03-16 09:23,2025-03-16,2025-03-16,On Time,0,Not Applicable,16446.19,334,1
TRIP007445,2025-03-16,PL05,Hyderabad Assembly Unit,Bhopal,Hyderabad - Bhopal,PD08,Textile Rolls,8.22,VH027,Open Truck 6 Tyre,9,TR13,Punjab Truck Union,2025-03-16 09:04,2025-03-16 11:19,2025-03-16 11:53,2025-03-16 12:18,2025-03-17,2025-03-17,On Time,0,Not Applicable,16462.03,775,1
TRIP001906,2025-03-17,PL04,Vadodara Processing Plant,Guwahati,Vadodara - Guwahati,PD03,Cement Bags,29.82,VH003,Trailer 40ft,35,TR17,United Freight Corporation,2025-03-17 07:56,2025-03-17 09:46,2025-03-17 10:31,2025-03-17 10:46,2025-03-21,2025-03-21,On Time,0,Not Applicable,169979.68,2484,1
TRIP007842,2025-03-17,PL02,Chennai Production Plant,Jaipur,Chennai - Jaipur,PD02,Steel Pipes,14.4,VH052,Open Truck 10 Tyre,16,TR17,United Freight Corporation,2025-03-17 07:30,2025-03-17 10:09,2025-03-17 10:41,2025-03-17 11:07,2025-03-19,2025-03-19,On Time,0,Not Applicable,66904.62,2109,1
TRIP004150,2025-03-17,PL01,Pune Manufacturing Unit,Kolkata,Pune - Kolkata,PD07,Packaged Tiles,18.82,VH025,Container 32ft SXL,22,TR13,Punjab Truck Union,2025-03-17 07:49,2025-03-17 09:02,2025-03-17 09:56,2025-03-17 10:09,2025-03-19,2025-03-19,On Time,0,Not Applicable,98830.7,1959,1
TRIP001587,2025-03-17,PL05,Hyderabad Assembly Unit,Guwahati,Hyderabad - Guwahati,PD04,PVC Granules,28.0,VH017,Container 32ft MXL,28,TR06,Ganesh Roadlines,2025-03-17 06:43,2025-03-17 09:51,2025-03-17 10:11,2025-03-17 10:24,2025-03-20,2025-03-19,On Time,0,Not Applicable,151766.96,2215,1
TRIP000048,2025-03-17,PL06,Indore Manufacturing Unit,Nagpur,Indore - Nagpur,PD06,Electrical Cables,14.89,VH058,Open Truck 10 Tyre,16,TR18,Deccan Transport Co.,2025-03-17 06:15,2025-03-17 09:06,2025-03-17 09:38,2025-03-17 09:52,2025-03-18,2025-03-17,On Time,0,Not Applicable,11951.59,294,1
TRIP002215,2025-03-18,PL02,Chennai Production Plant,Lucknow,Chennai - Lucknow,PD05,Auto Components,18.0,VH031,Container 20ft,18,TR17,United Freight Corporation,2025-03-18 10:35,2025-03-18 12:29,2025-03-18 12:56,2025-03-18 13:14,2025-03-20,2025-03-21,Delayed,1,Customer Site Congestion,93867.51,2211,0
TRIP004465,2025-03-18,PL05,Hyderabad Assembly Unit,Bhopal,Hyderabad - Bhopal,PD06,Electrical Cables,23.07,VH022,Container 32ft MXL,28,TR02,Shree Balaji Logistics,2025-03-18 09:40,2025-03-18 12:35,2025-03-18 13:13,2025-03-18 13:44,2025-03-19,2025-03-19,On Time,0,Not Applicable,43795.08,816,1
TRIP011020,2025-03-19,PL04,Vadodara Processing Plant,Mumbai,Vadodara - Mumbai,PD05,Auto Components,16.48,VH019,Container 20ft,18,TR07,Om Sai Transport,2025-03-19 10:33,2025-03-19 11:21,2025-03-19 11:52,2025-03-19 12:31,2025-03-20,2025-03-20,On Time,0,Not Applicable,21899.32,535,1
TRIP000108,2025-03-20,PL01,Pune Manufacturing Unit,Nagpur,Pune - Nagpur,PD05,Auto Components,19.23,VH033,Container 32ft SXL,22,TR09,Sunrise Logistics Solutions,2025-03-20 08:58,2025-03-20 10:46,2025-03-20 11:07,2025-03-20 11:50,2025-03-21,2025-03-21,On Time,0,Not Applicable,20407.1,472,1
TRIP005227,2025-03-20,PL05,Hyderabad Assembly Unit,Bhopal,Hyderabad - Bhopal,PD05,Auto Components,27.26,VH015,Container 32ft MXL,28,TR08,Kaveri Cargo Movers,2025-03-20 10:14,2025-03-20 11:41,2025-03-20 12:14,2025-03-20 12:53,2025-03-21,2025-03-21,On Time,0,Not Applicable,46872.48,751,1
TRIP001784,2025-03-20,PL05,Hyderabad Assembly Unit,Nagpur,Hyderabad - Nagpur,PD02,Steel Pipes,20.97,VH041,Container 32ft SXL,22,TR13,Punjab Truck Union,2025-03-20 08:57,2025-03-20 12:03,2025-03-20 12:33,2025-03-20 12:48,2025-03-21,2025-03-21,On Time,0,Not Applicable,27200.38,479,1
TRIP010443,2025-03-21,PL01,Pune Manufacturing Unit,Jaipur,Pune - Jaipur,PD05,Auto Components,16.32,VH049,Container 20ft,18,TR07,Om Sai Transport,2025-03-21 10:08,2025-03-21 12:27,2025-03-21 13:21,2025-03-21 13:33,2025-03-23,2025-03-23,On Time,0,Not Applicable,49578.38,1267,1
TRIP001220,2025-03-21,PL05,Hyderabad Assembly Unit,Jaipur,Hyderabad - Jaipur,PD01,Steel Coils,16.11,VH042,Container 32ft SXL,22,TR12,Trident Transport Services,2025-03-21 07:47,2025-03-21 10:15,2025-03-21 11:14,2025-03-21 11:40,2025-03-23,2025-03-22,On Time,0,Not Applicable,52348.68,1356,1
TRIP005701,2025-03-21,PL02,Chennai Production Plant,Kolkata,Chennai - Kolkata,PD06,Electrical Cables,16.8,VH024,Container 20ft,18,TR14,Coastal Cargo Carriers,2025-03-21 09:44,2025-03-21 12:20,2025-03-21 12:51,2025-03-21 13:06,2025-03-23,2025-03-22,On Time,0,Not Applicable,69665.92,1661,1
TRIP005177,2025-03-22,PL05,Hyderabad Assembly Unit,Bhopal,Hyderabad - Bhopal,PD03,Cement Bags,18.04,VH040,Container 32ft SXL,22,TR06,Ganesh Roadlines,2025-03-22 08:46,2025-03-22 11:01,2025-03-22 11:20,2025-03-22 11:34,2025-03-23,2025-03-24,Delayed,1,Driver Unavailability,32792.56,744,0
TRIP005100,2025-03-22,PL02,Chennai Production Plant,Nagpur,Chennai - Nagpur,PD06,Electrical Cables,25.3,VH013,Container 32ft MXL,28,TR08,Kaveri Cargo Movers,2025-03-22 09:01,2025-03-22 12:14,2025-03-22 12:44,2025-03-22 13:27,2025-03-24,2025-03-23,On Time,0,Not Applicable,74402.29,1291,1
TRIP005355,2025-03-23,PL05,Hyderabad Assembly Unit,Nagpur,Hyderabad - Nagpur,PD04,PVC Granules,22.47,VH016,Container 32ft MXL,28,TR15,Apex Logistics India,2025-03-23 08:02,2025-03-23 10:24,2025-03-23 10:41,2025-03-23 11:01,2025-03-24,2025-03-23,On Time,0,Not Applicable,30074.78,533,1
TRIP000178,2025-03-23,PL04,Vadodara Processing Plant,Mumbai,Vadodara - Mumbai,PD01,Steel Coils,20.12,VH040,Container 32ft SXL,22,TR06,Ganesh Roadlines,2025-03-23 06:45,2025-03-23 07:36,2025-03-23 08:18,2025-03-23 08:28,2025-03-24,2025-03-24,On Time,0,Not Applicable,24606.34,553,1
TRIP001502,2025-03-23,PL05,Hyderabad Assembly Unit,Mumbai,Hyderabad - Mumbai,PD05,Auto Components,8.44,VH027,Open Truck 6 Tyre,9,TR13,Punjab Truck Union,2025-03-23 08:48,2025-03-23 11:03,2025-03-23 11:33,2025-03-23 11:46,2025-03-24,2025-03-24,On Time,0,Not Applicable,17355.58,774,1
TRIP011957,2025-03-23,PL01,Pune Manufacturing Unit,Bhopal,Pune - Bhopal,PD02,Steel Pipes,20.03,VH009,Container 32ft SXL,22,TR10,Metro Freight Carriers,2025-03-23 07:01,2025-03-23 08:15,2025-03-23 09:14,2025-03-23 09:30,2025-03-24,2025-03-24,On Time,0,Not Applicable,30054.4,636,1
TRIP011061,2025-03-23,PL05,Hyderabad Assembly Unit,Mumbai,Hyderabad - Mumbai,PD08,Textile Rolls,25.77,VH022,Container 32ft MXL,28,TR02,Shree Balaji Logistics,2025-03-23 07:05,2025-03-23 10:02,2025-03-23 10:44,2025-03-23 11:10,2025-03-24,2025-03-24,On Time,0,Not Applicable,39557.09,713,1
TRIP011714,2025-03-24,PL05,Hyderabad Assembly Unit,Nagpur,Hyderabad - Nagpur,PD05,Auto Components,23.94,VH045,Container 32ft MXL,28,TR18,Deccan Transport Co.,2025-03-24 06:51,2025-03-24 08:41,2025-03-24 09:23,2025-03-24 09:53,2025-03-25,2025-03-24,On Time,0,Not Applicable,29577.3,483,1
TRIP007092,2025-03-24,PL05,Hyderabad Assembly Unit,Bhopal,Hyderabad - Bhopal,PD01,Steel Coils,17.84,VH031,Container 20ft,18,TR17,United Freight Corporation,2025-03-24 07:14,2025-03-24 10:10,2025-03-24 10:48,2025-03-24 11:21,2025-03-25,2025-03-27,Delayed,2,Customer Site Congestion,35451.66,802,0
TRIP011696,2025-03-24,PL05,Hyderabad Assembly Unit,Jaipur,Hyderabad - Jaipur,PD05,Auto Components,9.0,VH027,Open Truck 6 Tyre,9,TR13,Punjab Truck Union,2025-03-24 10:42,2025-03-24 13:19,2025-03-24 13:34,2025-03-24 14:12,2025-03-26,2025-03-26,On Time,0,Not Applicable,30955.62,1413,1
TRIP001218,2025-03-25,PL05,Hyderabad Assembly Unit,Nagpur,Hyderabad - Nagpur,PD05,Auto Components,15.67,VH024,Container 20ft,18,TR14,Coastal Cargo Carriers,2025-03-25 06:32,2025-03-25 08:24,2025-03-25 08:42,2025-03-25 09:06,2025-03-26,2025-03-25,On Time,0,Not Applicable,19187.75,510,1
TRIP001744,2025-03-25,PL05,Hyderabad Assembly Unit,Bhopal,Hyderabad - Bhopal,PD08,Textile Rolls,19.23,VH047,Container 32ft SXL,22,TR07,Om Sai Transport,2025-03-25 09:50,2025-03-25 12:14,2025-03-25 13:07,2025-03-25 13:21,2025-03-26,2025-03-26,On Time,0,Not Applicable,35894.48,794,1
TRIP002752,2025-03-26,PL05,Hyderabad Assembly Unit,Bhopal,Hyderabad - Bhopal,PD06,Electrical Cables,7.19,VH060,Open Truck 6 Tyre,9,TR15,Apex Logistics India,2025-03-26 09:53,2025-03-26 11:48,2025-03-26 12:19,2025-03-26 12:52,2025-03-27,2025-03-27,On Time,0,Not Applicable,14603.89,756,1
TRIP005077,2025-03-26,PL05,Hyderabad Assembly Unit,Guwahati,Hyderabad - Guwahati,PD07,Packaged Tiles,25.65,VH038,Container 32ft MXL,28,TR07,Om Sai Transport,2025-03-26 09:50,2025-03-26 12:28,2025-03-26 13:05,2025-03-26 13:48,2025-03-29,2025-03-29,On Time,0,Not Applicable,132726.53,2105,1
TRIP006828,2025-03-26,PL05,Hyderabad Assembly Unit,Guwahati,Hyderabad - Guwahati,PD08,Textile Rolls,10.6,VH012,Open Truck 10 Tyre,16,TR12,Trident Transport Services,2025-03-26 08:20,2025-03-26 10:02,2025-03-26 10:58,2025-03-26 11:13,2025-03-28,2025-03-28,On Time,0,Not Applicable,55667.08,2208,1
TRIP005266,2025-03-26,PL05,Hyderabad Assembly Unit,Bhopal,Hyderabad - Bhopal,PD08,Textile Rolls,17.06,VH023,Container 32ft SXL,22,TR14,Coastal Cargo Carriers,2025-03-26 06:50,2025-03-26 09:34,2025-03-26 10:23,2025-03-26 11:02,2025-03-27,2025-03-27,On Time,0,Not Applicable,31001.15,759,1
TRIP009800,2025-03-26,PL01,Pune Manufacturing Unit,Bhopal,Pune - Bhopal,PD02,Steel Pipes,13.46,VH021,Open Truck 10 Tyre,16,TR02,Shree Balaji Logistics,2025-03-26 09:11,2025-03-26 10:02,2025-03-26 10:39,2025-03-26 11:03,2025-03-27,2025-03-27,On Time,0,Not Applicable,22944.26,711,1
TRIP011335,2025-03-27,PL04,Vadodara Processing Plant,Bhopal,Vadodara - Bhopal,PD07,Packaged Tiles,18.81,VH044,Container 32ft SXL,22,TR07,Om Sai Transport,2025-03-27 07:31,2025-03-27 10:35,2025-03-27 11:13,2025-03-27 11:48,2025-03-28,2025-03-28,On Time,0,Not Applicable,27484.32,597,1
TRIP002975,2025-03-27,PL03,Ludhiana Fabrication Unit,Guwahati,Ludhiana - Guwahati,PD07,Packaged Tiles,35.0,VH055,Trailer 40ft,35,TR09,Sunrise Logistics Solutions,2025-03-27 08:35,2025-03-27 10:23,2025-03-27 10:59,2025-03-27 11:29,2025-03-29,2025-03-29,On Time,0,Not Applicable,166035.28,2122,1
TRIP003015,2025-03-27,PL06,Indore Manufacturing Unit,Kolkata,Indore - Kolkata,PD08,Textile Rolls,16.49,VH025,Container 32ft SXL,22,TR13,Punjab Truck Union,2025-03-27 07:31,2025-03-27 10:24,2025-03-27 11:04,2025-03-27 11:32,2025-03-29,2025-03-28,On Time,0,Not Applicable,50354.14,1260,1
TRIP002352,2025-03-27,PL05,Hyderabad Assembly Unit,Mumbai,Hyderabad - Mumbai,PD06,Electrical Cables,14.38,VH029,Open Truck 10 Tyre,16,TR17,United Freight Corporation,2025-03-27 06:02,2025-03-27 08:00,2025-03-27 08:42,2025-03-27 08:54,2025-03-28,2025-03-28,On Time,0,Not Applicable,23627.07,727,1
TRIP002320,2025-03-28,PL03,Ludhiana Fabrication Unit,Delhi NCR,Ludhiana - Delhi NCR,PD05,Auto Components,9.0,VH037,Open Truck 6 Tyre,9,TR03,Vishal Transport Co.,2025-03-28 10:55,2025-03-28 12:43,2025-03-28 13:05,2025-03-28 13:48,2025-03-29,2025-03-28,On Time,0,Not Applicable,7407.24,288,1
TRIP006082,2025-03-28,PL02,Chennai Production Plant,Guwahati,Chennai - Guwahati,PD05,Auto Components,19.46,VH047,Container 32ft SXL,22,TR07,Om Sai Transport,2025-03-28 08:03,2025-03-28 09:20,2025-03-28 09:38,2025-03-28 10:05,2025-03-31,2025-03-31,On Time,0,Not Applicable,120467.97,2782,1
TRIP007590,2025-03-29,PL05,Hyderabad Assembly Unit,Jaipur,Hyderabad - Jaipur,PD04,PVC Granules,7.91,VH060,Open Truck 6 Tyre,9,TR15,Apex Logistics India,2025-03-29 10:44,2025-03-29 12:19,2025-03-29 12:55,2025-03-29 13:11,2025-03-31,2025-03-31,On Time,0,Not Applicable,28397.58,1337,1
TRIP001644,2025-03-30,PL01,Pune Manufacturing Unit,Nagpur,Pune - Nagpur,PD02,Steel Pipes,24.78,VH002,Container 32ft MXL,28,TR06,Ganesh Roadlines,2025-03-30 08:54,2025-03-30 10:56,2025-03-30 11:29,2025-03-30 11:59,2025-03-31,2025-03-31,On Time,0,Not Applicable,27258.69,463,1
TRIP001982,2025-03-30,PL05,Hyderabad Assembly Unit,Bhopal,Hyderabad - Bhopal,PD01,Steel Coils,9.0,VH043,Open Truck 6 Tyre,9,TR11,Reliable Roadways,2025-03-30 08:30,2025-03-30 09:36,2025-03-30 09:53,2025-03-30 10:05,2025-03-31,2025-04-01,Delayed,1,Weather Conditions,17895.27,756,0
TRIP007189,2025-03-31,PL05,Hyderabad Assembly Unit,Bhopal,Hyderabad - Bhopal,PD01,Steel Coils,10.63,VH050,Container 20ft,18,TR18,Deccan Transport Co.,2025-03-31 08:53,2025-03-31 11:41,2025-03-31 12:36,2025-03-31 13:18,2025-04-01,2025-04-01,On Time,0,Not Applicable,22346.58,818,1
TRIP009742,2025-04-01,PL06,Indore Manufacturing Unit,Jaipur,Indore - Jaipur,PD08,Textile Rolls,19.46,VH039,Container 32ft SXL,22,TR05,Speedway Logistics Pvt Ltd,2025-04-01 07:36,2025-04-01 08:39,2025-04-01 09:20,2025-04-01 09:31,2025-04-02,2025-04-01,On Time,0,Not Applicable,24388.42,467,1
TRIP003884,2025-04-01,PL05,Hyderabad Assembly Unit,Jaipur,Hyderabad - Jaipur,PD01,Steel Coils,16.46,VH001,Container 20ft,18,TR16,Shakti Road Carriers,2025-04-01 06:19,2025-04-01 08:49,2025-04-01 09:44,2025-04-01 10:27,2025-04-03,2025-04-02,On Time,0,Not Applicable,54847.29,1283,1
TRIP005139,2025-04-01,PL06,Indore Manufacturing Unit,Guwahati,Indore - Guwahati,PD04,PVC Granules,16.28,VH054,Container 20ft,18,TR13,Punjab Truck Union,2025-04-01 07:01,2025-04-01 09:10,2025-04-01 09:47,2025-04-01 10:15,2025-04-03,2025-04-03,On Time,0,Not Applicable,77833.92,1845,1
TRIP010117,2025-04-02,PL05,Hyderabad Assembly Unit,Guwahati,Hyderabad - Guwahati,PD03,Cement Bags,12.9,VH052,Open Truck 10 Tyre,16,TR17,United Freight Corporation,2025-04-02 07:18,2025-04-02 08:50,2025-04-02 09:46,2025-04-02 10:11,2025-04-04,2025-04-04,On Time,0,Not Applicable,61451.09,2155,1
TRIP004309,2025-04-02,PL02,Chennai Production Plant,Mumbai,Chennai - Mumbai,PD07,Packaged Tiles,24.76,VH015,Container 32ft MXL,28,TR08,Kaveri Cargo Movers,2025-04-02 09:14,2025-04-02 11:42,2025-04-02 12:23,2025-04-02 12:36,2025-04-04,2025-04-04,On Time,0,Not Applicable,77379.48,1254,1
TRIP002454,2025-04-02,PL02,Chennai Production Plant,Bhopal,Chennai - Bhopal,PD08,Textile Rolls,9.0,VH037,Open Truck 6 Tyre,9,TR03,Vishal Transport Co.,2025-04-02 08:21,2025-04-02 11:04,2025-04-02 11:52,2025-04-02 12:05,2025-04-04,2025-04-03,On Time,0,Not Applicable,36977.52,1593,1
TRIP005703,2025-04-03,PL04,Vadodara Processing Plant,Jaipur,Vadodara - Jaipur,PD03,Cement Bags,26.28,VH022,Container 32ft MXL,28,TR02,Shree Balaji Logistics,2025-04-03 08:54,2025-04-03 12:05,2025-04-03 12:33,2025-04-03 12:53,2025-04-04,2025-04-05,Delayed,1,Driver Unavailability,41018.2,664,0
TRIP002465,2025-04-03,PL02,Chennai Production Plant,Kolkata,Chennai - Kolkata,PD02,Steel Pipes,16.0,VH053,Open Truck 10 Tyre,16,TR09,Sunrise Logistics Solutions,2025-04-03 07:42,2025-04-03 09:40,2025-04-03 10:15,2025-04-03 10:42,2025-04-05,2025-04-05,On Time,0,Not Applicable,57153.15,1548,1
TRIP009918,2025-04-03,PL05,Hyderabad Assembly Unit,Nagpur,Hyderabad - Nagpur,PD03,Cement Bags,19.26,VH044,Container 32ft SXL,22,TR07,Om Sai Transport,2025-04-03 07:27,2025-04-03 09:47,2025-04-03 10:23,2025-04-03 10:40,2025-04-04,2025-04-04,On Time,0,Not Applicable,25035.06,526,1
TRIP000701,2025-04-03,PL04,Vadodara Processing Plant,Guwahati,Vadodara - Guwahati,PD08,Textile Rolls,15.02,VH042,Container 32ft SXL,22,TR12,Trident Transport Services,2025-04-03 08:27,2025-04-03 10:07,2025-04-03 11:04,2025-04-03 11:35,2025-04-06,2025-04-05,On Time,0,Not Applicable,79775.31,2355,1
TRIP003133,2025-04-03,PL01,Pune Manufacturing Unit,Patna,Pune - Patna,PD06,Electrical Cables,23.4,VH020,Container 32ft MXL,28,TR01,Bharat Road Carriers,2025-04-03 08:59,2025-04-03 10:48,2025-04-03 11:33,2025-04-03 12:14,2025-04-05,2025-04-05,On Time,0,Not Applicable,85994.27,1665,1
TRIP006146,2025-04-04,PL05,Hyderabad Assembly Unit,Guwahati,Hyderabad - Guwahati,PD05,Auto Components,25.71,VH017,Container 32ft MXL,28,TR06,Ganesh Roadlines,2025-04-04 06:52,2025-04-04 08:59,2025-04-04 09:31,2025-04-04 10:03,2025-04-06,2025-04-06,On Time,0,Not Applicable,133067.81,2228,1
TRIP001054,2025-04-04,PL05,Hyderabad Assembly Unit,Mumbai,Hyderabad - Mumbai,PD06,Electrical Cables,25.12,VH017,Container 32ft MXL,28,TR06,Ganesh Roadlines,2025-04-04 07:58,2025-04-04 11:09,2025-04-04 12:03,2025-04-04 12:18,2025-04-05,2025-04-05,On Time,0,Not Applicable,41195.46,675,1
TRIP008573,2025-04-04,PL05,Hyderabad Assembly Unit,Nagpur,Hyderabad - Nagpur,PD08,Textile Rolls,18.0,VH019,Container 20ft,18,TR07,Om Sai Transport,2025-04-04 06:53,2025-04-04 09:44,2025-04-04 10:31,2025-04-04 11:00,2025-04-05,2025-04-05,On Time,0,Not Applicable,20906.01,454,1
TRIP007066,2025-04-05,PL06,Indore Manufacturing Unit,Nagpur,Indore - Nagpur,PD04,PVC Granules,29.09,VH051,Trailer 40ft,35,TR07,Om Sai Transport,2025-04-05 10:01,2025-04-05 12:49,2025-04-05 13:22,2025-04-05 13:38,2025-04-06,2025-04-05,On Time,0,Not Applicable,22165.75,320,1
TRIP006331,2025-04-06,PL05,Hyderabad Assembly Unit,Guwahati,Hyderabad - Guwahati,PD04,PVC Granules,26.81,VH011,Container 32ft MXL,28,TR18,Deccan Transport Co.,2025-04-06 09:41,2025-04-06 11:18,2025-04-06 11:50,2025-04-06 12:16,2025-04-09,2025-04-08,On Time,0,Not Applicable,144806.48,1981,1
TRIP006921,2025-04-06,PL05,Hyderabad Assembly Unit,Guwahati,Hyderabad - Guwahati,PD02,Steel Pipes,7.82,VH060,Open Truck 6 Tyre,9,TR15,Apex Logistics India,2025-04-06 09:11,2025-04-06 11:53,2025-04-06 12:48,2025-04-06 13:11,2025-04-08,2025-04-08,On Time,0,Not Applicable,41020.59,2077,1
TRIP008139,2025-04-07,PL02,Chennai Production Plant,Nagpur,Chennai - Nagpur,PD05,Auto Components,17.32,VH026,Container 32ft SXL,22,TR09,Sunrise Logistics Solutions,2025-04-07 09:10,2025-04-07 11:45,2025-04-07 12:07,2025-04-07 12:43,2025-04-09,2025-04-09,On Time,0,Not Applicable,49604.03,1212,1
TRIP002964,2025-04-07,PL05,Hyderabad Assembly Unit,Bhopal,Hyderabad - Bhopal,PD07,Packaged Tiles,23.59,VH013,Container 32ft MXL,28,TR08,Kaveri Cargo Movers,2025-04-07 06:52,2025-04-07 09:24,2025-04-07 10:17,2025-04-07 10:49,2025-04-08,2025-04-08,On Time,0,Not Applicable,39004.14,718,1
TRIP000102,2025-04-07,PL05,Hyderabad Assembly Unit,Bhopal,Hyderabad - Bhopal,PD01,Steel Coils,26.39,VH059,Container 32ft MXL,28,TR05,Speedway Logistics Pvt Ltd,2025-04-07 10:10,2025-04-07 11:57,2025-04-07 12:52,2025-04-07 13:30,2025-04-08,2025-04-08,On Time,0,Not Applicable,47138.27,691,1
TRIP010568,2025-04-07,PL05,Hyderabad Assembly Unit,Guwahati,Hyderabad - Guwahati,PD01,Steel Coils,9.0,VH027,Open Truck 6 Tyre,9,TR13,Punjab Truck Union,2025-04-07 10:13,2025-04-07 13:07,2025-04-07 13:43,2025-04-07 13:54,2025-04-09,2025-04-09,On Time,0,Not Applicable,46468.45,2021,1
TRIP009454,2025-04-07,PL05,Hyderabad Assembly Unit,Bhopal,Hyderabad - Bhopal,PD02,Steel Pipes,25.32,VH032,Container 32ft MXL,28,TR03,Vishal Transport Co.,2025-04-07 07:23,2025-04-07 09:54,2025-04-07 10:42,2025-04-07 10:59,2025-04-08,2025-04-08,On Time,0,Not Applicable,47563.36,721,1
TRIP009859,2025-04-08,PL05,Hyderabad Assembly Unit,Guwahati,Hyderabad - Guwahati,PD02,Steel Pipes,8.24,VH014,Open Truck 6 Tyre,9,TR08,Kaveri Cargo Movers,2025-04-08 08:11,2025-04-08 10:48,2025-04-08 11:46,2025-04-08 12:06,2025-04-10,2025-04-12,Delayed,2,Toll/Checkpoint Delay,44086.42,2214,0
TRIP002632,2025-04-08,PL05,Hyderabad Assembly Unit,Ahmedabad,Hyderabad - Ahmedabad,PD08,Textile Rolls,32.57,VH003,Trailer 40ft,35,TR17,United Freight Corporation,2025-04-08 07:51,2025-04-08 09:51,2025-04-08 10:48,2025-04-08 11:00,2025-04-10,2025-04-10,On Time,0,Not Applicable,99859.44,1285,1
TRIP003245,2025-04-09,PL05,Hyderabad Assembly Unit,Mumbai,Hyderabad - Mumbai,PD07,Packaged Tiles,17.49,VH047,Container 32ft SXL,22,TR07,Om Sai Transport,2025-04-09 08:09,2025-04-09 10:50,2025-04-09 11:07,2025-04-09 11:36,2025-04-10,2025-04-10,On Time,0,Not Applicable,28465.26,682,1
TRIP003449,2025-04-09,PL05,Hyderabad Assembly Unit,Bhopal,Hyderabad - Bhopal,PD04,PVC Granules,26.23,VH032,Container 32ft MXL,28,TR03,Vishal Transport Co.,2025-04-09 10:50,2025-04-09 12:33,2025-04-09 12:59,2025-04-09 13:24,2025-04-10,2025-04-10,On Time,0,Not Applicable,53047.12,820,1
TRIP011999,2025-04-09,PL05,Hyderabad Assembly Unit,Mumbai,Hyderabad - Mumbai,PD02,Steel Pipes,21.45,VH011,Container 32ft MXL,28,TR18,Deccan Transport Co.,2025-04-09 08:25,2025-04-09 10:47,2025-04-09 11:13,2025-04-09 11:23,2025-04-10,2025-04-10,On Time,0,Not Applicable,43267.06,734,1
TRIP001122,2025-04-09,PL02,Chennai Production Plant,Bhopal,Chennai - Bhopal,PD08,Textile Rolls,27.09,VH022,Container 32ft MXL,28,TR02,Shree Balaji Logistics,2025-04-09 08:30,2025-04-09 09:58,2025-04-09 10:44,2025-04-09 10:59,2025-04-11,2025-04-11,On Time,0,Not Applicable,98193.14,1564,1
TRIP009929,2025-04-09,PL02,Chennai Production Plant,Kolkata,Chennai - Kolkata,PD04,PVC Granules,8.63,VH012,Open Truck 10 Tyre,16,TR12,Trident Transport Services,2025-04-09 10:28,2025-04-09 12:06,2025-04-09 12:21,2025-04-09 12:43,2025-04-11,2025-04-10,On Time,0,Not Applicable,34382.59,1658,1
TRIP004786,2025-04-11,PL01,Pune Manufacturing Unit,Nagpur,Pune - Nagpur,PD01,Steel Coils,8.87,VH043,Open Truck 6 Tyre,9,TR11,Reliable Roadways,2025-04-11 07:22,2025-04-11 09:36,2025-04-11 10:29,2025-04-11 11:10,2025-04-12,2025-04-11,On Time,0,Not Applicable,10120.69,457,1
TRIP004650,2025-04-11,PL05,Hyderabad Assembly Unit,Mumbai,Hyderabad - Mumbai,PD01,Steel Coils,20.1,VH047,Container 32ft SXL,22,TR07,Om Sai Transport,2025-04-11 08:17,2025-04-11 10:13,2025-04-11 10:53,2025-04-11 11:03,2025-04-12,2025-04-12,On Time,0,Not Applicable,34330.45,739,1
TRIP007756,2025-04-11,PL05,Hyderabad Assembly Unit,Bhopal,Hyderabad - Bhopal,PD05,Auto Components,28.0,VH015,Container 32ft MXL,28,TR08,Kaveri Cargo Movers,2025-04-11 09:44,2025-04-11 11:26,2025-04-11 11:58,2025-04-11 12:29,2025-04-12,2025-04-12,On Time,0,Not Applicable,53350.82,773,1
TRIP005358,2025-04-11,PL05,Hyderabad Assembly Unit,Mumbai,Hyderabad - Mumbai,PD05,Auto Components,27.19,VH038,Container 32ft MXL,28,TR07,Om Sai Transport,2025-04-11 06:00,2025-04-11 08:09,2025-04-11 08:53,2025-04-11 09:23,2025-04-12,2025-04-12,On Time,0,Not Applicable,49875.8,739,1
TRIP000938,2025-04-11,PL01,Pune Manufacturing Unit,Bhopal,Pune - Bhopal,PD01,Steel Coils,27.36,VH022,Container 32ft MXL,28,TR02,Shree Balaji Logistics,2025-04-11 09:27,2025-04-11 10:18,2025-04-11 10:48,2025-04-11 11:14,2025-04-12,2025-04-12,On Time,0,Not Applicable,39190.54,663,1
TRIP005887,2025-04-12,PL05,Hyderabad Assembly Unit,Bhopal,Hyderabad - Bhopal,PD06,Electrical Cables,17.11,VH004,Container 20ft,18,TR06,Ganesh Roadlines,2025-04-12 06:23,2025-04-12 07:09,2025-04-12 07:34,2025-04-12 08:05,2025-04-13,2025-04-12,On Time,0,Not Applicable,31231.23,767,1
TRIP003895,2025-04-12,PL05,Hyderabad Assembly Unit,Guwahati,Hyderabad - Guwahati,PD02,Steel Pipes,14.05,VH052,Open Truck 10 Tyre,16,TR17,United Freight Corporation,2025-04-12 07:26,2025-04-12 09:59,2025-04-12 10:24,2025-04-12 11:08,2025-04-14,2025-04-14,On Time,0,Not Applicable,72767.13,2161,1
TRIP002877,2025-04-13,PL05,Hyderabad Assembly Unit,Nagpur,Hyderabad - Nagpur,PD06,Electrical Cables,27.99,VH005,Trailer 40ft,35,TR08,Kaveri Cargo Movers,2025-04-13 10:20,2025-04-13 12:31,2025-04-13 12:46,2025-04-13 13:28,2025-04-14,2025-04-14,On Time,0,Not Applicable,36195.36,521,1
TRIP007693,2025-04-13,PL05,Hyderabad Assembly Unit,Jaipur,Hyderabad - Jaipur,PD06,Electrical Cables,14.45,VH018,Container 32ft SXL,22,TR04,National Freight Movers,2025-04-13 07:54,2025-04-13 10:09,2025-04-13 10:52,2025-04-13 11:31,2025-04-15,2025-04-14,On Time,0,Not Applicable,43327.64,1214,1
TRIP011102,2025-04-13,PL05,Hyderabad Assembly Unit,Nagpur,Hyderabad - Nagpur,PD05,Auto Components,9.1,VH050,Container 20ft,18,TR18,Deccan Transport Co.,2025-04-13 06:54,2025-04-13 09:34,2025-04-13 10:22,2025-04-13 11:05,2025-04-14,2025-04-13,On Time,0,Not Applicable,12063.35,481,1
TRIP001698,2025-04-13,PL05,Hyderabad Assembly Unit,Nagpur,Hyderabad - Nagpur,PD06,Electrical Cables,19.22,VH033,Container 32ft SXL,22,TR09,Sunrise Logistics Solutions,2025-04-13 10:21,2025-04-13 11:10,2025-04-13 11:29,2025-04-13 11:48,2025-04-14,2025-04-15,Delayed,1,Customer Site Congestion,19561.94,467,0
TRIP008303,2025-04-14,PL05,Hyderabad Assembly Unit,Mumbai,Hyderabad - Mumbai,PD04,PVC Granules,17.34,VH041,Container 32ft SXL,22,TR13,Punjab Truck Union,2025-04-14 10:34,2025-04-14 13:15,2025-04-14 14:08,2025-04-14 14:25,2025-04-15,2025-04-15,On Time,0,Not Applicable,32276.59,693,1
TRIP005837,2025-04-14,PL02,Chennai Production Plant,Guwahati,Chennai - Guwahati,PD08,Textile Rolls,18.66,VH009,Container 32ft SXL,22,TR10,Metro Freight Carriers,2025-04-14 06:40,2025-04-14 08:02,2025-04-14 08:39,2025-04-14 09:22,2025-04-17,2025-04-17,On Time,0,Not Applicable,107744.17,2770,1
TRIP006715,2025-04-14,PL02,Chennai Production Plant,Bhopal,Chennai - Bhopal,PD03,Cement Bags,14.7,VH018,Container 32ft SXL,22,TR04,National Freight Movers,2025-04-14 08:38,2025-04-14 10:29,2025-04-14 10:58,2025-04-14 11:28,2025-04-16,2025-04-16,On Time,0,Not Applicable,59473.89,1561,1
TRIP001792,2025-04-14,PL05,Hyderabad Assembly Unit,Guwahati,Hyderabad - Guwahati,PD01,Steel Coils,15.25,VH029,Open Truck 10 Tyre,16,TR17,United Freight Corporation,2025-04-14 07:14,2025-04-14 09:19,2025-04-14 10:08,2025-04-14 10:43,2025-04-16,2025-04-17,Delayed,1,Documentation Delay,76278.3,2078,0
TRIP005021,2025-04-15,PL02,Chennai Production Plant,Bhopal,Chennai - Bhopal,PD07,Packaged Tiles,28.0,VH017,Container 32ft MXL,28,TR06,Ganesh Roadlines,2025-04-15 07:00,2025-04-15 09:32,2025-04-15 09:53,2025-04-15 10:15,2025-04-17,2025-04-17,On Time,0,Not Applicable,98404.73,1508,1
TRIP005131,2025-04-15,PL02,Chennai Production Plant,Guwahati,Chennai - Guwahati,PD07,Packaged Tiles,27.09,VH015,Container 32ft MXL,28,TR08,Kaveri Cargo Movers,2025-04-15 09:20,2025-04-15 11:42,2025-04-15 12:00,2025-04-15 12:32,2025-04-18,2025-04-19,Delayed,1,Loading Delay at Plant,183505.89,2730,0
TRIP005028,2025-04-15,PL01,Pune Manufacturing Unit,Guwahati,Pune - Guwahati,PD04,PVC Granules,7.24,VH028,Open Truck 6 Tyre,9,TR03,Vishal Transport Co.,2025-04-15 08:49,2025-04-15 12:16,2025-04-15 13:10,2025-04-15 13:30,2025-04-17,2025-04-17,On Time,0,Not Applicable,38170.89,2064,1
TRIP008698,2025-04-16,PL02,Chennai Production Plant,Kolkata,Chennai - Kolkata,PD01,Steel Coils,15.6,VH053,Open Truck 10 Tyre,16,TR09,Sunrise Logistics Solutions,2025-04-16 09:16,2025-04-16 11:11,2025-04-16 12:09,2025-04-16 12:29,2025-04-18,2025-04-18,On Time,0,Not Applicable,64608.58,1744,1
TRIP003858,2025-04-16,PL02,Chennai Production Plant,Ahmedabad,Chennai - Ahmedabad,PD07,Packaged Tiles,14.23,VH053,Open Truck 10 Tyre,16,TR09,Sunrise Logistics Solutions,2025-04-16 09:58,2025-04-16 11:15,2025-04-16 11:36,2025-04-16 12:05,2025-04-18,2025-04-18,On Time,0,Not Applicable,62571.9,1905,1
TRIP011716,2025-04-16,PL02,Chennai Production Plant,Guwahati,Chennai - Guwahati,PD02,Steel Pipes,7.32,VH010,Open Truck 6 Tyre,9,TR15,Apex Logistics India,2025-04-16 09:16,2025-04-16 11:09,2025-04-16 11:24,2025-04-16 12:05,2025-04-19,2025-04-18,On Time,0,Not Applicable,52233.05,2770,1
TRIP001384,2025-04-16,PL04,Vadodara Processing Plant,Bhopal,Vadodara - Bhopal,PD08,Textile Rolls,17.62,VH024,Container 20ft,18,TR14,Coastal Cargo Carriers,2025-04-16 10:43,2025-04-16 13:53,2025-04-16 14:43,2025-04-16 15:22,2025-04-17,2025-04-17,On Time,0,Not Applicable,27462.31,610,1
TRIP004128,2025-04-16,PL05,Hyderabad Assembly Unit,Guwahati,Hyderabad - Guwahati,PD06,Electrical Cables,7.93,VH010,Open Truck 6 Tyre,9,TR15,Apex Logistics India,2025-04-16 10:46,2025-04-16 13:29,2025-04-16 14:17,2025-04-16 14:52,2025-04-18,2025-04-18,On Time,0,Not Applicable,44966.25,2080,1
TRIP005426,2025-04-16,PL05,Hyderabad Assembly Unit,Jaipur,Hyderabad - Jaipur,PD07,Packaged Tiles,31.1,VH005,Trailer 40ft,35,TR08,Kaveri Cargo Movers,2025-04-16 08:52,2025-04-16 12:07,2025-04-16 12:42,2025-04-16 12:53,2025-04-18,2025-04-18,On Time,0,Not Applicable,102522.3,1372,1
TRIP010751,2025-04-17,PL05,Hyderabad Assembly Unit,Guwahati,Hyderabad - Guwahati,PD03,Cement Bags,19.61,VH025,Container 32ft SXL,22,TR13,Punjab Truck Union,2025-04-17 06:22,2025-04-17 09:59,2025-04-17 10:18,2025-04-17 10:42,2025-04-20,2025-04-19,On Time,0,Not Applicable,109273.49,2135,1
TRIP004149,2025-04-17,PL05,Hyderabad Assembly Unit,Nagpur,Hyderabad - Nagpur,PD06,Electrical Cables,25.99,VH038,Container 32ft MXL,28,TR07,Om Sai Transport,2025-04-17 09:05,2025-04-17 11:43,2025-04-17 12:01,2025-04-17 12:43,2025-04-18,2025-04-18,On Time,0,Not Applicable,29542.56,451,1
TRIP005415,2025-04-17,PL02,Chennai Production Plant,Jaipur,Chennai - Jaipur,PD01,Steel Coils,19.27,VH023,Container 32ft SXL,22,TR14,Coastal Cargo Carriers,2025-04-17 10:04,2025-04-17 11:41,2025-04-17 12:08,2025-04-17 12:25,2025-04-19,2025-04-19,On Time,0,Not Applicable,91737.05,2026,1
TRIP011352,2025-04-18,PL05,Hyderabad Assembly Unit,Bhopal,Hyderabad - Bhopal,PD05,Auto Components,33.4,VH005,Trailer 40ft,35,TR08,Kaveri Cargo Movers,2025-04-18 08:44,2025-04-18 10:41,2025-04-18 11:00,2025-04-18 11:25,2025-04-19,2025-04-19,On Time,0,Not Applicable,61879.23,754,1
TRIP004005,2025-04-18,PL05,Hyderabad Assembly Unit,Bhopal,Hyderabad - Bhopal,PD08,Textile Rolls,11.72,VH036,Container 32ft SXL,22,TR09,Sunrise Logistics Solutions,2025-04-18 06:37,2025-04-18 08:41,2025-04-18 09:07,2025-04-18 09:32,2025-04-19,2025-04-20,Delayed,1,Route Diversion,20469.43,780,0
TRIP002232,2025-04-19,PL05,Hyderabad Assembly Unit,Guwahati,Hyderabad - Guwahati,PD05,Auto Components,15.98,VH001,Container 20ft,18,TR16,Shakti Road Carriers,2025-04-19 09:39,2025-04-19 11:13,2025-04-19 11:39,2025-04-19 12:20,2025-04-22,2025-04-21,On Time,0,Not Applicable,87613.64,2204,1
TRIP010143,2025-04-20,PL02,Chennai Production Plant,Guwahati,Chennai - Guwahati,PD03,Cement Bags,9.67,VH012,Open Truck 10 Tyre,16,TR12,Trident Transport Services,2025-04-20 06:42,2025-04-20 09:25,2025-04-20 10:21,2025-04-20 10:59,2025-04-23,2025-04-23,On Time,0,Not Applicable,65049.75,2917,1
TRIP002146,2025-04-20,PL05,Hyderabad Assembly Unit,Nagpur,Hyderabad - Nagpur,PD07,Packaged Tiles,21.86,VH039,Container 32ft SXL,22,TR05,Speedway Logistics Pvt Ltd,2025-04-20 08:27,2025-04-20 08:57,2025-04-20 09:31,2025-04-20 09:48,2025-04-21,2025-04-20,On Time,0,Not Applicable,29522.54,486,1
TRIP009140,2025-04-20,PL05,Hyderabad Assembly Unit,Bhopal,Hyderabad - Bhopal,PD03,Cement Bags,18.7,VH039,Container 32ft SXL,22,TR05,Speedway Logistics Pvt Ltd,2025-04-20 09:39,2025-04-20 13:33,2025-04-20 14:04,2025-04-20 14:23,2025-04-21,2025-04-21,On Time,0,Not Applicable,38472.31,772,1
TRIP001651,2025-04-21,PL02,Chennai Production Plant,Bhopal,Chennai - Bhopal,PD08,Textile Rolls,23.45,VH013,Container 32ft MXL,28,TR08,Kaveri Cargo Movers,2025-04-21 06:17,2025-04-21 08:30,2025-04-21 09:22,2025-04-21 09:35,2025-04-23,2025-04-23,On Time,0,Not Applicable,98668.44,1689,1
TRIP000469,2025-04-22,PL05,Hyderabad Assembly Unit,Bhopal,Hyderabad - Bhopal,PD04,PVC Granules,15.76,VH021,Open Truck 10 Tyre,16,TR02,Shree Balaji Logistics,2025-04-22 09:12,2025-04-22 12:24,2025-04-22 13:04,2025-04-22 13:15,2025-04-23,2025-04-23,On Time,0,Not Applicable,30670.78,822,1
TRIP003211,2025-04-22,PL05,Hyderabad Assembly Unit,Bhopal,Hyderabad - Bhopal,PD08,Textile Rolls,13.37,VH058,Open Truck 10 Tyre,16,TR18,Deccan Transport Co.,2025-04-22 10:32,2025-04-22 11:43,2025-04-22 12:02,2025-04-22 12:18,2025-04-23,2025-04-23,On Time,0,Not Applicable,31130.31,827,1
TRIP003035,2025-04-22,PL02,Chennai Production Plant,Nagpur,Chennai - Nagpur,PD01,Steel Coils,7.72,VH014,Open Truck 6 Tyre,9,TR08,Kaveri Cargo Movers,2025-04-22 09:37,2025-04-22 12:01,2025-04-22 12:45,2025-04-22 13:04,2025-04-24,2025-04-23,On Time,0,Not Applicable,25592.19,1273,1
TRIP009819,2025-04-22,PL05,Hyderabad Assembly Unit,Bhopal,Hyderabad - Bhopal,PD04,PVC Granules,22.99,VH002,Container 32ft MXL,28,TR06,Ganesh Roadlines,2025-04-22 06:15,2025-04-22 09:02,2025-04-22 09:29,2025-04-22 10:10,2025-04-23,2025-04-23,On Time,0,Not Applicable,40491.69,793,1
TRIP007086,2025-04-23,PL03,Ludhiana Fabrication Unit,Bengaluru,Ludhiana - Bengaluru,PD06,Electrical Cables,35.0,VH055,Trailer 40ft,35,TR09,Sunrise Logistics Solutions,2025-04-23 09:25,2025-04-23 10:20,2025-04-23 11:19,2025-04-23 11:49,2025-04-25,2025-04-25,On Time,0,Not Applicable,167765.81,2032,1
TRIP001140,2025-04-23,PL05,Hyderabad Assembly Unit,Guwahati,Hyderabad - Guwahati,PD03,Cement Bags,33.47,VH003,Trailer 40ft,35,TR17,United Freight Corporation,2025-04-23 10:22,2025-04-23 13:46,2025-04-23 14:38,2025-04-23 15:05,2025-04-26,2025-04-27,Delayed,1,Customer Site Congestion,158518.6,2133,0
TRIP000851,2025-04-23,PL05,Hyderabad Assembly Unit,Kolkata,Hyderabad - Kolkata,PD01,Steel Coils,22.42,VH002,Container 32ft MXL,28,TR06,Ganesh Roadlines,2025-04-23 07:35,2025-04-23 09:37,2025-04-23 10:02,2025-04-23 10:19,2025-04-25,2025-04-25,On Time,0,Not Applicable,75550.96,1513,1
TRIP004873,2025-04-23,PL05,Hyderabad Assembly Unit,Mumbai,Hyderabad - Mumbai,PD02,Steel Pipes,19.97,VH025,Container 32ft SXL,22,TR13,Punjab Truck Union,2025-04-23 07:06,2025-04-23 09:08,2025-04-23 09:27,2025-04-23 09:49,2025-04-24,2025-04-24,On Time,0,Not Applicable,38141.52,745,1
TRIP003370,2025-04-23,PL06,Indore Manufacturing Unit,Bhopal,Indore - Bhopal,PD06,Electrical Cables,19.24,VH033,Container 32ft SXL,22,TR09,Sunrise Logistics Solutions,2025-04-23 08:45,2025-04-23 11:16,2025-04-23 11:46,2025-04-23 12:09,2025-04-23,2025-04-23,On Time,0,Not Applicable,1328.33,20,1
TRIP001615,2025-04-23,PL04,Vadodara Processing Plant,Bhopal,Vadodara - Bhopal,PD01,Steel Coils,18.0,VH001,Container 20ft,18,TR16,Shakti Road Carriers,2025-04-23 08:49,2025-04-23 11:46,2025-04-23 12:20,2025-04-23 12:43,2025-04-24,2025-04-24,On Time,0,Not Applicable,25609.05,580,1
TRIP004216,2025-04-23,PL05,Hyderabad Assembly Unit,Guwahati,Hyderabad - Guwahati,PD08,Textile Rolls,7.93,VH014,Open Truck 6 Tyre,9,TR08,Kaveri Cargo Movers,2025-04-23 10:44,2025-04-23 12:42,2025-04-23 13:05,2025-04-23 13:21,2025-04-25,2025-04-25,On Time,0,Not Applicable,39995.6,2035,1
TRIP007755,2025-04-23,PL02,Chennai Production Plant,Guwahati,Chennai - Guwahati,PD07,Packaged Tiles,8.06,VH014,Open Truck 6 Tyre,9,TR08,Kaveri Cargo Movers,2025-04-23 07:08,2025-04-23 09:05,2025-04-23 09:36,2025-04-23 09:53,2025-04-26,2025-04-26,On Time,0,Not Applicable,52588.54,2783,1
TRIP003101,2025-04-24,PL02,Chennai Production Plant,Mumbai,Chennai - Mumbai,PD07,Packaged Tiles,17.24,VH034,Container 20ft,18,TR13,Punjab Truck Union,2025-04-24 09:12,2025-04-24 11:47,2025-04-24 12:14,2025-04-24 12:33,2025-04-26,2025-04-25,On Time,0,Not Applicable,58702.14,1337,1
TRIP000748,2025-04-25,PL05,Hyderabad Assembly Unit,Bhopal,Hyderabad - Bhopal,PD05,Auto Components,25.86,VH008,Container 32ft MXL,28,TR11,Reliable Roadways,2025-04-25 07:04,2025-04-25 08:49,2025-04-25 09:46,2025-04-25 09:59,2025-04-26,2025-04-26,On Time,0,Not Applicable,52486.89,812,1
TRIP011098,2025-04-25,PL01,Pune Manufacturing Unit,Bhopal,Pune - Bhopal,PD08,Textile Rolls,12.68,VH023,Container 32ft SXL,22,TR14,Coastal Cargo Carriers,2025-04-25 08:29,2025-04-25 10:00,2025-04-25 10:34,2025-04-25 11:03,2025-04-26,2025-04-26,On Time,0,Not Applicable,20416.1,637,1
TRIP008302,2025-04-25,PL05,Hyderabad Assembly Unit,Kolkata,Hyderabad - Kolkata,PD01,Steel Coils,14.43,VH007,Open Truck 10 Tyre,16,TR03,Vishal Transport Co.,2025-04-25 06:15,2025-04-25 08:08,2025-04-25 09:06,2025-04-25 09:29,2025-04-27,2025-04-26,On Time,0,Not Applicable,49650.77,1337,1
TRIP003049,2025-04-25,PL05,Hyderabad Assembly Unit,Nagpur,Hyderabad - Nagpur,PD03,Cement Bags,25.75,VH013,Container 32ft MXL,28,TR08,Kaveri Cargo Movers,2025-04-25 06:53,2025-04-25 09:08,2025-04-25 09:28,2025-04-25 09:49,2025-04-26,2025-04-25,On Time,0,Not Applicable,30657.0,477,1
TRIP006499,2025-04-26,PL02,Chennai Production Plant,Guwahati,Chennai - Guwahati,PD06,Electrical Cables,8.11,VH028,Open Truck 6 Tyre,9,TR03,Vishal Transport Co.,2025-04-26 06:18,2025-04-26 09:36,2025-04-26 09:52,2025-04-26 10:16,2025-04-28,2025-04-28,On Time,0,Not Applicable,55767.03,2732,1
TRIP007999,2025-04-26,PL01,Pune Manufacturing Unit,Bhopal,Pune - Bhopal,PD04,PVC Granules,15.35,VH024,Container 20ft,18,TR14,Coastal Cargo Carriers,2025-04-26 07:14,2025-04-26 09:25,2025-04-26 09:45,2025-04-26 10:15,2025-04-27,2025-04-27,On Time,0,Not Applicable,25155.03,705,1
TRIP002378,2025-04-26,PL05,Hyderabad Assembly Unit,Jaipur,Hyderabad - Jaipur,PD05,Auto Components,13.38,VH029,Open Truck 10 Tyre,16,TR17,United Freight Corporation,2025-04-26 09:08,2025-04-26 10:07,2025-04-26 10:32,2025-04-26 11:08,2025-04-28,2025-04-27,On Time,0,Not Applicable,41343.39,1356,1
TRIP007119,2025-04-27,PL05,Hyderabad Assembly Unit,Mumbai,Hyderabad - Mumbai,PD03,Cement Bags,15.22,VH054,Container 20ft,18,TR13,Punjab Truck Union,2025-04-27 09:36,2025-04-27 12:54,2025-04-27 13:33,2025-04-27 13:49,2025-04-28,2025-04-28,On Time,0,Not Applicable,25329.16,635,1
TRIP008845,2025-04-27,PL05,Hyderabad Assembly Unit,Jaipur,Hyderabad - Jaipur,PD04,PVC Granules,21.73,VH045,Container 32ft MXL,28,TR18,Deccan Transport Co.,2025-04-27 07:25,2025-04-27 10:07,2025-04-27 10:27,2025-04-27 10:49,2025-04-29,2025-04-30,Delayed,1,Customer Site Congestion,78706.19,1377,0
TRIP000614,2025-04-28,PL05,Hyderabad Assembly Unit,Jaipur,Hyderabad - Jaipur,PD05,Auto Components,31.79,VH035,Trailer 40ft,35,TR09,Sunrise Logistics Solutions,2025-04-28 10:11,2025-04-28 12:01,2025-04-28 12:25,2025-04-28 12:42,2025-04-30,2025-04-30,On Time,0,Not Applicable,87947.57,1292,1
TRIP011541,2025-04-28,PL05,Hyderabad Assembly Unit,Jaipur,Hyderabad - Jaipur,PD08,Textile Rolls,26.03,VH017,Container 32ft MXL,28,TR06,Ganesh Roadlines,2025-04-28 09:26,2025-04-28 12:36,2025-04-28 13:13,2025-04-28 13:24,2025-04-30,2025-04-30,On Time,0,Not Applicable,80463.74,1271,1
TRIP011556,2025-04-29,PL02,Chennai Production Plant,Jaipur,Chennai - Jaipur,PD07,Packaged Tiles,10.78,VH012,Open Truck 10 Tyre,16,TR12,Trident Transport Services,2025-04-29 06:47,2025-04-29 09:02,2025-04-29 09:45,2025-04-29 10:25,2025-05-02,2025-05-01,On Time,0,Not Applicable,55707.19,2229,1
TRIP001321,2025-04-29,PL02,Chennai Production Plant,Kolkata,Chennai - Kolkata,PD05,Auto Components,10.61,VH050,Container 20ft,18,TR18,Deccan Transport Co.,2025-04-29 07:16,2025-04-29 09:26,2025-04-29 09:48,2025-04-29 10:12,2025-05-01,2025-04-30,On Time,0,Not Applicable,51458.04,1787,1
TRIP007511,2025-04-29,PL05,Hyderabad Assembly Unit,Coimbatore,Hyderabad - Coimbatore,PD08,Textile Rolls,26.78,VH022,Container 32ft MXL,28,TR02,Shree Balaji Logistics,2025-04-29 07:29,2025-04-29 10:21,2025-04-29 10:43,2025-04-29 11:26,2025-04-30,2025-04-30,On Time,0,Not Applicable,43238.41,709,1
TRIP009118,2025-04-30,PL02,Chennai Production Plant,Patna,Chennai - Patna,PD07,Packaged Tiles,14.8,VH042,Container 32ft SXL,22,TR12,Trident Transport Services,2025-04-30 07:48,2025-04-30 09:26,2025-04-30 10:17,2025-04-30 10:49,2025-05-02,2025-05-02,On Time,0,Not Applicable,74711.51,2274,1
TRIP010061,2025-04-30,PL05,Hyderabad Assembly Unit,Bhopal,Hyderabad - Bhopal,PD04,PVC Granules,20.53,VH040,Container 32ft SXL,22,TR06,Ganesh Roadlines,2025-04-30 06:18,2025-04-30 08:56,2025-04-30 09:43,2025-04-30 10:07,2025-05-01,2025-05-01,On Time,0,Not Applicable,38832.46,774,1
TRIP011204,2025-05-01,PL02,Chennai Production Plant,Bhopal,Chennai - Bhopal,PD01,Steel Coils,8.52,VH014,Open Truck 6 Tyre,9,TR08,Kaveri Cargo Movers,2025-05-01 06:28,2025-05-01 07:57,2025-05-01 08:31,2025-05-01 09:12,2025-05-03,2025-05-02,On Time,0,Not Applicable,31056.71,1480,1
TRIP002453,2025-05-01,PL02,Chennai Production Plant,Guwahati,Chennai - Guwahati,PD08,Textile Rolls,21.21,VH016,Container 32ft MXL,28,TR15,Apex Logistics India,2025-05-01 06:01,2025-05-01 08:23,2025-05-01 09:13,2025-05-01 09:52,2025-05-04,2025-05-04,On Time,0,Not Applicable,145917.49,2563,1
TRIP002445,2025-05-01,PL05,Hyderabad Assembly Unit,Guwahati,Hyderabad - Guwahati,PD01,Steel Coils,23.1,VH059,Container 32ft MXL,28,TR05,Speedway Logistics Pvt Ltd,2025-05-01 07:03,2025-05-01 09:54,2025-05-01 10:29,2025-05-01 10:46,2025-05-04,2025-05-03,On Time,0,Not Applicable,139683.67,2211,1
TRIP001040,2025-05-01,PL05,Hyderabad Assembly Unit,Nagpur,Hyderabad - Nagpur,PD08,Textile Rolls,20.63,VH026,Container 32ft SXL,22,TR09,Sunrise Logistics Solutions,2025-05-01 06:17,2025-05-01 07:21,2025-05-01 07:45,2025-05-01 08:28,2025-05-02,2025-05-01,On Time,0,Not Applicable,24443.02,513,1
TRIP010502,2025-05-01,PL02,Chennai Production Plant,Nagpur,Chennai - Nagpur,PD08,Textile Rolls,17.91,VH031,Container 20ft,18,TR17,United Freight Corporation,2025-05-01 09:41,2025-05-01 12:02,2025-05-01 13:00,2025-05-01 13:29,2025-05-02,2025-05-02,On Time,0,Not Applicable,51893.16,1210,1
TRIP004044,2025-05-01,PL02,Chennai Production Plant,Bhopal,Chennai - Bhopal,PD05,Auto Components,17.27,VH004,Container 20ft,18,TR06,Ganesh Roadlines,2025-05-01 10:00,2025-05-01 12:35,2025-05-01 13:20,2025-05-01 13:58,2025-05-03,2025-05-03,On Time,0,Not Applicable,67401.47,1689,1
TRIP004839,2025-05-02,PL03,Ludhiana Fabrication Unit,Kolkata,Ludhiana - Kolkata,PD03,Cement Bags,34.46,VH005,Trailer 40ft,35,TR08,Kaveri Cargo Movers,2025-05-02 08:22,2025-05-02 10:00,2025-05-02 10:57,2025-05-02 11:10,2025-05-04,2025-05-04,On Time,0,Not Applicable,126572.32,1611,1
TRIP001079,2025-05-02,PL02,Chennai Production Plant,Jaipur,Chennai - Jaipur,PD03,Cement Bags,8.54,VH048,Open Truck 6 Tyre,9,TR03,Vishal Transport Co.,2025-05-02 06:54,2025-05-02 08:56,2025-05-02 09:23,2025-05-02 09:58,2025-05-04,2025-05-04,On Time,0,Not Applicable,47169.47,2174,1
TRIP002035,2025-05-02,PL05,Hyderabad Assembly Unit,Bhopal,Hyderabad - Bhopal,PD02,Steel Pipes,17.82,VH019,Container 20ft,18,TR07,Om Sai Transport,2025-05-02 09:50,2025-05-02 11:44,2025-05-02 12:29,2025-05-02 12:51,2025-05-03,2025-05-04,Delayed,1,Vehicle Breakdown,30851.78,760,0
TRIP001209,2025-05-02,PL04,Vadodara Processing Plant,Guwahati,Vadodara - Guwahati,PD04,PVC Granules,8.25,VH060,Open Truck 6 Tyre,9,TR15,Apex Logistics India,2025-05-02 08:17,2025-05-02 10:52,2025-05-02 11:20,2025-05-02 11:37,2025-05-05,2025-05-04,On Time,0,Not Applicable,57241.62,2499,1
TRIP007563,2025-05-02,PL05,Hyderabad Assembly Unit,Bhopal,Hyderabad - Bhopal,PD07,Packaged Tiles,17.66,VH047,Container 32ft SXL,22,TR07,Om Sai Transport,2025-05-02 07:19,2025-05-02 10:08,2025-05-02 10:59,2025-05-02 11:16,2025-05-03,2025-05-04,Delayed,1,Vehicle Breakdown,34332.92,851,0
TRIP001609,2025-05-03,PL05,Hyderabad Assembly Unit,Mumbai,Hyderabad - Mumbai,PD07,Packaged Tiles,15.3,VH036,Container 32ft SXL,22,TR09,Sunrise Logistics Solutions,2025-05-03 09:47,2025-05-03 12:01,2025-05-03 12:28,2025-05-03 12:40,2025-05-04,2025-05-05,Delayed,1,Documentation Delay,23265.46,700,0
TRIP007621,2025-05-03,PL02,Chennai Production Plant,Bhopal,Chennai - Bhopal,PD03,Cement Bags,19.34,VH033,Container 32ft SXL,22,TR09,Sunrise Logistics Solutions,2025-05-03 06:51,2025-05-03 08:22,2025-05-03 09:02,2025-05-03 09:38,2025-05-05,2025-05-05,On Time,0,Not Applicable,72877.3,1627,1
TRIP010697,2025-05-04,PL02,Chennai Production Plant,Guwahati,Chennai - Guwahati,PD06,Electrical Cables,14.26,VH029,Open Truck 10 Tyre,16,TR17,United Freight Corporation,2025-05-04 06:10,2025-05-04 09:21,2025-05-04 09:52,2025-05-04 10:05,2025-05-07,2025-05-07,On Time,0,Not Applicable,98876.15,2927,1
TRIP000252,2025-05-04,PL05,Hyderabad Assembly Unit,Guwahati,Hyderabad - Guwahati,PD08,Textile Rolls,20.35,VH041,Container 32ft SXL,22,TR13,Punjab Truck Union,2025-05-04 07:31,2025-05-04 08:59,2025-05-04 09:19,2025-05-04 10:03,2025-05-07,2025-05-07,On Time,0,Not Applicable,117495.62,2174,1
TRIP006441,2025-05-04,PL02,Chennai Production Plant,Guwahati,Chennai - Guwahati,PD07,Packaged Tiles,24.41,VH013,Container 32ft MXL,28,TR08,Kaveri Cargo Movers,2025-05-04 10:11,2025-05-04 11:18,2025-05-04 12:02,2025-05-04 12:22,2025-05-08,2025-05-07,On Time,0,Not Applicable,161514.82,2659,1
TRIP003205,2025-05-05,PL04,Vadodara Processing Plant,Bhopal,Vadodara - Bhopal,PD05,Auto Components,23.51,VH013,Container 32ft MXL,28,TR08,Kaveri Cargo Movers,2025-05-05 10:28,2025-05-05 12:15,2025-05-05 12:46,2025-05-05 13:19,2025-05-06,2025-05-06,On Time,0,Not Applicable,32433.02,604,1
TRIP011481,2025-05-05,PL04,Vadodara Processing Plant,Guwahati,Vadodara - Guwahati,PD06,Electrical Cables,9.0,VH043,Open Truck 6 Tyre,9,TR11,Reliable Roadways,2025-05-05 08:39,2025-05-05 10:15,2025-05-05 10:33,2025-05-05 10:44,2025-05-07,2025-05-07,On Time,0,Not Applicable,55218.88,2527,1
TRIP007223,2025-05-05,PL04,Vadodara Processing Plant,Bhopal,Vadodara - Bhopal,PD07,Packaged Tiles,12.55,VH042,Container 32ft SXL,22,TR12,Trident Transport Services,2025-05-05 10:15,2025-05-05 12:07,2025-05-05 12:43,2025-05-05 13:05,2025-05-06,2025-05-06,On Time,0,Not Applicable,18154.52,588,1
TRIP003004,2025-05-05,PL05,Hyderabad Assembly Unit,Jaipur,Hyderabad - Jaipur,PD02,Steel Pipes,33.74,VH056,Trailer 40ft,35,TR05,Speedway Logistics Pvt Ltd,2025-05-05 10:33,2025-05-05 12:34,2025-05-05 13:13,2025-05-05 13:39,2025-05-07,2025-05-07,On Time,0,Not Applicable,116888.09,1308,1
TRIP005338,2025-05-06,PL05,Hyderabad Assembly Unit,Mumbai,Hyderabad - Mumbai,PD06,Electrical Cables,19.77,VH026,Container 32ft SXL,22,TR09,Sunrise Logistics Solutions,2025-05-06 08:44,2025-05-06 10:43,2025-05-06 11:13,2025-05-06 11:23,2025-05-07,2025-05-07,On Time,0,Not Applicable,31322.4,731,1
TRIP002874,2025-05-06,PL05,Hyderabad Assembly Unit,Guwahati,Hyderabad - Guwahati,PD08,Textile Rolls,13.43,VH054,Container 20ft,18,TR13,Punjab Truck Union,2025-05-06 10:16,2025-05-06 12:46,2025-05-06 13:41,2025-05-06 14:03,2025-05-08,2025-05-08,On Time,0,Not Applicable,68896.19,2096,1
TRIP010821,2025-05-06,PL01,Pune Manufacturing Unit,Bhopal,Pune - Bhopal,PD01,Steel Coils,17.16,VH031,Container 20ft,18,TR17,United Freight Corporation,2025-05-06 09:21,2025-05-06 12:22,2025-05-06 13:08,2025-05-06 13:40,2025-05-07,2025-05-07,On Time,0,Not Applicable,26001.16,683,1
TRIP001278,2025-05-07,PL05,Hyderabad Assembly Unit,Ahmedabad,Hyderabad - Ahmedabad,PD04,PVC Granules,16.64,VH034,Container 20ft,18,TR13,Punjab Truck Union,2025-05-07 08:28,2025-05-07 10:15,2025-05-07 10:56,2025-05-07 11:09,2025-05-08,2025-05-08,On Time,0,Not Applicable,47672.47,1148,1
TRIP005101,2025-05-07,PL05,Hyderabad Assembly Unit,Nagpur,Hyderabad - Nagpur,PD08,Textile Rolls,16.0,VH006,Open Truck 10 Tyre,16,TR12,Trident Transport Services,2025-05-07 06:26,2025-05-07 08:57,2025-05-07 09:56,2025-05-07 10:40,2025-05-08,2025-05-07,On Time,0,Not Applicable,18581.29,515,1
TRIP007734,2025-05-07,PL05,Hyderabad Assembly Unit,Bhopal,Hyderabad - Bhopal,PD08,Textile Rolls,11.7,VH021,Open Truck 10 Tyre,16,TR02,Shree Balaji Logistics,2025-05-07 10:44,2025-05-07 11:46,2025-05-07 12:03,2025-05-07 12:26,2025-05-08,2025-05-08,On Time,0,Not Applicable,20581.71,829,1
TRIP004030,2025-05-08,PL06,Indore Manufacturing Unit,Jaipur,Indore - Jaipur,PD05,Auto Components,16.25,VH024,Container 20ft,18,TR14,Coastal Cargo Carriers,2025-05-08 08:31,2025-05-08 10:03,2025-05-08 10:52,2025-05-08 11:11,2025-05-09,2025-05-08,On Time,0,Not Applicable,19521.12,475,1
TRIP005047,2025-05-09,PL05,Hyderabad Assembly Unit,Jaipur,Hyderabad - Jaipur,PD03,Cement Bags,9.0,VH027,Open Truck 6 Tyre,9,TR13,Punjab Truck Union,2025-05-09 07:54,2025-05-09 11:10,2025-05-09 11:50,2025-05-09 12:08,2025-05-11,2025-05-13,Delayed,2,Toll/Checkpoint Delay,32166.6,1345,0
TRIP004318,2025-05-09,PL02,Chennai Production Plant,Patna,Chennai - Patna,PD07,Packaged Tiles,18.0,VH019,Container 20ft,18,TR07,Om Sai Transport,2025-05-09 09:48,2025-05-09 11:32,2025-05-09 12:12,2025-05-09 12:34,2025-05-11,2025-05-11,On Time,0,Not Applicable,92911.36,2221,1
TRIP011627,2025-05-09,PL04,Vadodara Processing Plant,Bhopal,Vadodara - Bhopal,PD03,Cement Bags,14.25,VH006,Open Truck 10 Tyre,16,TR12,Trident Transport Services,2025-05-09 09:08,2025-05-09 10:49,2025-05-09 11:12,2025-05-09 11:26,2025-05-10,2025-05-10,On Time,0,Not Applicable,19389.88,554,1
TRIP009787,2025-05-09,PL06,Indore Manufacturing Unit,Nagpur,Indore - Nagpur,PD05,Auto Components,15.51,VH006,Open Truck 10 Tyre,16,TR12,Trident Transport Services,2025-05-09 06:52,2025-05-09 08:35,2025-05-09 09:05,2025-05-09 09:41,2025-05-10,2025-05-10,On Time,0,Not Applicable,10717.53,283,1
TRIP004098,2025-05-11,PL04,Vadodara Processing Plant,Mumbai,Vadodara - Mumbai,PD04,PVC Granules,19.33,VH025,Container 32ft SXL,22,TR13,Punjab Truck Union,2025-05-11 10:10,2025-05-11 12:06,2025-05-11 12:42,2025-05-11 13:21,2025-05-12,2025-05-12,On Time,0,Not Applicable,26146.22,549,1
TRIP007348,2025-05-11,PL02,Chennai Production Plant,Bhopal,Chennai - Bhopal,PD01,Steel Coils,28.0,VH059,Container 32ft MXL,28,TR05,Speedway Logistics Pvt Ltd,2025-05-11 07:16,2025-05-11 09:07,2025-05-11 10:06,2025-05-11 10:38,2025-05-13,2025-05-13,On Time,0,Not Applicable,123270.21,1549,1
TRIP003618,2025-05-11,PL06,Indore Manufacturing Unit,Bhopal,Indore - Bhopal,PD03,Cement Bags,15.04,VH024,Container 20ft,18,TR14,Coastal Cargo Carriers,2025-05-11 07:59,2025-05-11 10:43,2025-05-11 11:20,2025-05-11 12:03,2025-05-11,2025-05-11,On Time,0,Not Applicable,1204.36,20,1
TRIP004218,2025-05-11,PL05,Hyderabad Assembly Unit,Nagpur,Hyderabad - Nagpur,PD05,Auto Components,20.26,VH033,Container 32ft SXL,22,TR09,Sunrise Logistics Solutions,2025-05-11 08:39,2025-05-11 10:36,2025-05-11 11:30,2025-05-11 12:06,2025-05-12,2025-05-11,On Time,0,Not Applicable,24870.83,532,1
TRIP003046,2025-05-12,PL05,Hyderabad Assembly Unit,Mumbai,Hyderabad - Mumbai,PD06,Electrical Cables,24.16,VH020,Container 32ft MXL,28,TR01,Bharat Road Carriers,2025-05-12 08:13,2025-05-12 10:36,2025-05-12 11:18,2025-05-12 11:58,2025-05-13,2025-05-13,On Time,0,Not Applicable,38033.32,733,1
TRIP006606,2025-05-12,PL05,Hyderabad Assembly Unit,Jaipur,Hyderabad - Jaipur,PD06,Electrical Cables,15.85,VH053,Open Truck 10 Tyre,16,TR09,Sunrise Logistics Solutions,2025-05-12 09:16,2025-05-12 12:08,2025-05-12 12:37,2025-05-12 12:50,2025-05-14,2025-05-13,On Time,0,Not Applicable,46220.04,1246,1
TRIP007839,2025-05-13,PL01,Pune Manufacturing Unit,Bhopal,Pune - Bhopal,PD03,Cement Bags,18.0,VH031,Container 20ft,18,TR17,United Freight Corporation,2025-05-13 06:11,2025-05-13 07:52,2025-05-13 08:34,2025-05-13 09:03,2025-05-14,2025-05-14,On Time,0,Not Applicable,32532.03,734,1
TRIP002423,2025-05-13,PL05,Hyderabad Assembly Unit,Nagpur,Hyderabad - Nagpur,PD05,Auto Components,13.87,VH029,Open Truck 10 Tyre,16,TR17,United Freight Corporation,2025-05-13 10:56,2025-05-13 11:51,2025-05-13 12:22,2025-05-13 12:39,2025-05-14,2025-05-15,Delayed,1,Route Diversion,16881.22,507,0
TRIP000319,2025-05-13,PL05,Hyderabad Assembly Unit,Bhopal,Hyderabad - Bhopal,PD04,PVC Granules,21.06,VH016,Container 32ft MXL,28,TR15,Apex Logistics India,2025-05-13 10:43,2025-05-13 12:48,2025-05-13 13:26,2025-05-13 13:42,2025-05-14,2025-05-14,On Time,0,Not Applicable,43947.86,778,1
TRIP008938,2025-05-13,PL04,Vadodara Processing Plant,Bhopal,Vadodara - Bhopal,PD02,Steel Pipes,8.54,VH060,Open Truck 6 Tyre,9,TR15,Apex Logistics India,2025-05-13 07:43,2025-05-13 10:31,2025-05-13 11:24,2025-05-13 11:39,2025-05-14,2025-05-13,On Time,0,Not Applicable,13892.21,620,1
TRIP005524,2025-05-13,PL05,Hyderabad Assembly Unit,Bhopal,Hyderabad - Bhopal,PD05,Auto Components,23.57,VH002,Container 32ft MXL,28,TR06,Ganesh Roadlines,2025-05-13 10:47,2025-05-13 14:03,2025-05-13 14:23,2025-05-13 15:03,2025-05-14,2025-05-14,On Time,0,Not Applicable,41058.1,724,1
TRIP004681,2025-05-14,PL04,Vadodara Processing Plant,Jaipur,Vadodara - Jaipur,PD08,Textile Rolls,15.24,VH006,Open Truck 10 Tyre,16,TR12,Trident Transport Services,2025-05-14 06:13,2025-05-14 08:15,2025-05-14 08:59,2025-05-14 09:36,2025-05-15,2025-05-14,On Time,0,Not Applicable,23648.35,688,1
TRIP007310,2025-05-14,PL05,Hyderabad Assembly Unit,Nagpur,Hyderabad - Nagpur,PD07,Packaged Tiles,19.0,VH009,Container 32ft SXL,22,TR10,Metro Freight Carriers,2025-05-14 07:58,2025-05-14 08:28,2025-05-14 08:43,2025-05-14 09:27,2025-05-15,2025-05-14,On Time,0,Not Applicable,20398.84,483,1
TRIP011752,2025-05-14,PL05,Hyderabad Assembly Unit,Nagpur,Hyderabad - Nagpur,PD04,PVC Granules,6.94,VH057,Open Truck 6 Tyre,9,TR14,Coastal Cargo Carriers,2025-05-14 07:11,2025-05-14 11:01,2025-05-14 11:27,2025-05-14 11:38,2025-05-15,2025-05-14,On Time,0,Not Applicable,8985.76,529,1
TRIP005399,2025-05-14,PL05,Hyderabad Assembly Unit,Nagpur,Hyderabad - Nagpur,PD07,Packaged Tiles,20.86,VH039,Container 32ft SXL,22,TR05,Speedway Logistics Pvt Ltd,2025-05-14 07:50,2025-05-14 09:29,2025-05-14 10:07,2025-05-14 10:24,2025-05-15,2025-05-14,On Time,0,Not Applicable,29537.24,507,1
TRIP007214,2025-05-15,PL04,Vadodara Processing Plant,Mumbai,Vadodara - Mumbai,PD05,Auto Components,35.0,VH051,Trailer 40ft,35,TR07,Om Sai Transport,2025-05-15 09:18,2025-05-15 11:36,2025-05-15 12:17,2025-05-15 12:32,2025-05-16,2025-05-16,On Time,0,Not Applicable,42075.76,534,1
TRIP010119,2025-05-16,PL04,Vadodara Processing Plant,Nagpur,Vadodara - Nagpur,PD04,PVC Granules,19.19,VH026,Container 32ft SXL,22,TR09,Sunrise Logistics Solutions,2025-05-16 06:34,2025-05-16 08:36,2025-05-16 09:33,2025-05-16 10:09,2025-05-17,2025-05-17,On Time,0,Not Applicable,35605.62,853,1
TRIP001214,2025-05-16,PL05,Hyderabad Assembly Unit,Nagpur,Hyderabad - Nagpur,PD01,Steel Coils,17.88,VH019,Container 20ft,18,TR07,Om Sai Transport,2025-05-16 10:38,2025-05-16 13:31,2025-05-16 14:10,2025-05-16 14:44,2025-05-17,2025-05-17,On Time,0,Not Applicable,21612.02,499,1
TRIP001434,2025-05-17,PL01,Pune Manufacturing Unit,Guwahati,Pune - Guwahati,PD07,Packaged Tiles,25.26,VH011,Container 32ft MXL,28,TR18,Deccan Transport Co.,2025-05-17 08:05,2025-05-17 09:31,2025-05-17 10:27,2025-05-17 10:54,2025-05-20,2025-05-20,On Time,0,Not Applicable,158503.61,2281,1
TRIP010054,2025-05-17,PL05,Hyderabad Assembly Unit,Delhi NCR,Hyderabad - Delhi NCR,PD06,Electrical Cables,18.04,VH047,Container 32ft SXL,22,TR07,Om Sai Transport,2025-05-17 10:59,2025-05-17 13:39,2025-05-17 14:12,2025-05-17 14:40,2025-05-20,2025-05-20,On Time,0,Not Applicable,73983.48,1682,1
TRIP010505,2025-05-17,PL05,Hyderabad Assembly Unit,Nagpur,Hyderabad - Nagpur,PD04,PVC Granules,16.14,VH004,Container 20ft,18,TR06,Ganesh Roadlines,2025-05-17 06:09,2025-05-17 09:11,2025-05-17 09:58,2025-05-17 10:22,2025-05-18,2025-05-17,On Time,0,Not Applicable,18348.43,484,1
TRIP002756,2025-05-17,PL05,Hyderabad Assembly Unit,Nagpur,Hyderabad - Nagpur,PD03,Cement Bags,13.58,VH018,Container 32ft SXL,22,TR04,National Freight Movers,2025-05-17 07:48,2025-05-17 09:38,2025-05-17 10:11,2025-05-17 10:47,2025-05-18,2025-05-18,On Time,0,Not Applicable,18124.42,498,1
TRIP004630,2025-05-17,PL05,Hyderabad Assembly Unit,Mumbai,Hyderabad - Mumbai,PD06,Electrical Cables,18.27,VH009,Container 32ft SXL,22,TR10,Metro Freight Carriers,2025-05-17 10:12,2025-05-17 12:06,2025-05-17 12:22,2025-05-17 12:41,2025-05-18,2025-05-18,On Time,0,Not Applicable,30908.92,756,1
TRIP002630,2025-05-18,PL04,Vadodara Processing Plant,Guwahati,Vadodara - Guwahati,PD04,PVC Granules,17.98,VH041,Container 32ft SXL,22,TR13,Punjab Truck Union,2025-05-18 07:40,2025-05-18 11:08,2025-05-18 11:25,2025-05-18 12:09,2025-05-21,2025-05-21,On Time,0,Not Applicable,115957.34,2530,1
TRIP009650,2025-05-18,PL01,Pune Manufacturing Unit,Guwahati,Pune - Guwahati,PD08,Textile Rolls,9.0,VH048,Open Truck 6 Tyre,9,TR03,Vishal Transport Co.,2025-05-18 08:10,2025-05-18 10:57,2025-05-18 11:22,2025-05-18 11:56,2025-05-20,2025-05-20,On Time,0,Not Applicable,53932.68,2502,1
TRIP002616,2025-05-18,PL05,Hyderabad Assembly Unit,Bhopal,Hyderabad - Bhopal,PD04,PVC Granules,15.08,VH007,Open Truck 10 Tyre,16,TR03,Vishal Transport Co.,2025-05-18 09:04,2025-05-18 11:38,2025-05-18 12:09,2025-05-18 12:28,2025-05-19,2025-05-19,On Time,0,Not Applicable,30130.32,782,1
TRIP006537,2025-05-19,PL05,Hyderabad Assembly Unit,Bhopal,Hyderabad - Bhopal,PD03,Cement Bags,17.81,VH042,Container 32ft SXL,22,TR12,Trident Transport Services,2025-05-19 09:30,2025-05-19 11:52,2025-05-19 12:46,2025-05-19 13:04,2025-05-20,2025-05-20,On Time,0,Not Applicable,29300.67,710,1
TRIP004194,2025-05-19,PL03,Ludhiana Fabrication Unit,Jaipur,Ludhiana - Jaipur,PD06,Electrical Cables,14.81,VH054,Container 20ft,18,TR13,Punjab Truck Union,2025-05-19 09:39,2025-05-19 12:06,2025-05-19 12:27,2025-05-19 12:44,2025-05-20,2025-05-20,On Time,0,Not Applicable,18871.15,479,1
TRIP006097,2025-05-19,PL05,Hyderabad Assembly Unit,Kolkata,Hyderabad - Kolkata,PD06,Electrical Cables,8.78,VH037,Open Truck 6 Tyre,9,TR03,Vishal Transport Co.,2025-05-19 08:13,2025-05-19 11:14,2025-05-19 11:53,2025-05-19 12:33,2025-05-21,2025-05-20,On Time,0,Not Applicable,37039.8,1586,1
TRIP001884,2025-05-20,PL05,Hyderabad Assembly Unit,Guwahati,Hyderabad - Guwahati,PD08,Textile Rolls,31.31,VH005,Trailer 40ft,35,TR08,Kaveri Cargo Movers,2025-05-20 07:09,2025-05-20 08:30,2025-05-20 08:48,2025-05-20 08:58,2025-05-23,2025-05-23,On Time,0,Not Applicable,165845.73,2225,1
TRIP008944,2025-05-21,PL02,Chennai Production Plant,Nagpur,Chennai - Nagpur,PD04,PVC Granules,17.19,VH049,Container 20ft,18,TR07,Om Sai Transport,2025-05-21 06:00,2025-05-21 07:38,2025-05-21 08:21,2025-05-21 09:02,2025-05-22,2025-05-22,On Time,0,Not Applicable,54763.62,1290,1
TRIP010939,2025-05-21,PL03,Ludhiana Fabrication Unit,Bhopal,Ludhiana - Bhopal,PD03,Cement Bags,17.91,VH019,Container 20ft,18,TR07,Om Sai Transport,2025-05-21 07:04,2025-05-21 11:18,2025-05-21 11:55,2025-05-21 12:09,2025-05-22,2025-05-24,Delayed,2,Loading Delay at Plant,38045.37,927,0
TRIP003471,2025-05-21,PL05,Hyderabad Assembly Unit,Bhopal,Hyderabad - Bhopal,PD05,Auto Components,33.99,VH003,Trailer 40ft,35,TR17,United Freight Corporation,2025-05-21 08:46,2025-05-21 10:41,2025-05-21 11:16,2025-05-21 11:48,2025-05-22,2025-05-22,On Time,0,Not Applicable,68771.83,849,1
TRIP000435,2025-05-21,PL05,Hyderabad Assembly Unit,Jaipur,Hyderabad - Jaipur,PD08,Textile Rolls,27.45,VH008,Container 32ft MXL,28,TR11,Reliable Roadways,2025-05-21 09:01,2025-05-21 10:30,2025-05-21 11:11,2025-05-21 11:28,2025-05-23,2025-05-23,On Time,0,Not Applicable,91385.21,1459,1
TRIP003285,2025-05-22,PL02,Chennai Production Plant,Jaipur,Chennai - Jaipur,PD06,Electrical Cables,17.5,VH031,Container 20ft,18,TR17,United Freight Corporation,2025-05-22 08:15,2025-05-22 09:46,2025-05-22 10:24,2025-05-22 10:59,2025-05-24,2025-05-25,Delayed,1,Toll/Checkpoint Delay,84633.82,2077,0
TRIP000249,2025-05-22,PL04,Vadodara Processing Plant,Nagpur,Vadodara - Nagpur,PD01,Steel Coils,20.19,VH025,Container 32ft SXL,22,TR13,Punjab Truck Union,2025-05-22 09:46,2025-05-22 11:10,2025-05-22 11:44,2025-05-22 12:24,2025-05-23,2025-05-23,On Time,0,Not Applicable,43314.29,836,1
TRIP009374,2025-05-22,PL02,Chennai Production Plant,Guwahati,Chennai - Guwahati,PD01,Steel Coils,9.87,VH050,Container 20ft,18,TR18,Deccan Transport Co.,2025-05-22 06:10,2025-05-22 08:14,2025-05-22 09:03,2025-05-22 09:45,2025-05-25,2025-05-24,On Time,0,Not Applicable,69186.37,2783,1
TRIP010673,2025-05-23,PL05,Hyderabad Assembly Unit,Mumbai,Hyderabad - Mumbai,PD02,Steel Pipes,12.59,VH036,Container 32ft SXL,22,TR09,Sunrise Logistics Solutions,2025-05-23 06:35,2025-05-23 08:58,2025-05-23 09:20,2025-05-23 09:36,2025-05-24,2025-05-24,On Time,0,Not Applicable,19824.88,683,1
TRIP007055,2025-05-24,PL05,Hyderabad Assembly Unit,Guwahati,Hyderabad - Guwahati,PD02,Steel Pipes,14.02,VH024,Container 20ft,18,TR14,Coastal Cargo Carriers,2025-05-24 09:17,2025-05-24 10:18,2025-05-24 11:02,2025-05-24 11:26,2025-05-26,2025-05-26,On Time,0,Not Applicable,66348.7,1967,1
TRIP008721,2025-05-24,PL05,Hyderabad Assembly Unit,Bhopal,Hyderabad - Bhopal,PD03,Cement Bags,15.65,VH058,Open Truck 10 Tyre,16,TR18,Deccan Transport Co.,2025-05-24 08:05,2025-05-24 10:57,2025-05-24 11:49,2025-05-24 12:18,2025-05-25,2025-05-25,On Time,0,Not Applicable,32922.46,755,1
TRIP007794,2025-05-24,PL01,Pune Manufacturing Unit,Mumbai,Pune - Mumbai,PD01,Steel Coils,32.45,VH035,Trailer 40ft,35,TR09,Sunrise Logistics Solutions,2025-05-24 08:30,2025-05-24 11:25,2025-05-24 11:46,2025-05-24 12:29,2025-05-24,2025-05-26,Delayed,2,Loading Delay at Plant,11891.9,166,0
TRIP000909,2025-05-24,PL05,Hyderabad Assembly Unit,Nagpur,Hyderabad - Nagpur,PD06,Electrical Cables,16.36,VH023,Container 32ft SXL,22,TR14,Coastal Cargo Carriers,2025-05-24 08:52,2025-05-24 11:35,2025-05-24 12:27,2025-05-24 12:38,2025-05-25,2025-05-24,On Time,0,Not Applicable,18514.09,471,1
TRIP006787,2025-05-25,PL05,Hyderabad Assembly Unit,Bhopal,Hyderabad - Bhopal,PD03,Cement Bags,16.68,VH023,Container 32ft SXL,22,TR14,Coastal Cargo Carriers,2025-05-25 10:50,2025-05-25 11:54,2025-05-25 12:53,2025-05-25 13:33,2025-05-26,2025-05-26,On Time,0,Not Applicable,31168.04,756,1
TRIP010064,2025-05-25,PL04,Vadodara Processing Plant,Guwahati,Vadodara - Guwahati,PD06,Electrical Cables,9.0,VH037,Open Truck 6 Tyre,9,TR03,Vishal Transport Co.,2025-05-25 09:19,2025-05-25 11:20,2025-05-25 11:39,2025-05-25 12:04,2025-05-27,2025-05-27,On Time,0,Not Applicable,56037.07,2382,1
TRIP005392,2025-05-25,PL02,Chennai Production Plant,Jaipur,Chennai - Jaipur,PD08,Textile Rolls,17.17,VH004,Container 20ft,18,TR06,Ganesh Roadlines,2025-05-25 09:45,2025-05-25 12:55,2025-05-25 13:21,2025-05-25 13:57,2025-05-27,2025-05-27,On Time,0,Not Applicable,85391.45,2200,1
TRIP008999,2025-05-26,PL04,Vadodara Processing Plant,Jaipur,Vadodara - Jaipur,PD06,Electrical Cables,14.31,VH021,Open Truck 10 Tyre,16,TR02,Shree Balaji Logistics,2025-05-26 09:43,2025-05-26 11:11,2025-05-26 12:09,2025-05-26 12:26,2025-05-27,2025-05-27,On Time,0,Not Applicable,22463.22,673,1
TRIP002013,2025-05-26,PL04,Vadodara Processing Plant,Guwahati,Vadodara - Guwahati,PD01,Steel Coils,24.03,VH002,Container 32ft MXL,28,TR06,Ganesh Roadlines,2025-05-26 06:27,2025-05-26 08:25,2025-05-26 08:50,2025-05-26 09:21,2025-05-29,2025-05-29,On Time,0,Not Applicable,133292.53,2392,1
TRIP000933,2025-05-26,PL05,Hyderabad Assembly Unit,Nagpur,Hyderabad - Nagpur,PD06,Electrical Cables,8.1,VH060,Open Truck 6 Tyre,9,TR15,Apex Logistics India,2025-05-26 08:19,2025-05-26 11:22,2025-05-26 11:51,2025-05-26 12:21,2025-05-27,2025-05-26,On Time,0,Not Applicable,11152.4,493,1
TRIP009189,2025-05-26,PL02,Chennai Production Plant,Bhopal,Chennai - Bhopal,PD01,Steel Coils,17.68,VH031,Container 20ft,18,TR17,United Freight Corporation,2025-05-26 09:37,2025-05-26 11:05,2025-05-26 11:57,2025-05-26 12:26,2025-05-28,2025-05-28,On Time,0,Not Applicable,69084.5,1608,1
TRIP005904,2025-05-27,PL01,Pune Manufacturing Unit,Nagpur,Pune - Nagpur,PD06,Electrical Cables,20.95,VH039,Container 32ft SXL,22,TR05,Speedway Logistics Pvt Ltd,2025-05-27 09:52,2025-05-27 11:14,2025-05-27 11:32,2025-05-27 11:51,2025-05-28,2025-05-28,On Time,0,Not Applicable,30595.2,542,1
TRIP002930,2025-05-27,PL06,Indore Manufacturing Unit,Ahmedabad,Indore - Ahmedabad,PD02,Steel Pipes,18.0,VH031,Container 20ft,18,TR17,United Freight Corporation,2025-05-27 10:04,2025-05-27 11:57,2025-05-27 12:51,2025-05-27 13:25,2025-05-28,2025-05-28,On Time,0,Not Applicable,25503.47,591,1
TRIP007803,2025-05-27,PL05,Hyderabad Assembly Unit,Nagpur,Hyderabad - Nagpur,PD03,Cement Bags,17.18,VH023,Container 32ft SXL,22,TR14,Coastal Cargo Carriers,2025-05-27 07:54,2025-05-27 10:17,2025-05-27 11:15,2025-05-27 11:50,2025-05-28,2025-05-27,On Time,0,Not Applicable,22977.99,516,1
TRIP007247,2025-05-28,PL05,Hyderabad Assembly Unit,Nagpur,Hyderabad - Nagpur,PD02,Steel Pipes,18.0,VH031,Container 20ft,18,TR17,United Freight Corporation,2025-05-28 10:15,2025-05-28 12:52,2025-05-28 13:22,2025-05-28 13:42,2025-05-29,2025-05-29,On Time,0,Not Applicable,20575.39,497,1
TRIP007823,2025-05-28,PL02,Chennai Production Plant,Nagpur,Chennai - Nagpur,PD06,Electrical Cables,6.21,VH060,Open Truck 6 Tyre,9,TR15,Apex Logistics India,2025-05-28 10:21,2025-05-28 13:12,2025-05-28 13:35,2025-05-28 13:47,2025-05-29,2025-05-29,On Time,0,Not Applicable,21257.62,1233,1
TRIP000305,2025-05-28,PL05,Hyderabad Assembly Unit,Jaipur,Hyderabad - Jaipur,PD07,Packaged Tiles,18.47,VH047,Container 32ft SXL,22,TR07,Om Sai Transport,2025-05-28 10:07,2025-05-28 10:37,2025-05-28 11:07,2025-05-28 11:47,2025-05-29,2025-05-29,On Time,0,Not Applicable,62279.17,1495,1
TRIP006984,2025-05-28,PL02,Chennai Production Plant,Nagpur,Chennai - Nagpur,PD03,Cement Bags,28.0,VH059,Container 32ft MXL,28,TR05,Speedway Logistics Pvt Ltd,2025-05-28 10:17,2025-05-28 12:35,2025-05-28 12:53,2025-05-28 13:05,2025-05-30,2025-05-30,On Time,0,Not Applicable,100588.98,1272,1
TRIP006413,2025-05-29,PL05,Hyderabad Assembly Unit,Guwahati,Hyderabad - Guwahati,PD07,Packaged Tiles,18.8,VH039,Container 32ft SXL,22,TR05,Speedway Logistics Pvt Ltd,2025-05-29 07:38,2025-05-29 10:42,2025-05-29 11:25,2025-05-29 11:50,2025-06-01,2025-05-31,On Time,0,Not Applicable,112960.05,2136,1
TRIP002652,2025-05-29,PL02,Chennai Production Plant,Patna,Chennai - Patna,PD03,Cement Bags,14.54,VH042,Container 32ft SXL,22,TR12,Trident Transport Services,2025-05-29 09:36,2025-05-29 10:50,2025-05-29 11:41,2025-05-29 12:11,2025-06-01,2025-06-01,On Time,0,Not Applicable,74078.28,2370,1
TRIP009518,2025-05-29,PL05,Hyderabad Assembly Unit,Nagpur,Hyderabad - Nagpur,PD08,Textile Rolls,11.76,VH036,Container 32ft SXL,22,TR09,Sunrise Logistics Solutions,2025-05-29 06:37,2025-05-29 07:48,2025-05-29 08:04,2025-05-29 08:31,2025-05-30,2025-05-29,On Time,0,Not Applicable,13269.62,490,1
TRIP010320,2025-05-30,PL05,Hyderabad Assembly Unit,Bhopal,Hyderabad - Bhopal,PD04,PVC Granules,8.73,VH048,Open Truck 6 Tyre,9,TR03,Vishal Transport Co.,2025-05-30 07:48,2025-05-30 10:17,2025-05-30 10:57,2025-05-30 11:39,2025-05-31,2025-05-31,On Time,0,Not Applicable,17064.19,728,1
TRIP000015,2025-05-30,PL03,Ludhiana Fabrication Unit,Nagpur,Ludhiana - Nagpur,PD03,Cement Bags,9.0,VH037,Open Truck 6 Tyre,9,TR03,Vishal Transport Co.,2025-05-30 10:13,2025-05-30 10:57,2025-05-30 11:39,2025-05-30 12:00,2025-05-31,2025-05-31,On Time,0,Not Applicable,27580.53,1228,1
TRIP001431,2025-05-30,PL05,Hyderabad Assembly Unit,Bhopal,Hyderabad - Bhopal,PD08,Textile Rolls,8.58,VH014,Open Truck 6 Tyre,9,TR08,Kaveri Cargo Movers,2025-05-30 08:04,2025-05-30 10:05,2025-05-30 10:40,2025-05-30 10:55,2025-05-31,2025-05-31,On Time,0,Not Applicable,16292.8,767,1
TRIP000863,2025-05-30,PL05,Hyderabad Assembly Unit,Bhopal,Hyderabad - Bhopal,PD01,Steel Coils,14.43,VH007,Open Truck 10 Tyre,16,TR03,Vishal Transport Co.,2025-05-30 07:01,2025-05-30 08:12,2025-05-30 08:37,2025-05-30 09:04,2025-05-31,2025-05-31,On Time,0,Not Applicable,29711.53,773,1
TRIP010445,2025-05-31,PL06,Indore Manufacturing Unit,Bhopal,Indore - Bhopal,PD03,Cement Bags,17.06,VH019,Container 20ft,18,TR07,Om Sai Transport,2025-05-31 08:08,2025-05-31 09:47,2025-05-31 10:41,2025-05-31 11:14,2025-05-31,2025-05-31,On Time,0,Not Applicable,1267.13,20,1
TRIP011294,2025-05-31,PL02,Chennai Production Plant,Bhopal,Chennai - Bhopal,PD08,Textile Rolls,8.22,VH048,Open Truck 6 Tyre,9,TR03,Vishal Transport Co.,2025-05-31 08:31,2025-05-31 11:49,2025-05-31 12:38,2025-05-31 13:12,2025-06-02,2025-06-02,On Time,0,Not Applicable,33880.3,1630,1
TRIP008252,2025-06-01,PL06,Indore Manufacturing Unit,Mumbai,Indore - Mumbai,PD07,Packaged Tiles,28.0,VH017,Container 32ft MXL,28,TR06,Ganesh Roadlines,2025-06-01 10:26,2025-06-01 12:27,2025-06-01 12:48,2025-06-01 13:09,2025-06-02,2025-06-02,On Time,0,Not Applicable,40622.88,641,1
TRIP011322,2025-06-01,PL02,Chennai Production Plant,Bhopal,Chennai - Bhopal,PD04,PVC Granules,24.78,VH032,Container 32ft MXL,28,TR03,Vishal Transport Co.,2025-06-01 09:52,2025-06-01 12:43,2025-06-01 13:19,2025-06-01 13:44,2025-06-03,2025-06-03,On Time,0,Not Applicable,96251.2,1553,1
TRIP001571,2025-06-01,PL05,Hyderabad Assembly Unit,Bhopal,Hyderabad - Bhopal,PD02,Steel Pipes,19.18,VH016,Container 32ft MXL,28,TR15,Apex Logistics India,2025-06-01 07:58,2025-06-01 10:22,2025-06-01 11:20,2025-06-01 12:03,2025-06-02,2025-06-02,On Time,0,Not Applicable,37772.77,708,1
TRIP002996,2025-06-01,PL02,Chennai Production Plant,Mumbai,Chennai - Mumbai,PD04,PVC Granules,29.13,VH005,Trailer 40ft,35,TR08,Kaveri Cargo Movers,2025-06-01 08:36,2025-06-01 11:42,2025-06-01 12:22,2025-06-01 13:06,2025-06-03,2025-06-04,Delayed,1,Traffic Congestion,93032.63,1282,0
TRIP006821,2025-06-01,PL01,Pune Manufacturing Unit,Delhi NCR,Pune - Delhi NCR,PD07,Packaged Tiles,24.74,VH013,Container 32ft MXL,28,TR08,Kaveri Cargo Movers,2025-06-01 08:38,2025-06-01 11:43,2025-06-01 12:21,2025-06-01 12:31,2025-06-03,2025-06-03,On Time,0,Not Applicable,85226.44,1467,1
TRIP008682,2025-06-01,PL05,Hyderabad Assembly Unit,Guwahati,Hyderabad - Guwahati,PD05,Auto Components,16.49,VH004,Container 20ft,18,TR06,Ganesh Roadlines,2025-06-01 10:27,2025-06-01 12:56,2025-06-01 13:30,2025-06-01 13:52,2025-06-03,2025-06-03,On Time,0,Not Applicable,86479.1,2211,1
TRIP006689,2025-06-02,PL05,Hyderabad Assembly Unit,Nagpur,Hyderabad - Nagpur,PD01,Steel Coils,32.84,VH056,Trailer 40ft,35,TR05,Speedway Logistics Pvt Ltd,2025-06-02 08:10,2025-06-02 11:23,2025-06-02 12:02,2025-06-02 12:17,2025-06-03,2025-06-03,On Time,0,Not Applicable,41069.01,470,1
TRIP006621,2025-06-03,PL05,Hyderabad Assembly Unit,Bhopal,Hyderabad - Bhopal,PD07,Packaged Tiles,7.81,VH027,Open Truck 6 Tyre,9,TR13,Punjab Truck Union,2025-06-03 07:49,2025-06-03 09:40,2025-06-03 10:12,2025-06-03 10:28,2025-06-04,2025-06-04,On Time,0,Not Applicable,17110.56,852,1
TRIP000484,2025-06-03,PL05,Hyderabad Assembly Unit,Nagpur,Hyderabad - Nagpur,PD06,Electrical Cables,9.0,VH043,Open Truck 6 Tyre,9,TR11,Reliable Roadways,2025-06-03 06:08,2025-06-03 07:41,2025-06-03 08:00,2025-06-03 08:39,2025-06-04,2025-06-03,On Time,0,Not Applicable,12017.91,506,1
TRIP011284,2025-06-03,PL05,Hyderabad Assembly Unit,Nagpur,Hyderabad - Nagpur,PD08,Textile Rolls,20.26,VH039,Container 32ft SXL,22,TR05,Speedway Logistics Pvt Ltd,2025-06-03 08:03,2025-06-03 09:19,2025-06-03 09:36,2025-06-03 10:18,2025-06-04,2025-06-04,On Time,0,Not Applicable,26763.39,483,1
TRIP011926,2025-06-04,PL02,Chennai Production Plant,Bhopal,Chennai - Bhopal,PD08,Textile Rolls,8.46,VH027,Open Truck 6 Tyre,9,TR13,Punjab Truck Union,2025-06-04 06:29,2025-06-04 09:11,2025-06-04 10:01,2025-06-04 10:14,2025-06-06,2025-06-05,On Time,0,Not Applicable,37159.37,1650,1
TRIP001924,2025-06-04,PL02,Chennai Production Plant,Kolkata,Chennai - Kolkata,PD07,Packaged Tiles,18.31,VH044,Container 32ft SXL,22,TR07,Om Sai Transport,2025-06-04 09:03,2025-06-04 10:21,2025-06-04 11:16,2025-06-04 11:50,2025-06-06,2025-06-06,On Time,0,Not Applicable,76872.81,1692,1
TRIP005864,2025-06-04,PL05,Hyderabad Assembly Unit,Nagpur,Hyderabad - Nagpur,PD04,PVC Granules,31.43,VH003,Trailer 40ft,35,TR17,United Freight Corporation,2025-06-04 07:29,2025-06-04 10:11,2025-06-04 10:28,2025-06-04 10:49,2025-06-05,2025-06-05,On Time,0,Not Applicable,37293.92,515,1
TRIP009040,2025-06-04,PL02,Chennai Production Plant,Mumbai,Chennai - Mumbai,PD03,Cement Bags,15.13,VH042,Container 32ft SXL,22,TR12,Trident Transport Services,2025-06-04 09:53,2025-06-04 11:45,2025-06-04 12:34,2025-06-04 13:14,2025-06-06,2025-06-05,On Time,0,Not Applicable,43143.61,1256,1
TRIP005298,2025-06-04,PL05,Hyderabad Assembly Unit,Mumbai,Hyderabad - Mumbai,PD06,Electrical Cables,19.47,VH033,Container 32ft SXL,22,TR09,Sunrise Logistics Solutions,2025-06-04 07:37,2025-06-04 10:07,2025-06-04 10:47,2025-06-04 11:31,2025-06-05,2025-06-05,On Time,0,Not Applicable,33223.61,786,1
TRIP010118,2025-06-04,PL02,Chennai Production Plant,Kolkata,Chennai - Kolkata,PD04,PVC Granules,8.15,VH028,Open Truck 6 Tyre,9,TR03,Vishal Transport Co.,2025-06-04 10:25,2025-06-04 11:52,2025-06-04 12:37,2025-06-04 12:58,2025-06-06,2025-06-05,On Time,0,Not Applicable,33331.41,1626,1
TRIP007503,2025-06-05,PL05,Hyderabad Assembly Unit,Bhopal,Hyderabad - Bhopal,PD07,Packaged Tiles,13.92,VH036,Container 32ft SXL,22,TR09,Sunrise Logistics Solutions,2025-06-05 08:12,2025-06-05 11:28,2025-06-05 12:10,2025-06-05 12:49,2025-06-06,2025-06-06,On Time,0,Not Applicable,23421.41,752,1
TRIP005336,2025-06-05,PL06,Indore Manufacturing Unit,Kolkata,Indore - Kolkata,PD06,Electrical Cables,14.46,VH023,Container 32ft SXL,22,TR14,Coastal Cargo Carriers,2025-06-05 10:03,2025-06-05 11:33,2025-06-05 12:01,2025-06-05 12:26,2025-06-07,2025-06-06,On Time,0,Not Applicable,40253.96,1215,1
TRIP006334,2025-06-05,PL05,Hyderabad Assembly Unit,Nagpur,Hyderabad - Nagpur,PD07,Packaged Tiles,24.89,VH002,Container 32ft MXL,28,TR06,Ganesh Roadlines,2025-06-05 10:07,2025-06-05 12:10,2025-06-05 13:07,2025-06-05 13:25,2025-06-06,2025-06-06,On Time,0,Not Applicable,29327.19,504,1
TRIP008389,2025-06-06,PL01,Pune Manufacturing Unit,Mumbai,Pune - Mumbai,PD05,Auto Components,25.73,VH011,Container 32ft MXL,28,TR18,Deccan Transport Co.,2025-06-06 08:25,2025-06-06 11:06,2025-06-06 11:49,2025-06-06 12:23,2025-06-06,2025-06-07,Delayed,1,Traffic Congestion,11183.72,153,0
TRIP006312,2025-06-06,PL01,Pune Manufacturing Unit,Nagpur,Pune - Nagpur,PD01,Steel Coils,10.47,VH046,Open Truck 10 Tyre,16,TR02,Shree Balaji Logistics,2025-06-06 09:09,2025-06-06 11:01,2025-06-06 11:39,2025-06-06 11:57,2025-06-07,2025-06-06,On Time,0,Not Applicable,11558.05,465,1
TRIP006108,2025-06-06,PL04,Vadodara Processing Plant,Guwahati,Vadodara - Guwahati,PD08,Textile Rolls,15.27,VH006,Open Truck 10 Tyre,16,TR12,Trident Transport Services,2025-06-06 09:34,2025-06-06 10:51,2025-06-06 11:47,2025-06-06 12:19,2025-06-09,2025-06-10,Delayed,1,Driver Unavailability,83084.71,2293,0
TRIP000669,2025-06-06,PL05,Hyderabad Assembly Unit,Bhopal,Hyderabad - Bhopal,PD02,Steel Pipes,25.99,VH020,Container 32ft MXL,28,TR01,Bharat Road Carriers,2025-06-06 10:57,2025-06-06 13:34,2025-06-06 14:11,2025-06-06 14:21,2025-06-07,2025-06-07,On Time,0,Not Applicable,41772.19,713,1
TRIP010040,2025-06-06,PL04,Vadodara Processing Plant,Mumbai,Vadodara - Mumbai,PD01,Steel Coils,8.45,VH060,Open Truck 6 Tyre,9,TR15,Apex Logistics India,2025-06-06 06:14,2025-06-06 07:27,2025-06-06 08:04,2025-06-06 08:41,2025-06-07,2025-06-06,On Time,0,Not Applicable,11644.94,507,1
TRIP011836,2025-06-07,PL02,Chennai Production Plant,Bhopal,Chennai - Bhopal,PD07,Packaged Tiles,17.53,VH019,Container 20ft,18,TR07,Om Sai Transport,2025-06-07 07:36,2025-06-07 10:04,2025-06-07 10:43,2025-06-07 11:05,2025-06-09,2025-06-08,On Time,0,Not Applicable,64584.6,1506,1
TRIP001942,2025-06-07,PL05,Hyderabad Assembly Unit,Nagpur,Hyderabad - Nagpur,PD03,Cement Bags,14.68,VH042,Container 32ft SXL,22,TR12,Trident Transport Services,2025-06-07 06:04,2025-06-07 08:02,2025-06-07 08:34,2025-06-07 08:48,2025-06-08,2025-06-07,On Time,0,Not Applicable,15908.38,478,1
TRIP000093,2025-06-08,PL05,Hyderabad Assembly Unit,Nagpur,Hyderabad - Nagpur,PD03,Cement Bags,24.42,VH011,Container 32ft MXL,28,TR18,Deccan Transport Co.,2025-06-08 08:44,2025-06-08 10:48,2025-06-08 11:41,2025-06-08 12:16,2025-06-09,2025-06-09,On Time,0,Not Applicable,35469.24,523,1
TRIP004619,2025-06-08,PL02,Chennai Production Plant,Mumbai,Chennai - Mumbai,PD08,Textile Rolls,16.23,VH023,Container 32ft SXL,22,TR14,Coastal Cargo Carriers,2025-06-08 08:56,2025-06-08 10:20,2025-06-08 10:45,2025-06-08 11:28,2025-06-10,2025-06-10,On Time,0,Not Applicable,50898.08,1324,1
TRIP004994,2025-06-09,PL05,Hyderabad Assembly Unit,Mumbai,Hyderabad - Mumbai,PD02,Steel Pipes,30.73,VH051,Trailer 40ft,35,TR07,Om Sai Transport,2025-06-09 08:51,2025-06-09 11:12,2025-06-09 11:28,2025-06-09 12:07,2025-06-10,2025-06-10,On Time,0,Not Applicable,48248.22,650,1
TRIP006703,2025-06-09,PL04,Vadodara Processing Plant,Jaipur,Vadodara - Jaipur,PD07,Packaged Tiles,14.3,VH006,Open Truck 10 Tyre,16,TR12,Trident Transport Services,2025-06-09 06:14,2025-06-09 08:42,2025-06-09 09:01,2025-06-09 09:14,2025-06-10,2025-06-10,On Time,0,Not Applicable,22414.73,699,1
TRIP002373,2025-06-09,PL05,Hyderabad Assembly Unit,Bhopal,Hyderabad - Bhopal,PD03,Cement Bags,14.99,VH018,Container 32ft SXL,22,TR04,National Freight Movers,2025-06-09 10:07,2025-06-09 12:58,2025-06-09 13:42,2025-06-09 14:15,2025-06-10,2025-06-10,On Time,0,Not Applicable,33428.8,822,1
TRIP008894,2025-06-09,PL05,Hyderabad Assembly Unit,Guwahati,Hyderabad - Guwahati,PD04,PVC Granules,24.0,VH015,Container 32ft MXL,28,TR08,Kaveri Cargo Movers,2025-06-09 06:34,2025-06-09 08:13,2025-06-09 09:12,2025-06-09 09:45,2025-06-11,2025-06-11,On Time,0,Not Applicable,123369.99,2088,1
TRIP002702,2025-06-09,PL04,Vadodara Processing Plant,Guwahati,Vadodara - Guwahati,PD03,Cement Bags,8.01,VH037,Open Truck 6 Tyre,9,TR03,Vishal Transport Co.,2025-06-09 08:57,2025-06-09 11:42,2025-06-09 12:14,2025-06-09 12:58,2025-06-11,2025-06-11,On Time,0,Not Applicable,54228.11,2551,1
TRIP004169,2025-06-10,PL01,Pune Manufacturing Unit,Bhopal,Pune - Bhopal,PD06,Electrical Cables,19.69,VH047,Container 32ft SXL,22,TR07,Om Sai Transport,2025-06-10 07:22,2025-06-10 09:07,2025-06-10 10:00,2025-06-10 10:26,2025-06-11,2025-06-11,On Time,0,Not Applicable,30218.03,646,1
TRIP002628,2025-06-10,PL05,Hyderabad Assembly Unit,Guwahati,Hyderabad - Guwahati,PD03,Cement Bags,14.64,VH001,Container 20ft,18,TR16,Shakti Road Carriers,2025-06-10 07:55,2025-06-10 09:41,2025-06-10 10:35,2025-06-10 11:04,2025-06-12,2025-06-12,On Time,0,Not Applicable,79168.98,2063,1
TRIP001189,2025-06-10,PL02,Chennai Production Plant,Nagpur,Chennai - Nagpur,PD01,Steel Coils,19.83,VH016,Container 32ft MXL,28,TR15,Apex Logistics India,2025-06-10 08:26,2025-06-10 10:47,2025-06-10 11:23,2025-06-10 12:06,2025-06-11,2025-06-11,On Time,0,Not Applicable,64735.94,1227,1
TRIP011354,2025-06-10,PL05,Hyderabad Assembly Unit,Bhopal,Hyderabad - Bhopal,PD03,Cement Bags,23.08,VH032,Container 32ft MXL,28,TR03,Vishal Transport Co.,2025-06-10 10:00,2025-06-10 13:26,2025-06-10 13:50,2025-06-10 14:31,2025-06-11,2025-06-11,On Time,0,Not Applicable,45936.95,752,1
TRIP000219,2025-06-11,PL04,Vadodara Processing Plant,Patna,Vadodara - Patna,PD02,Steel Pipes,35.0,VH055,Trailer 40ft,35,TR09,Sunrise Logistics Solutions,2025-06-11 07:42,2025-06-11 08:50,2025-06-11 09:45,2025-06-11 10:14,2025-06-13,2025-06-13,On Time,0,Not Applicable,135438.54,1682,1
TRIP000358,2025-06-11,PL03,Ludhiana Fabrication Unit,Mumbai,Ludhiana - Mumbai,PD03,Cement Bags,25.98,VH038,Container 32ft MXL,28,TR07,Om Sai Transport,2025-06-11 06:37,2025-06-11 07:49,2025-06-11 08:29,2025-06-11 08:49,2025-06-13,2025-06-13,On Time,0,Not Applicable,94777.2,1481,1
TRIP002246,2025-06-11,PL05,Hyderabad Assembly Unit,Kolkata,Hyderabad - Kolkata,PD07,Packaged Tiles,30.34,VH003,Trailer 40ft,35,TR17,United Freight Corporation,2025-06-11 10:16,2025-06-11 11:32,2025-06-11 12:02,2025-06-11 12:46,2025-06-13,2025-06-13,On Time,0,Not Applicable,110092.59,1504,1
TRIP003835,2025-06-11,PL01,Pune Manufacturing Unit,Jaipur,Pune - Jaipur,PD03,Cement Bags,6.76,VH028,Open Truck 6 Tyre,9,TR03,Vishal Transport Co.,2025-06-11 07:03,2025-06-11 09:12,2025-06-11 09:42,2025-06-11 09:55,2025-06-12,2025-06-12,On Time,0,Not Applicable,20278.44,1129,1
TRIP009153,2025-06-12,PL02,Chennai Production Plant,Bhopal,Chennai - Bhopal,PD03,Cement Bags,14.07,VH058,Open Truck 10 Tyre,16,TR18,Deccan Transport Co.,2025-06-12 08:18,2025-06-12 10:25,2025-06-12 11:16,2025-06-12 11:47,2025-06-14,2025-06-13,On Time,0,Not Applicable,56716.12,1572,1
TRIP004811,2025-06-12,PL06,Indore Manufacturing Unit,Bhopal,Indore - Bhopal,PD07,Packaged Tiles,21.83,VH041,Container 32ft SXL,22,TR13,Punjab Truck Union,2025-06-12 10:01,2025-06-12 12:19,2025-06-12 13:16,2025-06-12 13:45,2025-06-12,2025-06-12,On Time,0,Not Applicable,1996.08,20,1
TRIP008129,2025-06-12,PL05,Hyderabad Assembly Unit,Bhopal,Hyderabad - Bhopal,PD01,Steel Coils,28.0,VH038,Container 32ft MXL,28,TR07,Om Sai Transport,2025-06-12 08:08,2025-06-12 11:45,2025-06-12 12:32,2025-06-12 12:55,2025-06-13,2025-06-13,On Time,0,Not Applicable,49335.89,754,1
TRIP005479,2025-06-13,PL02,Chennai Production Plant,Jaipur,Chennai - Jaipur,PD08,Textile Rolls,16.35,VH001,Container 20ft,18,TR16,Shakti Road Carriers,2025-06-13 10:21,2025-06-13 11:31,2025-06-13 12:27,2025-06-13 13:07,2025-06-15,2025-06-15,On Time,0,Not Applicable,87007.41,2106,1
TRIP003703,2025-06-13,PL05,Hyderabad Assembly Unit,Bhopal,Hyderabad - Bhopal,PD07,Packaged Tiles,26.23,VH015,Container 32ft MXL,28,TR08,Kaveri Cargo Movers,2025-06-13 06:37,2025-06-13 08:52,2025-06-13 09:36,2025-06-13 10:20,2025-06-14,2025-06-15,Delayed,1,Traffic Congestion,49890.61,755,0
TRIP001865,2025-06-13,PL02,Chennai Production Plant,Bhopal,Chennai - Bhopal,PD07,Packaged Tiles,7.85,VH037,Open Truck 6 Tyre,9,TR03,Vishal Transport Co.,2025-06-13 09:12,2025-06-13 10:46,2025-06-13 11:05,2025-06-13 11:36,2025-06-15,2025-06-14,On Time,0,Not Applicable,32615.84,1586,1
TRIP009404,2025-06-13,PL04,Vadodara Processing Plant,Kolkata,Vadodara - Kolkata,PD03,Cement Bags,7.18,VH060,Open Truck 6 Tyre,9,TR15,Apex Logistics India,2025-06-13 09:11,2025-06-13 11:08,2025-06-13 11:33,2025-06-13 11:54,2025-06-15,2025-06-15,On Time,0,Not Applicable,35462.57,1963,1
TRIP002158,2025-06-13,PL01,Pune Manufacturing Unit,Bhopal,Pune - Bhopal,PD05,Auto Components,9.0,VH043,Open Truck 6 Tyre,9,TR11,Reliable Roadways,2025-06-13 07:45,2025-06-13 09:49,2025-06-13 10:10,2025-06-13 10:48,2025-06-14,2025-06-13,On Time,0,Not Applicable,14610.25,643,1
TRIP008373,2025-06-14,PL01,Pune Manufacturing Unit,Nagpur,Pune - Nagpur,PD03,Cement Bags,20.76,VH041,Container 32ft SXL,22,TR13,Punjab Truck Union,2025-06-14 08:46,2025-06-14 10:37,2025-06-14 11:24,2025-06-14 12:04,2025-06-15,2025-06-15,On Time,0,Not Applicable,26091.15,473,1
TRIP010307,2025-06-14,PL01,Pune Manufacturing Unit,Bhopal,Pune - Bhopal,PD07,Packaged Tiles,17.27,VH044,Container 32ft SXL,22,TR07,Om Sai Transport,2025-06-14 07:05,2025-06-14 09:41,2025-06-14 10:13,2025-06-14 10:48,2025-06-15,2025-06-15,On Time,0,Not Applicable,28935.07,667,1
TRIP007529,2025-06-14,PL05,Hyderabad Assembly Unit,Guwahati,Hyderabad - Guwahati,PD04,PVC Granules,20.24,VH033,Container 32ft SXL,22,TR09,Sunrise Logistics Solutions,2025-06-14 09:07,2025-06-14 10:55,2025-06-14 11:36,2025-06-14 11:48,2025-06-16,2025-06-17,Delayed,1,Route Diversion,99130.98,2250,0
TRIP003955,2025-06-14,PL04,Vadodara Processing Plant,Kolkata,Vadodara - Kolkata,PD06,Electrical Cables,24.57,VH013,Container 32ft MXL,28,TR08,Kaveri Cargo Movers,2025-06-14 08:07,2025-06-14 09:41,2025-06-14 10:28,2025-06-14 10:47,2025-06-16,2025-06-17,Delayed,1,Route Diversion,110835.34,1992,0
TRIP005806,2025-06-15,PL05,Hyderabad Assembly Unit,Mumbai,Hyderabad - Mumbai,PD03,Cement Bags,13.84,VH018,Container 32ft SXL,22,TR04,National Freight Movers,2025-06-15 09:23,2025-06-15 10:56,2025-06-15 11:18,2025-06-15 11:49,2025-06-16,2025-06-16,On Time,0,Not Applicable,26378.95,737,1
TRIP006272,2025-06-15,PL05,Hyderabad Assembly Unit,Nagpur,Hyderabad - Nagpur,PD08,Textile Rolls,6.16,VH057,Open Truck 6 Tyre,9,TR14,Coastal Cargo Carriers,2025-06-15 09:48,2025-06-15 11:06,2025-06-15 11:24,2025-06-15 11:57,2025-06-16,2025-06-16,On Time,0,Not Applicable,8373.33,510,1
TRIP002341,2025-06-15,PL04,Vadodara Processing Plant,Bengaluru,Vadodara - Bengaluru,PD05,Auto Components,25.27,VH011,Container 32ft MXL,28,TR18,Deccan Transport Co.,2025-06-15 06:25,2025-06-15 08:12,2025-06-15 08:39,2025-06-15 08:57,2025-06-17,2025-06-16,On Time,0,Not Applicable,100426.46,1446,1
TRIP007554,2025-06-16,PL05,Hyderabad Assembly Unit,Mumbai,Hyderabad - Mumbai,PD03,Cement Bags,7.89,VH028,Open Truck 6 Tyre,9,TR03,Vishal Transport Co.,2025-06-16 09:21,2025-06-16 11:45,2025-06-16 12:37,2025-06-16 12:56,2025-06-17,2025-06-17,On Time,0,Not Applicable,15097.75,706,1
TRIP000181,2025-06-16,PL05,Hyderabad Assembly Unit,Bhopal,Hyderabad - Bhopal,PD08,Textile Rolls,20.02,VH009,Container 32ft SXL,22,TR10,Metro Freight Carriers,2025-06-16 07:09,2025-06-16 10:21,2025-06-16 10:47,2025-06-16 11:26,2025-06-17,2025-06-17,On Time,0,Not Applicable,31645.09,755,1
TRIP011353,2025-06-17,PL05,Hyderabad Assembly Unit,Guwahati,Hyderabad - Guwahati,PD01,Steel Coils,15.62,VH054,Container 20ft,18,TR13,Punjab Truck Union,2025-06-17 10:00,2025-06-17 11:51,2025-06-17 12:14,2025-06-17 12:56,2025-06-20,2025-06-19,On Time,0,Not Applicable,91199.58,2219,1
TRIP005980,2025-06-17,PL01,Pune Manufacturing Unit,Guwahati,Pune - Guwahati,PD08,Textile Rolls,14.31,VH006,Open Truck 10 Tyre,16,TR12,Trident Transport Services,2025-06-17 06:58,2025-06-17 09:37,2025-06-17 10:23,2025-06-17 10:33,2025-06-20,2025-06-20,On Time,0,Not Applicable,78026.71,2410,1
TRIP011075,2025-06-17,PL05,Hyderabad Assembly Unit,Mumbai,Hyderabad - Mumbai,PD07,Packaged Tiles,14.77,VH029,Open Truck 10 Tyre,16,TR17,United Freight Corporation,2025-06-17 10:49,2025-06-17 12:53,2025-06-17 13:50,2025-06-17 14:23,2025-06-18,2025-06-18,On Time,0,Not Applicable,26697.02,721,1
TRIP007458,2025-06-17,PL05,Hyderabad Assembly Unit,Nagpur,Hyderabad - Nagpur,PD07,Packaged Tiles,9.75,VH046,Open Truck 10 Tyre,16,TR02,Shree Balaji Logistics,2025-06-17 06:28,2025-06-17 08:30,2025-06-17 08:55,2025-06-17 09:06,2025-06-18,2025-06-17,On Time,0,Not Applicable,11206.16,475,1
TRIP007283,2025-06-18,PL05,Hyderabad Assembly Unit,Bhopal,Hyderabad - Bhopal,PD04,PVC Granules,24.61,VH022,Container 32ft MXL,28,TR02,Shree Balaji Logistics,2025-06-18 08:24,2025-06-18 09:42,2025-06-18 10:05,2025-06-18 10:45,2025-06-19,2025-06-19,On Time,0,Not Applicable,44814.5,818,1
TRIP005504,2025-06-18,PL04,Vadodara Processing Plant,Ahmedabad,Vadodara - Ahmedabad,PD04,PVC Granules,14.21,VH036,Container 32ft SXL,22,TR09,Sunrise Logistics Solutions,2025-06-18 07:30,2025-06-18 08:16,2025-06-18 09:01,2025-06-18 09:16,2025-06-18,2025-06-18,On Time,0,Not Applicable,4905.75,122,1
TRIP005614,2025-06-18,PL06,Indore Manufacturing Unit,Jaipur,Indore - Jaipur,PD05,Auto Components,24.26,VH015,Container 32ft MXL,28,TR08,Kaveri Cargo Movers,2025-06-18 09:28,2025-06-18 11:15,2025-06-18 11:51,2025-06-18 12:20,2025-06-19,2025-06-19,On Time,0,Not Applicable,32541.79,534,1
TRIP010549,2025-06-19,PL04,Vadodara Processing Plant,Bhopal,Vadodara - Bhopal,PD07,Packaged Tiles,16.0,VH007,Open Truck 10 Tyre,16,TR03,Vishal Transport Co.,2025-06-19 10:35,2025-06-19 12:41,2025-06-19 13:01,2025-06-19 13:13,2025-06-20,2025-06-20,On Time,0,Not Applicable,25452.83,639,1
TRIP003007,2025-06-19,PL05,Hyderabad Assembly Unit,Mumbai,Hyderabad - Mumbai,PD04,PVC Granules,10.4,VH012,Open Truck 10 Tyre,16,TR12,Trident Transport Services,2025-06-19 07:08,2025-06-19 10:02,2025-06-19 10:35,2025-06-19 11:01,2025-06-20,2025-06-21,Delayed,1,Toll/Checkpoint Delay,16269.62,698,0
TRIP007304,2025-06-19,PL04,Vadodara Processing Plant,Bhopal,Vadodara - Bhopal,PD04,PVC Granules,24.5,VH045,Container 32ft MXL,28,TR18,Deccan Transport Co.,2025-06-19 06:06,2025-06-19 08:50,2025-06-19 09:28,2025-06-19 10:05,2025-06-20,2025-06-20,On Time,0,Not Applicable,35274.9,547,1
TRIP011823,2025-06-20,PL01,Pune Manufacturing Unit,Kolkata,Pune - Kolkata,PD03,Cement Bags,4.9,VH030,Open Truck 6 Tyre,9,TR10,Metro Freight Carriers,2025-06-20 06:03,2025-06-20 08:18,2025-06-20 09:04,2025-06-20 09:30,2025-06-22,2025-06-22,On Time,0,Not Applicable,21329.22,1973,1
TRIP002219,2025-06-20,PL01,Pune Manufacturing Unit,Nagpur,Pune - Nagpur,PD04,PVC Granules,28.0,VH020,Container 32ft MXL,28,TR01,Bharat Road Carriers,2025-06-20 10:32,2025-06-20 11:44,2025-06-20 12:36,2025-06-20 13:03,2025-06-21,2025-06-20,On Time,0,Not Applicable,26416.78,435,1
TRIP000020,2025-06-21,PL04,Vadodara Processing Plant,Nagpur,Vadodara - Nagpur,PD07,Packaged Tiles,31.22,VH005,Trailer 40ft,35,TR08,Kaveri Cargo Movers,2025-06-21 10:09,2025-06-21 11:41,2025-06-21 12:06,2025-06-21 12:47,2025-06-22,2025-06-22,On Time,0,Not Applicable,64437.72,855,1
TRIP002629,2025-06-21,PL02,Chennai Production Plant,Jaipur,Chennai - Jaipur,PD07,Packaged Tiles,11.7,VH018,Container 32ft SXL,22,TR04,National Freight Movers,2025-06-21 08:19,2025-06-21 10:02,2025-06-21 10:52,2025-06-21 11:34,2025-06-23,2025-06-23,On Time,0,Not Applicable,70320.04,2248,1
TRIP008807,2025-06-21,PL05,Hyderabad Assembly Unit,Bhopal,Hyderabad - Bhopal,PD05,Auto Components,20.89,VH009,Container 32ft SXL,22,TR10,Metro Freight Carriers,2025-06-21 09:42,2025-06-21 10:39,2025-06-21 10:57,2025-06-21 11:32,2025-06-22,2025-06-23,Delayed,1,Toll/Checkpoint Delay,35895.11,802,0
TRIP000840,2025-06-21,PL04,Vadodara Processing Plant,Bhopal,Vadodara - Bhopal,PD05,Auto Components,26.31,VH059,Container 32ft MXL,28,TR05,Speedway Logistics Pvt Ltd,2025-06-21 10:55,2025-06-21 12:54,2025-06-21 13:27,2025-06-21 13:48,2025-06-22,2025-06-22,On Time,0,Not Applicable,41625.51,590,1
TRIP010044,2025-06-21,PL05,Hyderabad Assembly Unit,Nagpur,Hyderabad - Nagpur,PD04,PVC Granules,6.49,VH012,Open Truck 10 Tyre,16,TR12,Trident Transport Services,2025-06-21 08:10,2025-06-21 09:35,2025-06-21 10:16,2025-06-21 10:28,2025-06-22,2025-06-22,On Time,0,Not Applicable,7883.58,496,1
TRIP007567,2025-06-21,PL05,Hyderabad Assembly Unit,Jaipur,Hyderabad - Jaipur,PD06,Electrical Cables,20.7,VH044,Container 32ft SXL,22,TR07,Om Sai Transport,2025-06-21 06:16,2025-06-21 09:10,2025-06-21 09:59,2025-06-21 10:35,2025-06-23,2025-06-22,On Time,0,Not Applicable,66511.38,1375,1
TRIP007111,2025-06-22,PL05,Hyderabad Assembly Unit,Bhopal,Hyderabad - Bhopal,PD04,PVC Granules,28.0,VH059,Container 32ft MXL,28,TR05,Speedway Logistics Pvt Ltd,2025-06-22 09:31,2025-06-22 10:44,2025-06-22 11:19,2025-06-22 11:51,2025-06-23,2025-06-24,Delayed,1,Weather Conditions,59358.17,803,0
TRIP002475,2025-06-22,PL06,Indore Manufacturing Unit,Nagpur,Indore - Nagpur,PD06,Electrical Cables,26.01,VH015,Container 32ft MXL,28,TR08,Kaveri Cargo Movers,2025-06-22 07:04,2025-06-22 09:33,2025-06-22 10:06,2025-06-22 10:46,2025-06-23,2025-06-22,On Time,0,Not Applicable,17176.75,268,1
TRIP008824,2025-06-22,PL05,Hyderabad Assembly Unit,Ahmedabad,Hyderabad - Ahmedabad,PD05,Auto Components,26.88,VH059,Container 32ft MXL,28,TR05,Speedway Logistics Pvt Ltd,2025-06-22 10:04,2025-06-22 11:53,2025-06-22 12:47,2025-06-22 13:17,2025-06-24,2025-06-24,On Time,0,Not Applicable,89548.43,1169,1
TRIP004468,2025-06-22,PL05,Hyderabad Assembly Unit,Nagpur,Hyderabad - Nagpur,PD07,Packaged Tiles,28.86,VH003,Trailer 40ft,35,TR17,United Freight Corporation,2025-06-22 09:16,2025-06-22 12:11,2025-06-22 12:45,2025-06-22 13:02,2025-06-23,2025-06-24,Delayed,1,Traffic Congestion,32190.81,468,0
TRIP001936,2025-06-23,PL05,Hyderabad Assembly Unit,Nagpur,Hyderabad - Nagpur,PD03,Cement Bags,27.93,VH038,Container 32ft MXL,28,TR07,Om Sai Transport,2025-06-23 06:24,2025-06-23 08:26,2025-06-23 09:10,2025-06-23 09:45,2025-06-24,2025-06-24,On Time,0,Not Applicable,32314.55,484,1
TRIP003283,2025-06-23,PL05,Hyderabad Assembly Unit,Bhopal,Hyderabad - Bhopal,PD05,Auto Components,25.71,VH020,Container 32ft MXL,28,TR01,Bharat Road Carriers,2025-06-23 09:04,2025-06-23 10:39,2025-06-23 11:32,2025-06-23 11:49,2025-06-24,2025-06-24,On Time,0,Not Applicable,41915.1,772,1
TRIP004607,2025-06-24,PL05,Hyderabad Assembly Unit,Mumbai,Hyderabad - Mumbai,PD08,Textile Rolls,20.5,VH040,Container 32ft SXL,22,TR06,Ganesh Roadlines,2025-06-24 07:48,2025-06-24 10:39,2025-06-24 11:08,2025-06-24 11:36,2025-06-25,2025-06-26,Delayed,1,Weather Conditions,33431.69,679,0
TRIP011128,2025-06-24,PL04,Vadodara Processing Plant,Nagpur,Vadodara - Nagpur,PD03,Cement Bags,24.59,VH008,Container 32ft MXL,28,TR11,Reliable Roadways,2025-06-24 09:45,2025-06-24 12:47,2025-06-24 13:43,2025-06-24 14:26,2025-06-25,2025-06-25,On Time,0,Not Applicable,50678.3,869,1
TRIP004723,2025-06-24,PL05,Hyderabad Assembly Unit,Ahmedabad,Hyderabad - Ahmedabad,PD06,Electrical Cables,18.0,VH031,Container 20ft,18,TR17,United Freight Corporation,2025-06-24 07:16,2025-06-24 10:14,2025-06-24 10:55,2025-06-24 11:37,2025-06-25,2025-06-26,Delayed,1,Customer Site Congestion,47410.82,1100,0
TRIP000968,2025-06-25,PL04,Vadodara Processing Plant,Guwahati,Vadodara - Guwahati,PD07,Packaged Tiles,14.93,VH049,Container 20ft,18,TR07,Om Sai Transport,2025-06-25 06:48,2025-06-25 09:42,2025-06-25 10:14,2025-06-25 10:57,2025-06-27,2025-06-27,On Time,0,Not Applicable,74799.34,2248,1
TRIP004817,2025-06-25,PL06,Indore Manufacturing Unit,Guwahati,Indore - Guwahati,PD07,Packaged Tiles,14.25,VH052,Open Truck 10 Tyre,16,TR17,United Freight Corporation,2025-06-25 09:39,2025-06-25 11:47,2025-06-25 12:13,2025-06-25 12:37,2025-06-27,2025-06-29,Delayed,2,Documentation Delay,56978.88,1815,0
TRIP005938,2025-06-26,PL05,Hyderabad Assembly Unit,Jaipur,Hyderabad - Jaipur,PD05,Auto Components,17.31,VH024,Container 20ft,18,TR14,Coastal Cargo Carriers,2025-06-26 06:25,2025-06-26 08:59,2025-06-26 09:49,2025-06-26 10:25,2025-06-28,2025-06-27,On Time,0,Not Applicable,55250.37,1401,1
TRIP005720,2025-06-26,PL04,Vadodara Processing Plant,Nagpur,Vadodara - Nagpur,PD04,PVC Granules,7.91,VH048,Open Truck 6 Tyre,9,TR03,Vishal Transport Co.,2025-06-26 08:20,2025-06-26 10:33,2025-06-26 11:26,2025-06-26 12:10,2025-06-27,2025-06-27,On Time,0,Not Applicable,18456.51,853,1
TRIP004329,2025-06-26,PL05,Hyderabad Assembly Unit,Bhopal,Hyderabad - Bhopal,PD07,Packaged Tiles,14.6,VH053,Open Truck 10 Tyre,16,TR09,Sunrise Logistics Solutions,2025-06-26 07:18,2025-06-26 09:13,2025-06-26 09:33,2025-06-26 09:51,2025-06-27,2025-06-27,On Time,0,Not Applicable,28919.29,827,1
TRIP010096,2025-06-26,PL02,Chennai Production Plant,Ahmedabad,Chennai - Ahmedabad,PD03,Cement Bags,27.38,VH038,Container 32ft MXL,28,TR07,Om Sai Transport,2025-06-26 08:02,2025-06-26 10:57,2025-06-26 11:24,2025-06-26 11:37,2025-06-28,2025-06-28,On Time,0,Not Applicable,111045.23,1820,1
TRIP002228,2025-06-26,PL04,Vadodara Processing Plant,Bhopal,Vadodara - Bhopal,PD05,Auto Components,25.14,VH017,Container 32ft MXL,28,TR06,Ganesh Roadlines,2025-06-26 10:01,2025-06-26 12:25,2025-06-26 12:45,2025-06-26 13:20,2025-06-27,2025-06-27,On Time,0,Not Applicable,32287.49,575,1
TRIP009843,2025-06-26,PL04,Vadodara Processing Plant,Nagpur,Vadodara - Nagpur,PD03,Cement Bags,7.74,VH028,Open Truck 6 Tyre,9,TR03,Vishal Transport Co.,2025-06-26 09:13,2025-06-26 11:13,2025-06-26 11:28,2025-06-26 11:41,2025-06-27,2025-06-27,On Time,0,Not Applicable,16774.17,840,1
TRIP011996,2025-06-26,PL04,Vadodara Processing Plant,Guwahati,Vadodara - Guwahati,PD06,Electrical Cables,33.83,VH056,Trailer 40ft,35,TR05,Speedway Logistics Pvt Ltd,2025-06-26 09:13,2025-06-26 10:29,2025-06-26 11:03,2025-06-26 11:27,2025-06-29,2025-06-30,Delayed,1,Documentation Delay,240186.7,2588,0
TRIP007710,2025-06-26,PL04,Vadodara Processing Plant,Nagpur,Vadodara - Nagpur,PD06,Electrical Cables,32.42,VH035,Trailer 40ft,35,TR09,Sunrise Logistics Solutions,2025-06-26 08:57,2025-06-26 10:28,2025-06-26 10:56,2025-06-26 11:39,2025-06-27,2025-06-27,On Time,0,Not Applicable,58654.36,823,1
TRIP001414,2025-06-26,PL06,Indore Manufacturing Unit,Bhopal,Indore - Bhopal,PD01,Steel Coils,8.3,VH010,Open Truck 6 Tyre,9,TR15,Apex Logistics India,2025-06-26 09:59,2025-06-26 11:21,2025-06-26 12:20,2025-06-26 12:55,2025-06-26,2025-06-26,On Time,0,Not Applicable,959.0,20,1
TRIP001656,2025-06-26,PL05,Hyderabad Assembly Unit,Bhopal,Hyderabad - Bhopal,PD06,Electrical Cables,21.8,VH033,Container 32ft SXL,22,TR09,Sunrise Logistics Solutions,2025-06-26 07:00,2025-06-26 08:47,2025-06-26 09:16,2025-06-26 09:27,2025-06-27,2025-06-27,On Time,0,Not Applicable,37872.13,806,1
TRIP004101,2025-06-27,PL04,Vadodara Processing Plant,Jaipur,Vadodara - Jaipur,PD04,PVC Granules,8.62,VH043,Open Truck 6 Tyre,9,TR11,Reliable Roadways,2025-06-27 10:11,2025-06-27 11:33,2025-06-27 12:09,2025-06-27 12:36,2025-06-28,2025-06-28,On Time,0,Not Applicable,13225.82,653,1
TRIP002676,2025-06-27,PL05,Hyderabad Assembly Unit,Patna,Hyderabad - Patna,PD08,Textile Rolls,28.0,VH017,Container 32ft MXL,28,TR06,Ganesh Roadlines,2025-06-27 07:36,2025-06-27 09:30,2025-06-27 09:48,2025-06-27 10:13,2025-06-29,2025-06-29,On Time,0,Not Applicable,93334.24,1436,1
TRIP003127,2025-06-27,PL05,Hyderabad Assembly Unit,Mumbai,Hyderabad - Mumbai,PD07,Packaged Tiles,28.0,VH032,Container 32ft MXL,28,TR03,Vishal Transport Co.,2025-06-27 06:18,2025-06-27 08:40,2025-06-27 09:07,2025-06-27 09:39,2025-06-28,2025-06-28,On Time,0,Not Applicable,47857.36,708,1
TRIP007262,2025-06-27,PL05,Hyderabad Assembly Unit,Bengaluru,Hyderabad - Bengaluru,PD06,Electrical Cables,15.41,VH021,Open Truck 10 Tyre,16,TR02,Shree Balaji Logistics,2025-06-27 10:54,2025-06-27 13:28,2025-06-27 14:08,2025-06-27 14:49,2025-06-28,2025-06-28,On Time,0,Not Applicable,21345.21,600,1
TRIP010081,2025-06-27,PL05,Hyderabad Assembly Unit,Mumbai,Hyderabad - Mumbai,PD03,Cement Bags,18.56,VH025,Container 32ft SXL,22,TR13,Punjab Truck Union,2025-06-27 08:45,2025-06-27 10:16,2025-06-27 10:46,2025-06-27 11:12,2025-06-28,2025-06-29,Delayed,1,Loading Delay at Plant,32301.1,701,0
TRIP004680,2025-06-27,PL06,Indore Manufacturing Unit,Kolkata,Indore - Kolkata,PD02,Steel Pipes,7.64,VH028,Open Truck 6 Tyre,9,TR03,Vishal Transport Co.,2025-06-27 10:07,2025-06-27 11:54,2025-06-27 12:34,2025-06-27 12:58,2025-06-29,2025-06-28,On Time,0,Not Applicable,28127.75,1372,1
TRIP004732,2025-06-28,PL04,Vadodara Processing Plant,Nagpur,Vadodara - Nagpur,PD06,Electrical Cables,18.58,VH033,Container 32ft SXL,22,TR09,Sunrise Logistics Solutions,2025-06-28 08:10,2025-06-28 09:54,2025-06-28 10:27,2025-06-28 10:54,2025-06-29,2025-06-29,On Time,0,Not Applicable,34894.17,789,1
TRIP011912,2025-06-28,PL02,Chennai Production Plant,Ahmedabad,Chennai - Ahmedabad,PD04,PVC Granules,15.28,VH053,Open Truck 10 Tyre,16,TR09,Sunrise Logistics Solutions,2025-06-28 07:30,2025-06-28 08:54,2025-06-28 09:32,2025-06-28 10:02,2025-06-30,2025-06-30,On Time,0,Not Applicable,62230.69,1846,1
TRIP008070,2025-06-29,PL05,Hyderabad Assembly Unit,Bhopal,Hyderabad - Bhopal,PD04,PVC Granules,15.09,VH054,Container 20ft,18,TR13,Punjab Truck Union,2025-06-29 09:13,2025-06-29 11:11,2025-06-29 12:09,2025-06-29 12:21,2025-06-30,2025-06-30,On Time,0,Not Applicable,29848.88,786,1
TRIP010615,2025-06-29,PL05,Hyderabad Assembly Unit,Guwahati,Hyderabad - Guwahati,PD08,Textile Rolls,14.49,VH001,Container 20ft,18,TR16,Shakti Road Carriers,2025-06-29 07:28,2025-06-29 10:35,2025-06-29 11:29,2025-06-29 11:42,2025-07-01,2025-07-01,On Time,0,Not Applicable,77829.99,2115,1
TRIP005532,2025-06-29,PL05,Hyderabad Assembly Unit,Bhopal,Hyderabad - Bhopal,PD07,Packaged Tiles,17.13,VH034,Container 20ft,18,TR13,Punjab Truck Union,2025-06-29 07:04,2025-06-29 08:24,2025-06-29 08:39,2025-06-29 08:54,2025-06-30,2025-06-30,On Time,0,Not Applicable,32936.95,743,1
TRIP011178,2025-06-30,PL02,Chennai Production Plant,Guwahati,Chennai - Guwahati,PD03,Cement Bags,16.57,VH019,Container 20ft,18,TR07,Om Sai Transport,2025-06-30 06:57,2025-06-30 08:57,2025-06-30 09:30,2025-06-30 10:00,2025-07-03,2025-07-03,On Time,0,Not Applicable,105186.19,2762,1
TRIP001433,2025-06-30,PL02,Chennai Production Plant,Nagpur,Chennai - Nagpur,PD04,PVC Granules,20.16,VH033,Container 32ft SXL,22,TR09,Sunrise Logistics Solutions,2025-06-30 10:15,2025-06-30 12:38,2025-06-30 13:28,2025-06-30 13:45,2025-07-02,2025-07-01,On Time,0,Not Applicable,57895.47,1271,1
TRIP010997,2025-06-30,PL01,Pune Manufacturing Unit,Bhopal,Pune - Bhopal,PD07,Packaged Tiles,18.0,VH001,Container 20ft,18,TR16,Shakti Road Carriers,2025-06-30 06:20,2025-06-30 08:48,2025-06-30 09:41,2025-06-30 09:56,2025-07-01,2025-07-01,On Time,0,Not Applicable,32478.06,673,1
TRIP005278,2025-06-30,PL03,Ludhiana Fabrication Unit,Bhopal,Ludhiana - Bhopal,PD01,Steel Coils,16.04,VH001,Container 20ft,18,TR16,Shakti Road Carriers,2025-06-30 08:13,2025-06-30 11:08,2025-06-30 11:37,2025-06-30 12:05,2025-07-01,2025-07-01,On Time,0,Not Applicable,37559.39,886,1
TRIP009292,2025-07-01,PL05,Hyderabad Assembly Unit,Nagpur,Hyderabad - Nagpur,PD06,Electrical Cables,6.5,VH030,Open Truck 6 Tyre,9,TR10,Metro Freight Carriers,2025-07-01 10:32,2025-07-01 11:13,2025-07-01 11:43,2025-07-01 12:12,2025-07-02,2025-07-01,On Time,0,Not Applicable,7629.01,496,1
TRIP001484,2025-07-01,PL01,Pune Manufacturing Unit,Jaipur,Pune - Jaipur,PD07,Packaged Tiles,9.39,VH046,Open Truck 10 Tyre,16,TR02,Shree Balaji Logistics,2025-07-01 09:23,2025-07-01 12:03,2025-07-01 12:21,2025-07-01 13:02,2025-07-02,2025-07-02,On Time,0,Not Applicable,24156.58,1208,1
TRIP009412,2025-07-01,PL05,Hyderabad Assembly Unit,Mumbai,Hyderabad - Mumbai,PD07,Packaged Tiles,15.79,VH058,Open Truck 10 Tyre,16,TR18,Deccan Transport Co.,2025-07-01 09:33,2025-07-01 12:31,2025-07-01 12:50,2025-07-01 13:11,2025-07-02,2025-07-02,On Time,0,Not Applicable,28734.86,717,1
TRIP007635,2025-07-02,PL05,Hyderabad Assembly Unit,Nagpur,Hyderabad - Nagpur,PD04,PVC Granules,24.76,VH008,Container 32ft MXL,28,TR11,Reliable Roadways,2025-07-02 10:05,2025-07-02 12:44,2025-07-02 13:07,2025-07-02 13:17,2025-07-03,2025-07-04,Delayed,1,Route Diversion,29283.56,494,0
TRIP007891,2025-07-02,PL06,Indore Manufacturing Unit,Jaipur,Indore - Jaipur,PD05,Auto Components,20.39,VH026,Container 32ft SXL,22,TR09,Sunrise Logistics Solutions,2025-07-02 07:39,2025-07-02 09:53,2025-07-02 10:17,2025-07-02 10:40,2025-07-03,2025-07-03,On Time,0,Not Applicable,24794.1,534,1
TRIP008117,2025-07-02,PL05,Hyderabad Assembly Unit,Jaipur,Hyderabad - Jaipur,PD06,Electrical Cables,18.15,VH044,Container 32ft SXL,22,TR07,Om Sai Transport,2025-07-02 09:36,2025-07-02 11:29,2025-07-02 12:16,2025-07-02 12:46,2025-07-04,2025-07-03,On Time,0,Not Applicable,56730.08,1359,1
TRIP008282,2025-07-03,PL05,Hyderabad Assembly Unit,Jaipur,Hyderabad - Jaipur,PD07,Packaged Tiles,15.02,VH034,Container 20ft,18,TR13,Punjab Truck Union,2025-07-03 08:46,2025-07-03 09:43,2025-07-03 10:15,2025-07-03 10:40,2025-07-05,2025-07-05,On Time,0,Not Applicable,52787.48,1403,1
TRIP000042,2025-07-04,PL05,Hyderabad Assembly Unit,Bhopal,Hyderabad - Bhopal,PD01,Steel Coils,16.12,VH001,Container 20ft,18,TR16,Shakti Road Carriers,2025-07-04 08:04,2025-07-04 10:17,2025-07-04 10:40,2025-07-04 11:02,2025-07-05,2025-07-05,On Time,0,Not Applicable,30913.21,752,1
TRIP010832,2025-07-04,PL01,Pune Manufacturing Unit,Bhopal,Pune - Bhopal,PD02,Steel Pipes,16.19,VH001,Container 20ft,18,TR16,Shakti Road Carriers,2025-07-04 09:41,2025-07-04 11:54,2025-07-04 12:50,2025-07-04 13:18,2025-07-05,2025-07-05,On Time,0,Not Applicable,28857.63,678,1
TRIP009648,2025-07-04,PL04,Vadodara Processing Plant,Nagpur,Vadodara - Nagpur,PD05,Auto Components,24.72,VH011,Container 32ft MXL,28,TR18,Deccan Transport Co.,2025-07-04 06:36,2025-07-04 07:54,2025-07-04 08:50,2025-07-04 09:26,2025-07-05,2025-07-05,On Time,0,Not Applicable,53058.23,856,1
TRIP002583,2025-07-04,PL04,Vadodara Processing Plant,Bhopal,Vadodara - Bhopal,PD04,PVC Granules,26.91,VH008,Container 32ft MXL,28,TR11,Reliable Roadways,2025-07-04 08:07,2025-07-04 09:38,2025-07-04 10:00,2025-07-04 10:23,2025-07-05,2025-07-05,On Time,0,Not Applicable,35990.6,553,1
TRIP007349,2025-07-05,PL05,Hyderabad Assembly Unit,Bhopal,Hyderabad - Bhopal,PD05,Auto Components,31.63,VH003,Trailer 40ft,35,TR17,United Freight Corporation,2025-07-05 07:14,2025-07-05 10:07,2025-07-05 10:31,2025-07-05 11:09,2025-07-06,2025-07-06,On Time,0,Not Applicable,56960.63,762,1
TRIP003034,2025-07-05,PL05,Hyderabad Assembly Unit,Ahmedabad,Hyderabad - Ahmedabad,PD05,Auto Components,16.68,VH031,Container 20ft,18,TR17,United Freight Corporation,2025-07-05 07:28,2025-07-05 10:13,2025-07-05 10:42,2025-07-05 11:07,2025-07-07,2025-07-06,On Time,0,Not Applicable,43663.57,1184,1
TRIP003291,2025-07-05,PL02,Chennai Production Plant,Guwahati,Chennai - Guwahati,PD02,Steel Pipes,10.15,VH050,Container 20ft,18,TR18,Deccan Transport Co.,2025-07-05 08:30,2025-07-05 10:09,2025-07-05 10:45,2025-07-05 11:22,2025-07-08,2025-07-07,On Time,0,Not Applicable,79295.41,2821,1
TRIP008329,2025-07-06,PL05,Hyderabad Assembly Unit,Nagpur,Hyderabad - Nagpur,PD01,Steel Coils,13.95,VH053,Open Truck 10 Tyre,16,TR09,Sunrise Logistics Solutions,2025-07-06 09:04,2025-07-06 11:33,2025-07-06 12:29,2025-07-06 13:12,2025-07-07,2025-07-06,On Time,0,Not Applicable,15922.22,495,1
TRIP011849,2025-07-07,PL06,Indore Manufacturing Unit,Kolkata,Indore - Kolkata,PD05,Auto Components,6.61,VH057,Open Truck 6 Tyre,9,TR14,Coastal Cargo Carriers,2025-07-07 08:53,2025-07-07 11:27,2025-07-07 11:51,2025-07-07 12:14,2025-07-08,2025-07-08,On Time,0,Not Applicable,20691.29,1209,1
TRIP009435,2025-07-07,PL04,Vadodara Processing Plant,Mumbai,Vadodara - Mumbai,PD05,Auto Components,21.61,VH040,Container 32ft SXL,22,TR06,Ganesh Roadlines,2025-07-07 07:14,2025-07-07 10:25,2025-07-07 10:59,2025-07-07 11:15,2025-07-08,2025-07-07,On Time,0,Not Applicable,26829.4,539,1
TRIP000380,2025-07-07,PL04,Vadodara Processing Plant,Bhopal,Vadodara - Bhopal,PD06,Electrical Cables,17.22,VH033,Container 32ft SXL,22,TR09,Sunrise Logistics Solutions,2025-07-07 10:28,2025-07-07 13:05,2025-07-07 13:32,2025-07-07 13:55,2025-07-08,2025-07-09,Delayed,1,Traffic Congestion,21603.65,571,0
TRIP008945,2025-07-08,PL05,Hyderabad Assembly Unit,Nagpur,Hyderabad - Nagpur,PD03,Cement Bags,15.53,VH053,Open Truck 10 Tyre,16,TR09,Sunrise Logistics Solutions,2025-07-08 08:40,2025-07-08 11:55,2025-07-08 12:38,2025-07-08 13:11,2025-07-09,2025-07-09,On Time,0,Not Applicable,17197.07,462,1
TRIP002532,2025-07-08,PL01,Pune Manufacturing Unit,Coimbatore,Pune - Coimbatore,PD04,PVC Granules,14.37,VH029,Open Truck 10 Tyre,16,TR17,United Freight Corporation,2025-07-08 06:27,2025-07-08 07:13,2025-07-08 07:54,2025-07-08 08:07,2025-07-09,2025-07-10,Delayed,1,Weather Conditions,32549.07,1014,0
TRIP005803,2025-07-10,PL05,Hyderabad Assembly Unit,Nagpur,Hyderabad - Nagpur,PD05,Auto Components,8.25,VH014,Open Truck 6 Tyre,9,TR08,Kaveri Cargo Movers,2025-07-10 10:10,2025-07-10 12:21,2025-07-10 13:17,2025-07-10 13:51,2025-07-11,2025-07-11,On Time,0,Not Applicable,11198.55,512,1
TRIP001352,2025-07-10,PL01,Pune Manufacturing Unit,Guwahati,Pune - Guwahati,PD05,Auto Components,16.0,VH007,Open Truck 10 Tyre,16,TR03,Vishal Transport Co.,2025-07-10 10:08,2025-07-10 12:21,2025-07-10 12:37,2025-07-10 13:17,2025-07-12,2025-07-12,On Time,0,Not Applicable,98934.18,2391,1
TRIP001003,2025-07-10,PL02,Chennai Production Plant,Patna,Chennai - Patna,PD08,Textile Rolls,14.85,VH006,Open Truck 10 Tyre,16,TR12,Trident Transport Services,2025-07-10 10:03,2025-07-10 11:59,2025-07-10 12:16,2025-07-10 12:33,2025-07-13,2025-07-12,On Time,0,Not Applicable,74496.69,2296,1
TRIP011596,2025-07-10,PL04,Vadodara Processing Plant,Jaipur,Vadodara - Jaipur,PD01,Steel Coils,33.54,VH056,Trailer 40ft,35,TR05,Speedway Logistics Pvt Ltd,2025-07-10 07:45,2025-07-10 09:55,2025-07-10 10:38,2025-07-10 10:58,2025-07-11,2025-07-13,Delayed,2,Driver Unavailability,55980.41,593,0
TRIP009310,2025-07-10,PL01,Pune Manufacturing Unit,Bhopal,Pune - Bhopal,PD07,Packaged Tiles,16.41,VH024,Container 20ft,18,TR14,Coastal Cargo Carriers,2025-07-10 10:58,2025-07-10 12:37,2025-07-10 12:59,2025-07-10 13:41,2025-07-11,2025-07-11,On Time,0,Not Applicable,27263.87,661,1
TRIP010903,2025-07-10,PL06,Indore Manufacturing Unit,Bhopal,Indore - Bhopal,PD03,Cement Bags,9.0,VH037,Open Truck 6 Tyre,9,TR03,Vishal Transport Co.,2025-07-10 07:10,2025-07-10 09:38,2025-07-10 10:30,2025-07-10 11:12,2025-07-10,2025-07-10,On Time,0,Not Applicable,1146.09,20,1
TRIP001702,2025-07-11,PL04,Vadodara Processing Plant,Nagpur,Vadodara - Nagpur,PD04,PVC Granules,28.0,VH059,Container 32ft MXL,28,TR05,Speedway Logistics Pvt Ltd,2025-07-11 08:01,2025-07-11 11:19,2025-07-11 11:51,2025-07-11 12:15,2025-07-12,2025-07-12,On Time,0,Not Applicable,65668.12,885,1
TRIP005944,2025-07-11,PL05,Hyderabad Assembly Unit,Guwahati,Hyderabad - Guwahati,PD01,Steel Coils,21.07,VH016,Container 32ft MXL,28,TR15,Apex Logistics India,2025-07-11 08:41,2025-07-11 12:10,2025-07-11 12:57,2025-07-11 13:37,2025-07-14,2025-07-14,On Time,0,Not Applicable,115553.02,2136,1
TRIP003380,2025-07-12,PL05,Hyderabad Assembly Unit,Guwahati,Hyderabad - Guwahati,PD02,Steel Pipes,21.86,VH013,Container 32ft MXL,28,TR08,Kaveri Cargo Movers,2025-07-12 08:44,2025-07-12 10:14,2025-07-12 11:02,2025-07-12 11:30,2025-07-15,2025-07-14,On Time,0,Not Applicable,112330.26,2063,1
TRIP009837,2025-07-13,PL01,Pune Manufacturing Unit,Mumbai,Pune - Mumbai,PD01,Steel Coils,15.32,VH049,Container 20ft,18,TR07,Om Sai Transport,2025-07-13 09:37,2025-07-13 11:10,2025-07-13 11:29,2025-07-13 11:41,2025-07-13,2025-07-13,On Time,0,Not Applicable,5924.81,143,1
TRIP006900,2025-07-13,PL02,Chennai Production Plant,Bhopal,Chennai - Bhopal,PD02,Steel Pipes,15.11,VH036,Container 32ft SXL,22,TR09,Sunrise Logistics Solutions,2025-07-13 10:39,2025-07-13 11:41,2025-07-13 12:36,2025-07-13 13:01,2025-07-15,2025-07-15,On Time,0,Not Applicable,57987.56,1613,1
TRIP007135,2025-07-13,PL05,Hyderabad Assembly Unit,Nagpur,Hyderabad - Nagpur,PD07,Packaged Tiles,8.23,VH060,Open Truck 6 Tyre,9,TR15,Apex Logistics India,2025-07-13 10:07,2025-07-13 11:57,2025-07-13 12:29,2025-07-13 12:53,2025-07-14,2025-07-14,On Time,0,Not Applicable,12273.4,526,1
TRIP001454,2025-07-14,PL02,Chennai Production Plant,Mumbai,Chennai - Mumbai,PD01,Steel Coils,6.43,VH057,Open Truck 6 Tyre,9,TR14,Coastal Cargo Carriers,2025-07-14 08:06,2025-07-14 09:54,2025-07-14 10:19,2025-07-14 11:02,2025-07-16,2025-07-15,On Time,0,Not Applicable,20586.29,1377,1
TRIP000399,2025-07-14,PL06,Indore Manufacturing Unit,Nagpur,Indore - Nagpur,PD07,Packaged Tiles,14.1,VH029,Open Truck 10 Tyre,16,TR17,United Freight Corporation,2025-07-14 10:27,2025-07-14 12:22,2025-07-14 12:37,2025-07-14 13:04,2025-07-15,2025-07-14,On Time,0,Not Applicable,9779.07,292,1
TRIP003661,2025-07-15,PL05,Hyderabad Assembly Unit,Mumbai,Hyderabad - Mumbai,PD06,Electrical Cables,8.83,VH043,Open Truck 6 Tyre,9,TR11,Reliable Roadways,2025-07-15 09:26,2025-07-15 10:41,2025-07-15 11:38,2025-07-15 12:18,2025-07-16,2025-07-16,On Time,0,Not Applicable,15854.89,699,1
TRIP007069,2025-07-15,PL06,Indore Manufacturing Unit,Guwahati,Indore - Guwahati,PD01,Steel Coils,8.67,VH043,Open Truck 6 Tyre,9,TR11,Reliable Roadways,2025-07-15 07:27,2025-07-15 09:27,2025-07-15 09:45,2025-07-15 10:20,2025-07-17,2025-07-17,On Time,0,Not Applicable,38676.36,1886,1
TRIP006875,2025-07-15,PL02,Chennai Production Plant,Guwahati,Chennai - Guwahati,PD05,Auto Components,15.96,VH034,Container 20ft,18,TR13,Punjab Truck Union,2025-07-15 07:47,2025-07-15 10:31,2025-07-15 10:59,2025-07-15 11:18,2025-07-18,2025-07-18,On Time,0,Not Applicable,120811.3,3035,1
TRIP008515,2025-07-16,PL04,Vadodara Processing Plant,Jaipur,Vadodara - Jaipur,PD07,Packaged Tiles,20.46,VH039,Container 32ft SXL,22,TR05,Speedway Logistics Pvt Ltd,2025-07-16 07:33,2025-07-16 09:11,2025-07-16 09:57,2025-07-16 10:35,2025-07-17,2025-07-17,On Time,0,Not Applicable,41808.3,745,1
TRIP001400,2025-07-16,PL01,Pune Manufacturing Unit,Bhopal,Pune - Bhopal,PD02,Steel Pipes,15.56,VH007,Open Truck 10 Tyre,16,TR03,Vishal Transport Co.,2025-07-16 10:55,2025-07-16 13:20,2025-07-16 14:09,2025-07-16 14:50,2025-07-17,2025-07-17,On Time,0,Not Applicable,25806.15,628,1
TRIP001276,2025-07-16,PL05,Hyderabad Assembly Unit,Nagpur,Hyderabad - Nagpur,PD03,Cement Bags,10.94,VH050,Container 20ft,18,TR18,Deccan Transport Co.,2025-07-16 08:47,2025-07-16 11:04,2025-07-16 11:26,2025-07-16 11:49,2025-07-17,2025-07-17,On Time,0,Not Applicable,14260.79,470,1
TRIP000096,2025-07-16,PL02,Chennai Production Plant,Mumbai,Chennai - Mumbai,PD02,Steel Pipes,18.56,VH033,Container 32ft SXL,22,TR09,Sunrise Logistics Solutions,2025-07-16 09:36,2025-07-16 11:59,2025-07-16 12:19,2025-07-16 12:34,2025-07-18,2025-07-18,On Time,0,Not Applicable,58853.0,1401,1
TRIP002929,2025-07-16,PL03,Ludhiana Fabrication Unit,Bhopal,Ludhiana - Bhopal,PD08,Textile Rolls,8.02,VH027,Open Truck 6 Tyre,9,TR13,Punjab Truck Union,2025-07-16 09:29,2025-07-16 10:55,2025-07-16 11:25,2025-07-16 11:35,2025-07-17,2025-07-17,On Time,0,Not Applicable,20804.13,1034,1
TRIP002020,2025-07-16,PL02,Chennai Production Plant,Mumbai,Chennai - Mumbai,PD04,PVC Granules,8.2,VH048,Open Truck 6 Tyre,9,TR03,Vishal Transport Co.,2025-07-16 07:20,2025-07-16 09:42,2025-07-16 10:30,2025-07-16 10:53,2025-07-17,2025-07-17,On Time,0,Not Applicable,27285.23,1333,1
TRIP004603,2025-07-17,PL04,Vadodara Processing Plant,Guwahati,Vadodara - Guwahati,PD01,Steel Coils,22.0,VH041,Container 32ft SXL,22,TR13,Punjab Truck Union,2025-07-17 10:23,2025-07-17 11:17,2025-07-17 12:11,2025-07-17 12:39,2025-07-20,2025-07-19,On Time,0,Not Applicable,123619.24,2337,1
TRIP003915,2025-07-17,PL05,Hyderabad Assembly Unit,Guwahati,Hyderabad - Guwahati,PD04,PVC Granules,14.6,VH004,Container 20ft,18,TR06,Ganesh Roadlines,2025-07-17 10:36,2025-07-17 12:44,2025-07-17 13:38,2025-07-17 13:58,2025-07-19,2025-07-20,Delayed,1,Customer Site Congestion,72397.18,2119,0
TRIP011816,2025-07-17,PL05,Hyderabad Assembly Unit,Jaipur,Hyderabad - Jaipur,PD07,Packaged Tiles,8.29,VH048,Open Truck 6 Tyre,9,TR03,Vishal Transport Co.,2025-07-17 10:03,2025-07-17 13:01,2025-07-17 13:51,2025-07-17 14:35,2025-07-19,2025-07-18,On Time,0,Not Applicable,28692.27,1341,1
TRIP001684,2025-07-17,PL01,Pune Manufacturing Unit,Bhopal,Pune - Bhopal,PD01,Steel Coils,7.53,VH010,Open Truck 6 Tyre,9,TR15,Apex Logistics India,2025-07-17 08:15,2025-07-17 10:48,2025-07-17 11:42,2025-07-17 12:10,2025-07-18,2025-07-18,On Time,0,Not Applicable,14044.18,697,1
TRIP007841,2025-07-17,PL01,Pune Manufacturing Unit,Mumbai,Pune - Mumbai,PD01,Steel Coils,26.79,VH059,Container 32ft MXL,28,TR05,Speedway Logistics Pvt Ltd,2025-07-17 08:41,2025-07-17 10:36,2025-07-17 11:07,2025-07-17 11:49,2025-07-17,2025-07-18,Delayed,1,Vehicle Breakdown,11095.41,140,0
TRIP007467,2025-07-18,PL04,Vadodara Processing Plant,Nagpur,Vadodara - Nagpur,PD01,Steel Coils,27.61,VH020,Container 32ft MXL,28,TR01,Bharat Road Carriers,2025-07-18 10:35,2025-07-18 11:57,2025-07-18 12:37,2025-07-18 13:21,2025-07-19,2025-07-19,On Time,0,Not Applicable,49248.06,828,1
TRIP000674,2025-07-18,PL03,Ludhiana Fabrication Unit,Guwahati,Ludhiana - Guwahati,PD03,Cement Bags,16.27,VH001,Container 20ft,18,TR16,Shakti Road Carriers,2025-07-18 07:27,2025-07-18 09:14,2025-07-18 09:29,2025-07-18 09:41,2025-07-20,2025-07-21,Delayed,1,Weather Conditions,83472.57,1916,0
TRIP008249,2025-07-18,PL05,Hyderabad Assembly Unit,Mumbai,Hyderabad - Mumbai,PD07,Packaged Tiles,19.01,VH044,Container 32ft SXL,22,TR07,Om Sai Transport,2025-07-18 07:37,2025-07-18 10:17,2025-07-18 10:55,2025-07-18 11:13,2025-07-19,2025-07-19,On Time,0,Not Applicable,31665.8,700,1
TRIP005712,2025-07-18,PL04,Vadodara Processing Plant,Nagpur,Vadodara - Nagpur,PD04,PVC Granules,12.66,VH036,Container 32ft SXL,22,TR09,Sunrise Logistics Solutions,2025-07-18 09:25,2025-07-18 10:05,2025-07-18 10:40,2025-07-18 11:22,2025-07-19,2025-07-20,Delayed,1,Vehicle Breakdown,23737.5,817,0
TRIP003692,2025-07-18,PL02,Chennai Production Plant,Bhopal,Chennai - Bhopal,PD01,Steel Coils,27.51,VH038,Container 32ft MXL,28,TR07,Om Sai Transport,2025-07-18 06:10,2025-07-18 07:45,2025-07-18 08:21,2025-07-18 08:55,2025-07-20,2025-07-20,On Time,0,Not Applicable,111494.0,1644,1
TRIP002040,2025-07-19,PL05,Hyderabad Assembly Unit,Nagpur,Hyderabad - Nagpur,PD07,Packaged Tiles,15.65,VH021,Open Truck 10 Tyre,16,TR02,Shree Balaji Logistics,2025-07-19 10:07,2025-07-19 12:26,2025-07-19 13:21,2025-07-19 13:49,2025-07-20,2025-07-20,On Time,0,Not Applicable,17718.11,519,1
TRIP010632,2025-07-19,PL02,Chennai Production Plant,Nagpur,Chennai - Nagpur,PD07,Packaged Tiles,13.37,VH036,Container 32ft SXL,22,TR09,Sunrise Logistics Solutions,2025-07-19 08:33,2025-07-19 10:21,2025-07-19 11:14,2025-07-19 11:54,2025-07-21,2025-07-20,On Time,0,Not Applicable,41300.98,1298,1
TRIP003653,2025-07-20,PL05,Hyderabad Assembly Unit,Bhopal,Hyderabad - Bhopal,PD08,Textile Rolls,17.38,VH023,Container 32ft SXL,22,TR14,Coastal Cargo Carriers,2025-07-20 06:53,2025-07-20 09:40,2025-07-20 10:00,2025-07-20 10:39,2025-07-21,2025-07-21,On Time,0,Not Applicable,33882.75,784,1
TRIP003859,2025-07-21,PL06,Indore Manufacturing Unit,Patna,Indore - Patna,PD03,Cement Bags,14.64,VH058,Open Truck 10 Tyre,16,TR18,Deccan Transport Co.,2025-07-21 10:11,2025-07-21 12:18,2025-07-21 13:03,2025-07-21 13:32,2025-07-22,2025-07-22,On Time,0,Not Applicable,42497.54,1106,1
TRIP009038,2025-07-22,PL01,Pune Manufacturing Unit,Nagpur,Pune - Nagpur,PD07,Packaged Tiles,21.56,VH041,Container 32ft SXL,22,TR13,Punjab Truck Union,2025-07-22 08:53,2025-07-22 09:23,2025-07-22 09:45,2025-07-22 10:10,2025-07-23,2025-07-23,On Time,0,Not Applicable,26544.86,483,1
TRIP010413,2025-07-22,PL04,Vadodara Processing Plant,Bhopal,Vadodara - Bhopal,PD08,Textile Rolls,15.63,VH004,Container 20ft,18,TR06,Ganesh Roadlines,2025-07-22 08:23,2025-07-22 09:45,2025-07-22 10:21,2025-07-22 10:35,2025-07-23,2025-07-23,On Time,0,Not Applicable,22260.34,606,1
TRIP009783,2025-07-22,PL02,Chennai Production Plant,Coimbatore,Chennai - Coimbatore,PD07,Packaged Tiles,14.51,VH054,Container 20ft,18,TR13,Punjab Truck Union,2025-07-22 06:40,2025-07-22 08:38,2025-07-22 09:11,2025-07-22 09:48,2025-07-23,2025-07-22,On Time,0,Not Applicable,19965.73,508,1
TRIP005764,2025-07-23,PL05,Hyderabad Assembly Unit,Bhopal,Hyderabad - Bhopal,PD05,Auto Components,19.1,VH047,Container 32ft SXL,22,TR07,Om Sai Transport,2025-07-23 07:17,2025-07-23 09:43,2025-07-23 10:18,2025-07-23 10:48,2025-07-24,2025-07-24,On Time,0,Not Applicable,35137.86,816,1
TRIP008511,2025-07-24,PL03,Ludhiana Fabrication Unit,Delhi NCR,Ludhiana - Delhi NCR,PD03,Cement Bags,9.11,VH046,Open Truck 10 Tyre,16,TR02,Shree Balaji Logistics,2025-07-24 08:41,2025-07-24 11:12,2025-07-24 11:37,2025-07-24 11:50,2025-07-25,2025-07-24,On Time,0,Not Applicable,6483.17,320,1
TRIP006855,2025-07-24,PL02,Chennai Production Plant,Mumbai,Chennai - Mumbai,PD03,Cement Bags,9.0,VH027,Open Truck 6 Tyre,9,TR13,Punjab Truck Union,2025-07-24 08:04,2025-07-24 09:03,2025-07-24 09:37,2025-07-24 10:08,2025-07-25,2025-07-25,On Time,0,Not Applicable,31270.48,1289,1
TRIP003404,2025-07-24,PL05,Hyderabad Assembly Unit,Bhopal,Hyderabad - Bhopal,PD01,Steel Coils,11.97,VH018,Container 32ft SXL,22,TR04,National Freight Movers,2025-07-24 08:21,2025-07-24 11:13,2025-07-24 12:06,2025-07-24 12:19,2025-07-25,2025-07-25,On Time,0,Not Applicable,24260.73,734,1
TRIP009925,2025-07-24,PL05,Hyderabad Assembly Unit,Nagpur,Hyderabad - Nagpur,PD02,Steel Pipes,25.42,VH022,Container 32ft MXL,28,TR02,Shree Balaji Logistics,2025-07-24 10:29,2025-07-24 13:22,2025-07-24 14:00,2025-07-24 14:27,2025-07-25,2025-07-26,Delayed,1,Traffic Congestion,28824.12,473,0
TRIP004925,2025-07-24,PL06,Indore Manufacturing Unit,Bhopal,Indore - Bhopal,PD05,Auto Components,7.93,VH048,Open Truck 6 Tyre,9,TR03,Vishal Transport Co.,2025-07-24 08:28,2025-07-24 11:02,2025-07-24 11:31,2025-07-24 12:11,2025-07-24,2025-07-24,On Time,0,Not Applicable,1097.6,20,1
TRIP001011,2025-07-25,PL05,Hyderabad Assembly Unit,Guwahati,Hyderabad - Guwahati,PD01,Steel Coils,30.0,VH051,Trailer 40ft,35,TR07,Om Sai Transport,2025-07-25 06:51,2025-07-25 10:17,2025-07-25 10:37,2025-07-25 11:15,2025-07-27,2025-07-27,On Time,0,Not Applicable,137295.89,1999,1
TRIP007413,2025-07-25,PL05,Hyderabad Assembly Unit,Kolkata,Hyderabad - Kolkata,PD06,Electrical Cables,29.97,VH056,Trailer 40ft,35,TR05,Speedway Logistics Pvt Ltd,2025-07-25 08:51,2025-07-25 12:03,2025-07-25 12:43,2025-07-25 12:59,2025-07-27,2025-07-27,On Time,0,Not Applicable,110846.29,1392,1
TRIP003239,2025-07-25,PL05,Hyderabad Assembly Unit,Nagpur,Hyderabad - Nagpur,PD04,PVC Granules,31.14,VH003,Trailer 40ft,35,TR17,United Freight Corporation,2025-07-25 09:02,2025-07-25 11:02,2025-07-25 11:22,2025-07-25 11:51,2025-07-26,2025-07-26,On Time,0,Not Applicable,37682.53,510,1
TRIP010141,2025-07-26,PL06,Indore Manufacturing Unit,Bhopal,Indore - Bhopal,PD05,Auto Components,22.0,VH039,Container 32ft SXL,22,TR05,Speedway Logistics Pvt Ltd,2025-07-26 07:08,2025-07-26 09:24,2025-07-26 09:48,2025-07-26 10:17,2025-07-26,2025-07-26,On Time,0,Not Applicable,1820.24,20,1
TRIP009368,2025-07-26,PL05,Hyderabad Assembly Unit,Guwahati,Hyderabad - Guwahati,PD05,Auto Components,15.17,VH042,Container 32ft SXL,22,TR12,Trident Transport Services,2025-07-26 09:57,2025-07-26 12:42,2025-07-26 12:59,2025-07-26 13:40,2025-07-29,2025-07-28,On Time,0,Not Applicable,77327.72,2252,1
TRIP000304,2025-07-26,PL04,Vadodara Processing Plant,Bhopal,Vadodara - Bhopal,PD07,Packaged Tiles,25.68,VH015,Container 32ft MXL,28,TR08,Kaveri Cargo Movers,2025-07-26 06:11,2025-07-26 09:42,2025-07-26 10:15,2025-07-26 10:45,2025-07-27,2025-07-28,Delayed,1,Route Diversion,36380.04,615,0
TRIP007906,2025-07-26,PL05,Hyderabad Assembly Unit,Bhopal,Hyderabad - Bhopal,PD01,Steel Coils,33.31,VH055,Trailer 40ft,35,TR09,Sunrise Logistics Solutions,2025-07-26 08:30,2025-07-26 09:50,2025-07-26 10:19,2025-07-26 10:41,2025-07-27,2025-07-28,Delayed,1,Toll/Checkpoint Delay,62788.01,822,0
TRIP001069,2025-07-27,PL03,Ludhiana Fabrication Unit,Patna,Ludhiana - Patna,PD06,Electrical Cables,6.63,VH057,Open Truck 6 Tyre,9,TR14,Coastal Cargo Carriers,2025-07-27 06:09,2025-07-27 08:20,2025-07-27 08:54,2025-07-27 09:18,2025-07-28,2025-07-28,On Time,0,Not Applicable,19637.68,1173,1
TRIP008762,2025-07-29,PL05,Hyderabad Assembly Unit,Kolkata,Hyderabad - Kolkata,PD05,Auto Components,16.82,VH034,Container 20ft,18,TR13,Punjab Truck Union,2025-07-29 08:25,2025-07-29 10:48,2025-07-29 11:13,2025-07-29 11:48,2025-07-31,2025-07-31,On Time,0,Not Applicable,66275.78,1595,1
TRIP009120,2025-07-29,PL02,Chennai Production Plant,Jaipur,Chennai - Jaipur,PD02,Steel Pipes,34.05,VH055,Trailer 40ft,35,TR09,Sunrise Logistics Solutions,2025-07-29 10:19,2025-07-29 11:31,2025-07-29 12:29,2025-07-29 12:59,2025-08-01,2025-07-31,On Time,0,Not Applicable,156883.22,2090,1
TRIP010842,2025-07-29,PL05,Hyderabad Assembly Unit,Nagpur,Hyderabad - Nagpur,PD07,Packaged Tiles,12.86,VH053,Open Truck 10 Tyre,16,TR09,Sunrise Logistics Solutions,2025-07-29 10:41,2025-07-29 12:33,2025-07-29 13:10,2025-07-29 13:50,2025-07-30,2025-07-30,On Time,0,Not Applicable,14808.75,473,1
TRIP004533,2025-07-29,PL03,Ludhiana Fabrication Unit,Mumbai,Ludhiana - Mumbai,PD06,Electrical Cables,27.12,VH059,Container 32ft MXL,28,TR05,Speedway Logistics Pvt Ltd,2025-07-29 07:31,2025-07-29 10:37,2025-07-29 11:16,2025-07-29 11:57,2025-07-31,2025-07-30,On Time,0,Not Applicable,108985.96,1488,1
TRIP003502,2025-07-29,PL04,Vadodara Processing Plant,Nagpur,Vadodara - Nagpur,PD07,Packaged Tiles,22.0,VH040,Container 32ft SXL,22,TR06,Ganesh Roadlines,2025-07-29 10:44,2025-07-29 13:35,2025-07-29 13:58,2025-07-29 14:40,2025-07-30,2025-07-30,On Time,0,Not Applicable,46935.8,920,1
TRIP005644,2025-07-30,PL05,Hyderabad Assembly Unit,Guwahati,Hyderabad - Guwahati,PD06,Electrical Cables,17.74,VH031,Container 20ft,18,TR17,United Freight Corporation,2025-07-30 10:13,2025-07-30 12:36,2025-07-30 13:04,2025-07-30 13:25,2025-08-01,2025-08-01,On Time,0,Not Applicable,86495.75,2102,1
TRIP003652,2025-07-31,PL03,Ludhiana Fabrication Unit,Jaipur,Ludhiana - Jaipur,PD07,Packaged Tiles,30.77,VH003,Trailer 40ft,35,TR17,United Freight Corporation,2025-07-31 07:49,2025-07-31 10:49,2025-07-31 11:48,2025-07-31 12:19,2025-08-01,2025-08-01,On Time,0,Not Applicable,34596.85,481,1
TRIP001198,2025-07-31,PL05,Hyderabad Assembly Unit,Nagpur,Hyderabad - Nagpur,PD04,PVC Granules,27.29,VH008,Container 32ft MXL,28,TR11,Reliable Roadways,2025-07-31 10:37,2025-07-31 11:23,2025-07-31 11:57,2025-07-31 12:20,2025-08-01,2025-08-01,On Time,0,Not Applicable,36222.7,519,1
TRIP007173,2025-07-31,PL05,Hyderabad Assembly Unit,Bengaluru,Hyderabad - Bengaluru,PD03,Cement Bags,16.72,VH001,Container 20ft,18,TR16,Shakti Road Carriers,2025-07-31 06:47,2025-07-31 09:45,2025-07-31 10:22,2025-07-31 10:49,2025-08-01,2025-08-01,On Time,0,Not Applicable,22184.89,531,1
TRIP010614,2025-07-31,PL06,Indore Manufacturing Unit,Kolkata,Indore - Kolkata,PD02,Steel Pipes,6.26,VH057,Open Truck 6 Tyre,9,TR14,Coastal Cargo Carriers,2025-07-31 09:44,2025-07-31 12:43,2025-07-31 13:38,2025-07-31 14:06,2025-08-02,2025-08-01,On Time,0,Not Applicable,20357.3,1266,1
TRIP007603,2025-08-01,PL05,Hyderabad Assembly Unit,Guwahati,Hyderabad - Guwahati,PD02,Steel Pipes,18.0,VH031,Container 20ft,18,TR17,United Freight Corporation,2025-08-01 06:55,2025-08-01 09:18,2025-08-01 09:48,2025-08-01 10:18,2025-08-04,2025-08-03,On Time,0,Not Applicable,90469.25,2086,1
TRIP005584,2025-08-01,PL04,Vadodara Processing Plant,Guwahati,Vadodara - Guwahati,PD08,Textile Rolls,26.17,VH008,Container 32ft MXL,28,TR11,Reliable Roadways,2025-08-01 08:02,2025-08-01 11:36,2025-08-01 12:17,2025-08-01 12:52,2025-08-04,2025-08-03,On Time,0,Not Applicable,141158.48,2315,1
TRIP007196,2025-08-02,PL02,Chennai Production Plant,Nagpur,Chennai - Nagpur,PD07,Packaged Tiles,20.19,VH016,Container 32ft MXL,28,TR15,Apex Logistics India,2025-08-02 08:00,2025-08-02 10:29,2025-08-02 11:09,2025-08-02 11:37,2025-08-04,2025-08-03,On Time,0,Not Applicable,65008.76,1289,1
TRIP011951,2025-08-02,PL02,Chennai Production Plant,Nagpur,Chennai - Nagpur,PD03,Cement Bags,13.79,VH053,Open Truck 10 Tyre,16,TR09,Sunrise Logistics Solutions,2025-08-02 06:06,2025-08-02 07:46,2025-08-02 08:25,2025-08-02 08:48,2025-08-03,2025-08-04,Delayed,1,Loading Delay at Plant,40397.83,1260,0
TRIP011132,2025-08-02,PL05,Hyderabad Assembly Unit,Mumbai,Hyderabad - Mumbai,PD08,Textile Rolls,15.06,VH007,Open Truck 10 Tyre,16,TR03,Vishal Transport Co.,2025-08-02 09:10,2025-08-02 09:40,2025-08-02 10:24,2025-08-02 10:39,2025-08-03,2025-08-03,On Time,0,Not Applicable,28754.26,774,1
TRIP009515,2025-08-02,PL04,Vadodara Processing Plant,Bhopal,Vadodara - Bhopal,PD02,Steel Pipes,24.3,VH022,Container 32ft MXL,28,TR02,Shree Balaji Logistics,2025-08-02 10:42,2025-08-02 13:44,2025-08-02 14:06,2025-08-02 14:34,2025-08-03,2025-08-04,Delayed,1,Customer Site Congestion,33861.72,595,0
TRIP006744,2025-08-02,PL02,Chennai Production Plant,Bhopal,Chennai - Bhopal,PD08,Textile Rolls,25.77,VH002,Container 32ft MXL,28,TR06,Ganesh Roadlines,2025-08-02 06:33,2025-08-02 09:06,2025-08-02 09:31,2025-08-02 10:05,2025-08-04,2025-08-04,On Time,0,Not Applicable,96384.16,1543,1
TRIP011065,2025-08-03,PL02,Chennai Production Plant,Jaipur,Chennai - Jaipur,PD08,Textile Rolls,20.04,VH016,Container 32ft MXL,28,TR15,Apex Logistics India,2025-08-03 10:04,2025-08-03 10:34,2025-08-03 11:08,2025-08-03 11:34,2025-08-06,2025-08-06,On Time,0,Not Applicable,112402.71,2233,1
TRIP001731,2025-08-03,PL05,Hyderabad Assembly Unit,Guwahati,Hyderabad - Guwahati,PD04,PVC Granules,9.52,VH046,Open Truck 10 Tyre,16,TR02,Shree Balaji Logistics,2025-08-03 06:55,2025-08-03 09:15,2025-08-03 10:04,2025-08-03 10:26,2025-08-05,2025-08-05,On Time,0,Not Applicable,50069.61,2224,1
TRIP003852,2025-08-03,PL05,Hyderabad Assembly Unit,Kolkata,Hyderabad - Kolkata,PD06,Electrical Cables,19.74,VH041,Container 32ft SXL,22,TR13,Punjab Truck Union,2025-08-03 07:19,2025-08-03 09:12,2025-08-03 10:02,2025-08-03 10:28,2025-08-05,2025-08-04,On Time,0,Not Applicable,70836.23,1411,1
TRIP000745,2025-08-03,PL02,Chennai Production Plant,Bhopal,Chennai - Bhopal,PD04,PVC Granules,19.38,VH016,Container 32ft MXL,28,TR15,Apex Logistics India,2025-08-03 10:00,2025-08-03 12:05,2025-08-03 12:26,2025-08-03 13:01,2025-08-05,2025-08-07,Delayed,2,Toll/Checkpoint Delay,85331.5,1677,0
TRIP005717,2025-08-03,PL01,Pune Manufacturing Unit,Mumbai,Pune - Mumbai,PD04,PVC Granules,26.43,VH022,Container 32ft MXL,28,TR02,Shree Balaji Logistics,2025-08-03 08:44,2025-08-03 10:50,2025-08-03 11:34,2025-08-03 12:09,2025-08-03,2025-08-03,On Time,0,Not Applicable,9488.69,142,1
TRIP009327,2025-08-04,PL03,Ludhiana Fabrication Unit,Guwahati,Ludhiana - Guwahati,PD03,Cement Bags,15.27,VH004,Container 20ft,18,TR06,Ganesh Roadlines,2025-08-04 09:43,2025-08-04 11:57,2025-08-04 12:44,2025-08-04 12:58,2025-08-06,2025-08-06,On Time,0,Not Applicable,75056.02,2026,1
TRIP008929,2025-08-04,PL06,Indore Manufacturing Unit,Bhopal,Indore - Bhopal,PD03,Cement Bags,19.51,VH044,Container 32ft SXL,22,TR07,Om Sai Transport,2025-08-04 10:36,2025-08-04 12:27,2025-08-04 13:06,2025-08-04 13:28,2025-08-04,2025-08-04,On Time,0,Not Applicable,1710.11,20,1
TRIP009976,2025-08-05,PL02,Chennai Production Plant,Bhopal,Chennai - Bhopal,PD04,PVC Granules,23.34,VH022,Container 32ft MXL,28,TR02,Shree Balaji Logistics,2025-08-05 09:12,2025-08-05 10:33,2025-08-05 11:04,2025-08-05 11:23,2025-08-07,2025-08-07,On Time,0,Not Applicable,90957.13,1706,1
TRIP009605,2025-08-05,PL01,Pune Manufacturing Unit,Bhopal,Pune - Bhopal,PD01,Steel Coils,17.34,VH001,Container 20ft,18,TR16,Shakti Road Carriers,2025-08-05 06:45,2025-08-05 08:20,2025-08-05 09:08,2025-08-05 09:36,2025-08-06,2025-08-05,On Time,0,Not Applicable,27209.89,622,1
TRIP009319,2025-08-05,PL01,Pune Manufacturing Unit,Nagpur,Pune - Nagpur,PD08,Textile Rolls,27.54,VH013,Container 32ft MXL,28,TR08,Kaveri Cargo Movers,2025-08-05 06:26,2025-08-05 06:57,2025-08-05 07:54,2025-08-05 08:17,2025-08-06,2025-08-06,On Time,0,Not Applicable,29898.47,441,1
TRIP003489,2025-08-06,PL05,Hyderabad Assembly Unit,Mumbai,Hyderabad - Mumbai,PD02,Steel Pipes,15.94,VH058,Open Truck 10 Tyre,16,TR18,Deccan Transport Co.,2025-08-06 10:54,2025-08-06 14:36,2025-08-06 15:05,2025-08-06 15:38,2025-08-07,2025-08-07,On Time,0,Not Applicable,30889.04,686,1
TRIP000211,2025-08-06,PL05,Hyderabad Assembly Unit,Bhopal,Hyderabad - Bhopal,PD04,PVC Granules,27.48,VH020,Container 32ft MXL,28,TR01,Bharat Road Carriers,2025-08-06 06:18,2025-08-06 08:12,2025-08-06 08:53,2025-08-06 09:27,2025-08-07,2025-08-07,On Time,0,Not Applicable,43047.32,751,1
TRIP007253,2025-08-06,PL05,Hyderabad Assembly Unit,Bhopal,Hyderabad - Bhopal,PD03,Cement Bags,9.87,VH012,Open Truck 10 Tyre,16,TR12,Trident Transport Services,2025-08-06 10:10,2025-08-06 12:10,2025-08-06 12:45,2025-08-06 13:03,2025-08-07,2025-08-07,On Time,0,Not Applicable,18621.91,772,1
TRIP008484,2025-08-06,PL05,Hyderabad Assembly Unit,Jaipur,Hyderabad - Jaipur,PD05,Auto Components,30.55,VH055,Trailer 40ft,35,TR09,Sunrise Logistics Solutions,2025-08-06 07:31,2025-08-06 10:14,2025-08-06 10:29,2025-08-06 10:57,2025-08-08,2025-08-08,On Time,0,Not Applicable,90868.56,1400,1
TRIP010592,2025-08-06,PL05,Hyderabad Assembly Unit,Guwahati,Hyderabad - Guwahati,PD06,Electrical Cables,19.99,VH026,Container 32ft SXL,22,TR09,Sunrise Logistics Solutions,2025-08-06 10:50,2025-08-06 13:09,2025-08-06 13:33,2025-08-06 14:11,2025-08-08,2025-08-09,Delayed,1,Loading Delay at Plant,93955.82,2072,0
TRIP000574,2025-08-06,PL05,Hyderabad Assembly Unit,Mumbai,Hyderabad - Mumbai,PD02,Steel Pipes,21.44,VH040,Container 32ft SXL,22,TR06,Ganesh Roadlines,2025-08-06 07:53,2025-08-06 10:35,2025-08-06 10:51,2025-08-06 11:13,2025-08-07,2025-08-07,On Time,0,Not Applicable,36049.11,691,1
TRIP009363,2025-08-06,PL01,Pune Manufacturing Unit,Nagpur,Pune - Nagpur,PD03,Cement Bags,21.36,VH039,Container 32ft SXL,22,TR05,Speedway Logistics Pvt Ltd,2025-08-06 08:35,2025-08-06 10:18,2025-08-06 11:05,2025-08-06 11:25,2025-08-07,2025-08-07,On Time,0,Not Applicable,31171.83,518,1
TRIP005000,2025-08-07,PL05,Hyderabad Assembly Unit,Bhopal,Hyderabad - Bhopal,PD01,Steel Coils,13.28,VH052,Open Truck 10 Tyre,16,TR17,United Freight Corporation,2025-08-07 08:33,2025-08-07 10:17,2025-08-07 10:42,2025-08-07 11:11,2025-08-08,2025-08-08,On Time,0,Not Applicable,23483.1,766,1
TRIP000051,2025-08-07,PL05,Hyderabad Assembly Unit,Nagpur,Hyderabad - Nagpur,PD05,Auto Components,18.56,VH044,Container 32ft SXL,22,TR07,Om Sai Transport,2025-08-07 06:28,2025-08-07 08:59,2025-08-07 09:37,2025-08-07 09:58,2025-08-08,2025-08-07,On Time,0,Not Applicable,22181.96,527,1
TRIP011515,2025-08-07,PL05,Hyderabad Assembly Unit,Jaipur,Hyderabad - Jaipur,PD05,Auto Components,14.44,VH058,Open Truck 10 Tyre,16,TR18,Deccan Transport Co.,2025-08-07 06:32,2025-08-07 09:23,2025-08-07 09:41,2025-08-07 09:59,2025-08-08,2025-08-08,On Time,0,Not Applicable,50057.48,1328,1
TRIP006516,2025-08-07,PL01,Pune Manufacturing Unit,Nagpur,Pune - Nagpur,PD03,Cement Bags,28.0,VH017,Container 32ft MXL,28,TR06,Ganesh Roadlines,2025-08-07 07:30,2025-08-07 08:27,2025-08-07 09:22,2025-08-07 09:32,2025-08-08,2025-08-08,On Time,0,Not Applicable,30301.81,470,1
TRIP005721,2025-08-08,PL04,Vadodara Processing Plant,Mumbai,Vadodara - Mumbai,PD05,Auto Components,14.7,VH004,Container 20ft,18,TR06,Ganesh Roadlines,2025-08-08 06:33,2025-08-08 08:52,2025-08-08 09:39,2025-08-08 10:20,2025-08-09,2025-08-08,On Time,0,Not Applicable,21357.45,593,1
TRIP011361,2025-08-08,PL05,Hyderabad Assembly Unit,Guwahati,Hyderabad - Guwahati,PD05,Auto Components,14.45,VH018,Container 32ft SXL,22,TR04,National Freight Movers,2025-08-08 10:55,2025-08-08 12:58,2025-08-08 13:32,2025-08-08 13:58,2025-08-11,2025-08-10,On Time,0,Not Applicable,78099.75,2206,1
TRIP006562,2025-08-08,PL01,Pune Manufacturing Unit,Mumbai,Pune - Mumbai,PD03,Cement Bags,16.21,VH049,Container 20ft,18,TR07,Om Sai Transport,2025-08-08 10:59,2025-08-08 12:52,2025-08-08 13:28,2025-08-08 13:41,2025-08-08,2025-08-09,Delayed,1,Vehicle Breakdown,5980.31,147,0
TRIP003910,2025-08-09,PL04,Vadodara Processing Plant,Guwahati,Vadodara - Guwahati,PD02,Steel Pipes,20.64,VH026,Container 32ft SXL,22,TR09,Sunrise Logistics Solutions,2025-08-09 06:35,2025-08-09 08:27,2025-08-09 09:10,2025-08-09 09:44,2025-08-12,2025-08-11,On Time,0,Not Applicable,100591.01,2214,1
TRIP010308,2025-08-09,PL05,Hyderabad Assembly Unit,Guwahati,Hyderabad - Guwahati,PD02,Steel Pipes,26.1,VH059,Container 32ft MXL,28,TR05,Speedway Logistics Pvt Ltd,2025-08-09 09:50,2025-08-09 11:24,2025-08-09 12:10,2025-08-09 12:45,2025-08-11,2025-08-11,On Time,0,Not Applicable,157199.74,2264,1
TRIP006233,2025-08-09,PL02,Chennai Production Plant,Jaipur,Chennai - Jaipur,PD05,Auto Components,15.07,VH054,Container 20ft,18,TR13,Punjab Truck Union,2025-08-09 07:07,2025-08-09 10:12,2025-08-09 10:38,2025-08-09 11:09,2025-08-11,2025-08-11,On Time,0,Not Applicable,90064.66,2361,1
TRIP009718,2025-08-09,PL05,Hyderabad Assembly Unit,Nagpur,Hyderabad - Nagpur,PD03,Cement Bags,15.35,VH036,Container 32ft SXL,22,TR09,Sunrise Logistics Solutions,2025-08-09 10:57,2025-08-09 12:18,2025-08-09 13:12,2025-08-09 13:25,2025-08-10,2025-08-10,On Time,0,Not Applicable,17451.97,495,1
TRIP009309,2025-08-10,PL06,Indore Manufacturing Unit,Nagpur,Indore - Nagpur,PD01,Steel Coils,15.88,VH042,Container 32ft SXL,22,TR12,Trident Transport Services,2025-08-10 06:15,2025-08-10 08:47,2025-08-10 09:27,2025-08-10 09:39,2025-08-10,2025-08-10,On Time,0,Not Applicable,10874.52,288,1
TRIP000915,2025-08-11,PL02,Chennai Production Plant,Guwahati,Chennai - Guwahati,PD06,Electrical Cables,13.01,VH029,Open Truck 10 Tyre,16,TR17,United Freight Corporation,2025-08-11 06:33,2025-08-11 08:15,2025-08-11 08:38,2025-08-11 09:02,2025-08-14,2025-08-14,On Time,0,Not Applicable,80245.04,2540,1
TRIP001283,2025-08-11,PL02,Chennai Production Plant,Nagpur,Chennai - Nagpur,PD04,PVC Granules,30.27,VH035,Trailer 40ft,35,TR09,Sunrise Logistics Solutions,2025-08-11 06:41,2025-08-11 08:52,2025-08-11 09:45,2025-08-11 10:13,2025-08-13,2025-08-14,Delayed,1,Loading Delay at Plant,90663.08,1337,0
TRIP001951,2025-08-11,PL05,Hyderabad Assembly Unit,Guwahati,Hyderabad - Guwahati,PD06,Electrical Cables,9.0,VH027,Open Truck 6 Tyre,9,TR13,Punjab Truck Union,2025-08-11 06:37,2025-08-11 08:22,2025-08-11 08:57,2025-08-11 09:23,2025-08-13,2025-08-13,On Time,0,Not Applicable,47115.46,2183,1
TRIP002472,2025-08-12,PL05,Hyderabad Assembly Unit,Bengaluru,Hyderabad - Bengaluru,PD07,Packaged Tiles,12.41,VH052,Open Truck 10 Tyre,16,TR17,United Freight Corporation,2025-08-12 08:23,2025-08-12 10:51,2025-08-12 11:37,2025-08-12 12:13,2025-08-13,2025-08-13,On Time,0,Not Applicable,17280.08,570,1
TRIP004280,2025-08-12,PL05,Hyderabad Assembly Unit,Guwahati,Hyderabad - Guwahati,PD08,Textile Rolls,14.47,VH021,Open Truck 10 Tyre,16,TR02,Shree Balaji Logistics,2025-08-12 07:50,2025-08-12 09:42,2025-08-12 10:16,2025-08-12 10:35,2025-08-15,2025-08-14,On Time,0,Not Applicable,69608.28,2100,1
TRIP000625,2025-08-12,PL05,Hyderabad Assembly Unit,Bhopal,Hyderabad - Bhopal,PD02,Steel Pipes,9.0,VH043,Open Truck 6 Tyre,9,TR11,Reliable Roadways,2025-08-12 10:29,2025-08-12 11:56,2025-08-12 12:49,2025-08-12 13:27,2025-08-13,2025-08-13,On Time,0,Not Applicable,15207.01,725,1
TRIP002389,2025-08-12,PL01,Pune Manufacturing Unit,Guwahati,Pune - Guwahati,PD03,Cement Bags,17.8,VH019,Container 20ft,18,TR07,Om Sai Transport,2025-08-12 06:37,2025-08-12 09:42,2025-08-12 10:40,2025-08-12 11:00,2025-08-14,2025-08-14,On Time,0,Not Applicable,90710.1,2209,1
TRIP008727,2025-08-12,PL01,Pune Manufacturing Unit,Bhopal,Pune - Bhopal,PD06,Electrical Cables,15.31,VH021,Open Truck 10 Tyre,16,TR02,Shree Balaji Logistics,2025-08-12 06:33,2025-08-12 08:14,2025-08-12 09:06,2025-08-12 09:44,2025-08-13,2025-08-13,On Time,0,Not Applicable,22077.06,642,1
TRIP005518,2025-08-13,PL01,Pune Manufacturing Unit,Bhopal,Pune - Bhopal,PD08,Textile Rolls,27.64,VH017,Container 32ft MXL,28,TR06,Ganesh Roadlines,2025-08-13 08:13,2025-08-13 10:22,2025-08-13 11:12,2025-08-13 11:50,2025-08-14,2025-08-14,On Time,0,Not Applicable,48410.57,711,1
TRIP010047,2025-08-13,PL02,Chennai Production Plant,Kolkata,Chennai - Kolkata,PD08,Textile Rolls,31.3,VH051,Trailer 40ft,35,TR07,Om Sai Transport,2025-08-13 10:32,2025-08-13 14:26,2025-08-13 15:05,2025-08-13 15:25,2025-08-16,2025-08-16,On Time,0,Not Applicable,127982.13,1749,1
TRIP005263,2025-08-13,PL03,Ludhiana Fabrication Unit,Jaipur,Ludhiana - Jaipur,PD05,Auto Components,9.0,VH014,Open Truck 6 Tyre,9,TR08,Kaveri Cargo Movers,2025-08-13 09:20,2025-08-13 10:05,2025-08-13 10:28,2025-08-13 10:57,2025-08-14,2025-08-13,On Time,0,Not Applicable,11710.4,508,1
TRIP007564,2025-08-14,PL05,Hyderabad Assembly Unit,Mumbai,Hyderabad - Mumbai,PD03,Cement Bags,12.18,VH052,Open Truck 10 Tyre,16,TR17,United Freight Corporation,2025-08-14 10:49,2025-08-14 12:52,2025-08-14 13:35,2025-08-14 13:55,2025-08-15,2025-08-16,Delayed,1,Route Diversion,20806.45,706,0
TRIP008107,2025-08-14,PL05,Hyderabad Assembly Unit,Patna,Hyderabad - Patna,PD06,Electrical Cables,15.08,VH058,Open Truck 10 Tyre,16,TR18,Deccan Transport Co.,2025-08-14 10:59,2025-08-14 12:36,2025-08-14 13:12,2025-08-14 13:37,2025-08-16,2025-08-15,On Time,0,Not Applicable,63647.74,1627,1
TRIP010791,2025-08-14,PL05,Hyderabad Assembly Unit,Jaipur,Hyderabad - Jaipur,PD02,Steel Pipes,22.0,VH040,Container 32ft SXL,22,TR06,Ganesh Roadlines,2025-08-14 06:15,2025-08-14 07:30,2025-08-14 08:04,2025-08-14 08:33,2025-08-16,2025-08-15,On Time,0,Not Applicable,65150.45,1324,1
TRIP001826,2025-08-14,PL02,Chennai Production Plant,Bhopal,Chennai - Bhopal,PD07,Packaged Tiles,11.93,VH050,Container 20ft,18,TR18,Deccan Transport Co.,2025-08-14 06:01,2025-08-14 08:08,2025-08-14 08:48,2025-08-14 09:03,2025-08-16,2025-08-15,On Time,0,Not Applicable,48699.95,1626,1
TRIP000218,2025-08-15,PL05,Hyderabad Assembly Unit,Delhi NCR,Hyderabad - Delhi NCR,PD08,Textile Rolls,13.58,VH018,Container 32ft SXL,22,TR04,National Freight Movers,2025-08-15 07:18,2025-08-15 08:44,2025-08-15 09:34,2025-08-15 10:17,2025-08-17,2025-08-17,On Time,0,Not Applicable,54781.48,1578,1
TRIP004448,2025-08-15,PL05,Hyderabad Assembly Unit,Nagpur,Hyderabad - Nagpur,PD07,Packaged Tiles,26.15,VH015,Container 32ft MXL,28,TR08,Kaveri Cargo Movers,2025-08-15 10:39,2025-08-15 12:38,2025-08-15 13:29,2025-08-15 13:39,2025-08-16,2025-08-16,On Time,0,Not Applicable,32362.72,483,1
TRIP007837,2025-08-15,PL02,Chennai Production Plant,Bhopal,Chennai - Bhopal,PD04,PVC Granules,6.26,VH030,Open Truck 6 Tyre,9,TR10,Metro Freight Carriers,2025-08-15 06:25,2025-08-15 08:56,2025-08-15 09:33,2025-08-15 09:47,2025-08-17,2025-08-17,On Time,0,Not Applicable,24097.66,1715,1
TRIP006163,2025-08-15,PL02,Chennai Production Plant,Nagpur,Chennai - Nagpur,PD06,Electrical Cables,14.51,VH023,Container 32ft SXL,22,TR14,Coastal Cargo Carriers,2025-08-15 08:03,2025-08-15 09:53,2025-08-15 10:44,2025-08-15 11:15,2025-08-17,2025-08-16,On Time,0,Not Applicable,44528.22,1296,1
TRIP003379,2025-08-16,PL02,Chennai Production Plant,Guwahati,Chennai - Guwahati,PD06,Electrical Cables,14.72,VH053,Open Truck 10 Tyre,16,TR09,Sunrise Logistics Solutions,2025-08-16 10:32,2025-08-16 11:43,2025-08-16 12:08,2025-08-16 12:41,2025-08-20,2025-08-19,On Time,0,Not Applicable,99484.76,3157,1
TRIP008063,2025-08-16,PL05,Hyderabad Assembly Unit,Jaipur,Hyderabad - Jaipur,PD02,Steel Pipes,14.26,VH007,Open Truck 10 Tyre,16,TR03,Vishal Transport Co.,2025-08-16 09:53,2025-08-16 12:03,2025-08-16 12:58,2025-08-16 13:41,2025-08-18,2025-08-18,On Time,0,Not Applicable,52388.66,1394,1
TRIP002151,2025-08-17,PL05,Hyderabad Assembly Unit,Bhopal,Hyderabad - Bhopal,PD01,Steel Coils,29.89,VH051,Trailer 40ft,35,TR07,Om Sai Transport,2025-08-17 06:26,2025-08-17 08:09,2025-08-17 08:39,2025-08-17 08:57,2025-08-18,2025-08-18,On Time,0,Not Applicable,58121.93,794,1
TRIP000347,2025-08-17,PL05,Hyderabad Assembly Unit,Jaipur,Hyderabad - Jaipur,PD04,PVC Granules,18.69,VH025,Container 32ft SXL,22,TR13,Punjab Truck Union,2025-08-17 09:46,2025-08-17 12:34,2025-08-17 13:29,2025-08-17 14:00,2025-08-19,2025-08-19,On Time,0,Not Applicable,66547.68,1386,1
TRIP004554,2025-08-18,PL05,Hyderabad Assembly Unit,Nagpur,Hyderabad - Nagpur,PD07,Packaged Tiles,16.73,VH034,Container 20ft,18,TR13,Punjab Truck Union,2025-08-18 10:32,2025-08-18 12:25,2025-08-18 13:17,2025-08-18 13:43,2025-08-19,2025-08-18,On Time,0,Not Applicable,19690.09,439,1
TRIP004376,2025-08-18,PL06,Indore Manufacturing Unit,Mumbai,Indore - Mumbai,PD04,PVC Granules,9.0,VH043,Open Truck 6 Tyre,9,TR11,Reliable Roadways,2025-08-18 07:21,2025-08-18 10:23,2025-08-18 11:07,2025-08-18 11:31,2025-08-19,2025-08-18,On Time,0,Not Applicable,14704.71,651,1
TRIP006063,2025-08-18,PL02,Chennai Production Plant,Delhi NCR,Chennai - Delhi NCR,PD04,PVC Granules,32.2,VH005,Trailer 40ft,35,TR08,Kaveri Cargo Movers,2025-08-18 09:51,2025-08-18 11:32,2025-08-18 12:18,2025-08-18 12:58,2025-08-21,2025-08-21,On Time,0,Not Applicable,175666.75,2258,1
TRIP003911,2025-08-18,PL05,Hyderabad Assembly Unit,Nagpur,Hyderabad - Nagpur,PD06,Electrical Cables,13.24,VH058,Open Truck 10 Tyre,16,TR18,Deccan Transport Co.,2025-08-18 08:12,2025-08-18 10:09,2025-08-18 11:07,2025-08-18 11:47,2025-08-19,2025-08-18,On Time,0,Not Applicable,16211.02,474,1
TRIP009291,2025-08-19,PL05,Hyderabad Assembly Unit,Guwahati,Hyderabad - Guwahati,PD08,Textile Rolls,23.71,VH045,Container 32ft MXL,28,TR18,Deccan Transport Co.,2025-08-19 06:33,2025-08-19 08:27,2025-08-19 08:42,2025-08-19 09:24,2025-08-21,2025-08-21,On Time,0,Not Applicable,122400.23,2041,1
TRIP004095,2025-08-19,PL06,Indore Manufacturing Unit,Nagpur,Indore - Nagpur,PD07,Packaged Tiles,25.1,VH008,Container 32ft MXL,28,TR11,Reliable Roadways,2025-08-19 06:43,2025-08-19 10:16,2025-08-19 10:39,2025-08-19 11:20,2025-08-20,2025-08-19,On Time,0,Not Applicable,18510.53,287,1
TRIP011209,2025-08-20,PL02,Chennai Production Plant,Bhopal,Chennai - Bhopal,PD08,Textile Rolls,30.98,VH005,Trailer 40ft,35,TR08,Kaveri Cargo Movers,2025-08-20 07:34,2025-08-20 10:15,2025-08-20 11:13,2025-08-20 11:49,2025-08-22,2025-08-22,On Time,0,Not Applicable,114295.15,1474,1
TRIP008487,2025-08-20,PL05,Hyderabad Assembly Unit,Kolkata,Hyderabad - Kolkata,PD06,Electrical Cables,18.96,VH041,Container 32ft SXL,22,TR13,Punjab Truck Union,2025-08-20 08:38,2025-08-20 10:19,2025-08-20 11:02,2025-08-20 11:37,2025-08-22,2025-08-22,On Time,0,Not Applicable,70979.29,1470,1
TRIP000857,2025-08-21,PL05,Hyderabad Assembly Unit,Guwahati,Hyderabad - Guwahati,PD01,Steel Coils,20.9,VH040,Container 32ft SXL,22,TR06,Ganesh Roadlines,2025-08-21 06:12,2025-08-21 08:46,2025-08-21 09:10,2025-08-21 09:52,2025-08-24,2025-08-23,On Time,0,Not Applicable,97385.19,1973,1
TRIP009613,2025-08-21,PL05,Hyderabad Assembly Unit,Guwahati,Hyderabad - Guwahati,PD06,Electrical Cables,28.0,VH038,Container 32ft MXL,28,TR07,Om Sai Transport,2025-08-21 06:10,2025-08-21 08:35,2025-08-21 09:06,2025-08-21 09:32,2025-08-23,2025-08-23,On Time,0,Not Applicable,148922.9,2231,1
TRIP004011,2025-08-21,PL02,Chennai Production Plant,Bhopal,Chennai - Bhopal,PD06,Electrical Cables,13.94,VH058,Open Truck 10 Tyre,16,TR18,Deccan Transport Co.,2025-08-21 06:14,2025-08-21 08:24,2025-08-21 09:06,2025-08-21 09:33,2025-08-23,2025-08-22,On Time,0,Not Applicable,59270.48,1666,1
TRIP010422,2025-08-21,PL02,Chennai Production Plant,Kolkata,Chennai - Kolkata,PD08,Textile Rolls,26.8,VH020,Container 32ft MXL,28,TR01,Bharat Road Carriers,2025-08-21 07:13,2025-08-21 09:56,2025-08-21 10:24,2025-08-21 10:39,2025-08-24,2025-08-23,On Time,0,Not Applicable,107007.63,1833,1
TRIP008254,2025-08-21,PL04,Vadodara Processing Plant,Nagpur,Vadodara - Nagpur,PD03,Cement Bags,8.19,VH028,Open Truck 6 Tyre,9,TR03,Vishal Transport Co.,2025-08-21 06:23,2025-08-21 07:43,2025-08-21 08:02,2025-08-21 08:16,2025-08-22,2025-08-23,Delayed,1,Route Diversion,18312.24,883,0
TRIP003887,2025-08-22,PL02,Chennai Production Plant,Nagpur,Chennai - Nagpur,PD04,PVC Granules,29.34,VH035,Trailer 40ft,35,TR09,Sunrise Logistics Solutions,2025-08-22 07:15,2025-08-22 08:41,2025-08-22 08:58,2025-08-22 09:34,2025-08-24,2025-08-25,Delayed,1,Loading Delay at Plant,89949.45,1297,0
TRIP003414,2025-08-23,PL03,Ludhiana Fabrication Unit,Guwahati,Ludhiana - Guwahati,PD07,Packaged Tiles,16.02,VH042,Container 32ft SXL,22,TR12,Trident Transport Services,2025-08-23 08:42,2025-08-23 11:24,2025-08-23 11:46,2025-08-23 12:17,2025-08-25,2025-08-25,On Time,0,Not Applicable,72359.14,1891,1
TRIP011044,2025-08-23,PL01,Pune Manufacturing Unit,Bhopal,Pune - Bhopal,PD04,PVC Granules,24.23,VH032,Container 32ft MXL,28,TR03,Vishal Transport Co.,2025-08-23 07:14,2025-08-23 10:27,2025-08-23 11:11,2025-08-23 11:44,2025-08-24,2025-08-24,On Time,0,Not Applicable,41755.59,666,1
TRIP006965,2025-08-23,PL05,Hyderabad Assembly Unit,Guwahati,Hyderabad - Guwahati,PD01,Steel Coils,8.61,VH028,Open Truck 6 Tyre,9,TR03,Vishal Transport Co.,2025-08-23 08:08,2025-08-23 09:13,2025-08-23 09:39,2025-08-23 10:23,2025-08-25,2025-08-25,On Time,0,Not Applicable,49636.9,2208,1
TRIP010875,2025-08-24,PL04,Vadodara Processing Plant,Bhopal,Vadodara - Bhopal,PD06,Electrical Cables,9.0,VH037,Open Truck 6 Tyre,9,TR03,Vishal Transport Co.,2025-08-24 07:06,2025-08-24 08:42,2025-08-24 09:06,2025-08-24 09:19,2025-08-25,2025-08-24,On Time,0,Not Applicable,16117.25,652,1
TRIP006358,2025-08-24,PL02,Chennai Production Plant,Bhopal,Chennai - Bhopal,PD07,Packaged Tiles,25.4,VH032,Container 32ft MXL,28,TR03,Vishal Transport Co.,2025-08-24 08:09,2025-08-24 09:34,2025-08-24 10:15,2025-08-24 10:38,2025-08-26,2025-08-26,On Time,0,Not Applicable,97015.42,1496,1
TRIP009446,2025-08-24,PL01,Pune Manufacturing Unit,Jaipur,Pune - Jaipur,PD06,Electrical Cables,19.68,VH026,Container 32ft SXL,22,TR09,Sunrise Logistics Solutions,2025-08-24 06:11,2025-08-24 08:13,2025-08-24 09:03,2025-08-24 09:17,2025-08-25,2025-08-25,On Time,0,Not Applicable,51970.37,1109,1
TRIP005923,2025-08-25,PL05,Hyderabad Assembly Unit,Bhopal,Hyderabad - Bhopal,PD05,Auto Components,8.57,VH037,Open Truck 6 Tyre,9,TR03,Vishal Transport Co.,2025-08-25 09:07,2025-08-25 11:38,2025-08-25 12:25,2025-08-25 12:49,2025-08-26,2025-08-26,On Time,0,Not Applicable,17298.3,770,1
TRIP003300,2025-08-25,PL05,Hyderabad Assembly Unit,Bhopal,Hyderabad - Bhopal,PD05,Auto Components,13.14,VH058,Open Truck 10 Tyre,16,TR18,Deccan Transport Co.,2025-08-25 10:37,2025-08-25 13:01,2025-08-25 13:16,2025-08-25 13:30,2025-08-26,2025-08-26,On Time,0,Not Applicable,29248.23,819,1
TRIP006464,2025-08-25,PL01,Pune Manufacturing Unit,Guwahati,Pune - Guwahati,PD04,PVC Granules,8.62,VH037,Open Truck 6 Tyre,9,TR03,Vishal Transport Co.,2025-08-25 09:27,2025-08-25 11:57,2025-08-25 12:35,2025-08-25 12:51,2025-08-27,2025-08-27,On Time,0,Not Applicable,48958.16,2200,1
TRIP006366,2025-08-26,PL05,Hyderabad Assembly Unit,Nagpur,Hyderabad - Nagpur,PD05,Auto Components,12.02,VH058,Open Truck 10 Tyre,16,TR18,Deccan Transport Co.,2025-08-26 06:53,2025-08-26 08:35,2025-08-26 09:23,2025-08-26 09:48,2025-08-27,2025-08-26,On Time,0,Not Applicable,16017.13,495,1
TRIP009584,2025-08-26,PL04,Vadodara Processing Plant,Mumbai,Vadodara - Mumbai,PD07,Packaged Tiles,19.26,VH033,Container 32ft SXL,22,TR09,Sunrise Logistics Solutions,2025-08-26 07:08,2025-08-26 09:09,2025-08-26 09:36,2025-08-26 10:00,2025-08-27,2025-08-26,On Time,0,Not Applicable,23349.33,518,1
TRIP007690,2025-08-26,PL05,Hyderabad Assembly Unit,Guwahati,Hyderabad - Guwahati,PD07,Packaged Tiles,13.23,VH018,Container 32ft SXL,22,TR04,National Freight Movers,2025-08-26 06:53,2025-08-26 08:02,2025-08-26 08:45,2025-08-26 08:55,2025-08-29,2025-08-29,On Time,0,Not Applicable,69400.01,2131,1
TRIP007449,2025-08-26,PL05,Hyderabad Assembly Unit,Nagpur,Hyderabad - Nagpur,PD08,Textile Rolls,9.41,VH012,Open Truck 10 Tyre,16,TR12,Trident Transport Services,2025-08-26 06:33,2025-08-26 09:37,2025-08-26 10:09,2025-08-26 10:26,2025-08-27,2025-08-26,On Time,0,Not Applicable,10818.43,493,1
TRIP005822,2025-08-26,PL05,Hyderabad Assembly Unit,Jaipur,Hyderabad - Jaipur,PD07,Packaged Tiles,22.0,VH040,Container 32ft SXL,22,TR06,Ganesh Roadlines,2025-08-26 07:37,2025-08-26 09:40,2025-08-26 09:57,2025-08-26 10:17,2025-08-28,2025-08-27,On Time,0,Not Applicable,65197.16,1252,1
TRIP005225,2025-08-27,PL05,Hyderabad Assembly Unit,Jaipur,Hyderabad - Jaipur,PD03,Cement Bags,14.87,VH042,Container 32ft SXL,22,TR12,Trident Transport Services,2025-08-27 09:00,2025-08-27 10:15,2025-08-27 10:37,2025-08-27 11:19,2025-08-29,2025-08-28,On Time,0,Not Applicable,49709.62,1386,1
TRIP002103,2025-08-27,PL05,Hyderabad Assembly Unit,Mumbai,Hyderabad - Mumbai,PD04,PVC Granules,19.5,VH041,Container 32ft SXL,22,TR13,Punjab Truck Union,2025-08-27 07:29,2025-08-27 09:11,2025-08-27 09:40,2025-08-27 10:21,2025-08-28,2025-08-28,On Time,0,Not Applicable,32242.69,666,1
TRIP011829,2025-08-28,PL04,Vadodara Processing Plant,Mumbai,Vadodara - Mumbai,PD04,PVC Granules,14.92,VH053,Open Truck 10 Tyre,16,TR09,Sunrise Logistics Solutions,2025-08-28 10:22,2025-08-28 11:56,2025-08-28 12:20,2025-08-28 12:37,2025-08-29,2025-08-29,On Time,0,Not Applicable,17788.61,524,1
TRIP004813,2025-08-28,PL02,Chennai Production Plant,Nagpur,Chennai - Nagpur,PD01,Steel Coils,26.05,VH035,Trailer 40ft,35,TR09,Sunrise Logistics Solutions,2025-08-28 08:21,2025-08-28 09:50,2025-08-28 10:12,2025-08-28 10:31,2025-08-30,2025-08-31,Delayed,1,Customer Site Congestion,80578.66,1351,0
TRIP001023,2025-08-28,PL03,Ludhiana Fabrication Unit,Nagpur,Ludhiana - Nagpur,PD07,Packaged Tiles,24.18,VH045,Container 32ft MXL,28,TR18,Deccan Transport Co.,2025-08-28 09:53,2025-08-28 12:06,2025-08-28 12:42,2025-08-28 13:09,2025-08-30,2025-08-29,On Time,0,Not Applicable,79545.15,1233,1
TRIP001403,2025-08-28,PL05,Hyderabad Assembly Unit,Guwahati,Hyderabad - Guwahati,PD02,Steel Pipes,15.23,VH049,Container 20ft,18,TR07,Om Sai Transport,2025-08-28 10:29,2025-08-28 12:11,2025-08-28 13:01,2025-08-28 13:28,2025-08-30,2025-08-30,On Time,0,Not Applicable,76307.74,2076,1
TRIP002983,2025-08-28,PL01,Pune Manufacturing Unit,Bhopal,Pune - Bhopal,PD07,Packaged Tiles,26.28,VH015,Container 32ft MXL,28,TR08,Kaveri Cargo Movers,2025-08-28 10:56,2025-08-28 14:22,2025-08-28 14:44,2025-08-28 15:10,2025-08-29,2025-08-29,On Time,0,Not Applicable,44995.98,702,1
TRIP001905,2025-08-29,PL02,Chennai Production Plant,Nagpur,Chennai - Nagpur,PD05,Auto Components,16.03,VH049,Container 20ft,18,TR07,Om Sai Transport,2025-08-29 06:02,2025-08-29 07:45,2025-08-29 08:14,2025-08-29 08:50,2025-08-30,2025-08-30,On Time,0,Not Applicable,48341.85,1270,1
TRIP009146,2025-08-29,PL05,Hyderabad Assembly Unit,Guwahati,Hyderabad - Guwahati,PD08,Textile Rolls,18.68,VH033,Container 32ft SXL,22,TR09,Sunrise Logistics Solutions,2025-08-29 06:38,2025-08-29 09:03,2025-08-29 09:20,2025-08-29 09:34,2025-09-01,2025-08-31,On Time,0,Not Applicable,86671.81,2190,1
TRIP001036,2025-08-29,PL02,Chennai Production Plant,Nagpur,Chennai - Nagpur,PD06,Electrical Cables,9.98,VH050,Container 20ft,18,TR18,Deccan Transport Co.,2025-08-29 08:12,2025-08-29 10:00,2025-08-29 10:25,2025-08-29 10:35,2025-08-30,2025-08-30,On Time,0,Not Applicable,31872.76,1179,1
TRIP006495,2025-08-30,PL06,Indore Manufacturing Unit,Nagpur,Indore - Nagpur,PD03,Cement Bags,21.06,VH040,Container 32ft SXL,22,TR06,Ganesh Roadlines,2025-08-30 08:43,2025-08-30 10:40,2025-08-30 11:19,2025-08-30 11:43,2025-08-31,2025-08-31,On Time,0,Not Applicable,16434.79,307,1
TRIP004843,2025-08-30,PL02,Chennai Production Plant,Patna,Chennai - Patna,PD06,Electrical Cables,27.8,VH015,Container 32ft MXL,28,TR08,Kaveri Cargo Movers,2025-08-30 10:13,2025-08-30 12:05,2025-08-30 12:54,2025-08-30 13:12,2025-09-02,2025-09-02,On Time,0,Not Applicable,151879.64,2202,1
TRIP008496,2025-08-31,PL02,Chennai Production Plant,Bhopal,Chennai - Bhopal,PD04,PVC Granules,9.52,VH012,Open Truck 10 Tyre,16,TR12,Trident Transport Services,2025-08-31 09:55,2025-08-31 11:54,2025-08-31 12:21,2025-08-31 13:02,2025-09-02,2025-09-02,On Time,0,Not Applicable,36650.17,1697,1
TRIP010692,2025-08-31,PL06,Indore Manufacturing Unit,Nagpur,Indore - Nagpur,PD04,PVC Granules,32.95,VH003,Trailer 40ft,35,TR17,United Freight Corporation,2025-08-31 07:03,2025-08-31 08:46,2025-08-31 09:24,2025-08-31 09:50,2025-09-01,2025-08-31,On Time,0,Not Applicable,20896.82,281,1
TRIP004314,2025-08-31,PL05,Hyderabad Assembly Unit,Bhopal,Hyderabad - Bhopal,PD02,Steel Pipes,15.52,VH052,Open Truck 10 Tyre,16,TR17,United Freight Corporation,2025-08-31 06:26,2025-08-31 08:34,2025-08-31 09:02,2025-08-31 09:20,2025-09-01,2025-09-01,On Time,0,Not Applicable,28907.56,782,1
TRIP011812,2025-08-31,PL02,Chennai Production Plant,Bhopal,Chennai - Bhopal,PD08,Textile Rolls,33.23,VH003,Trailer 40ft,35,TR17,United Freight Corporation,2025-08-31 06:17,2025-08-31 09:52,2025-08-31 10:33,2025-08-31 10:49,2025-09-02,2025-09-02,On Time,0,Not Applicable,127694.39,1581,1
TRIP000648,2025-08-31,PL04,Vadodara Processing Plant,Bhopal,Vadodara - Bhopal,PD03,Cement Bags,21.02,VH039,Container 32ft SXL,22,TR05,Speedway Logistics Pvt Ltd,2025-08-31 10:53,2025-08-31 13:44,2025-08-31 14:26,2025-08-31 14:40,2025-09-01,2025-09-01,On Time,0,Not Applicable,31480.25,579,1
TRIP011206,2025-09-01,PL05,Hyderabad Assembly Unit,Jaipur,Hyderabad - Jaipur,PD05,Auto Components,9.0,VH048,Open Truck 6 Tyre,9,TR03,Vishal Transport Co.,2025-09-01 10:45,2025-09-01 12:56,2025-09-01 13:44,2025-09-01 14:23,2025-09-03,2025-09-03,On Time,0,Not Applicable,30736.84,1399,1
TRIP003149,2025-09-02,PL04,Vadodara Processing Plant,Nagpur,Vadodara - Nagpur,PD07,Packaged Tiles,26.72,VH017,Container 32ft MXL,28,TR06,Ganesh Roadlines,2025-09-02 06:55,2025-09-02 09:38,2025-09-02 09:58,2025-09-02 10:12,2025-09-03,2025-09-03,On Time,0,Not Applicable,54333.27,901,1
TRIP011176,2025-09-02,PL05,Hyderabad Assembly Unit,Bhopal,Hyderabad - Bhopal,PD02,Steel Pipes,13.99,VH029,Open Truck 10 Tyre,16,TR17,United Freight Corporation,2025-09-02 07:30,2025-09-02 10:31,2025-09-02 10:46,2025-09-02 11:04,2025-09-03,2025-09-03,On Time,0,Not Applicable,26867.9,774,1
TRIP011914,2025-09-02,PL05,Hyderabad Assembly Unit,Nagpur,Hyderabad - Nagpur,PD06,Electrical Cables,8.47,VH043,Open Truck 6 Tyre,9,TR11,Reliable Roadways,2025-09-02 06:59,2025-09-02 08:55,2025-09-02 09:14,2025-09-02 09:43,2025-09-03,2025-09-02,On Time,0,Not Applicable,11264.67,503,1
TRIP000071,2025-09-02,PL05,Hyderabad Assembly Unit,Jaipur,Hyderabad - Jaipur,PD08,Textile Rolls,10.65,VH050,Container 20ft,18,TR18,Deccan Transport Co.,2025-09-02 10:03,2025-09-02 13:15,2025-09-02 14:08,2025-09-02 14:31,2025-09-04,2025-09-03,On Time,0,Not Applicable,37546.2,1405,1
TRIP002911,2025-09-02,PL01,Pune Manufacturing Unit,Nagpur,Pune - Nagpur,PD08,Textile Rolls,15.29,VH023,Container 32ft SXL,22,TR14,Coastal Cargo Carriers,2025-09-02 07:56,2025-09-02 10:40,2025-09-02 11:01,2025-09-02 11:12,2025-09-03,2025-09-03,On Time,0,Not Applicable,16060.09,441,1
TRIP010718,2025-09-03,PL02,Chennai Production Plant,Bhopal,Chennai - Bhopal,PD01,Steel Coils,25.82,VH015,Container 32ft MXL,28,TR08,Kaveri Cargo Movers,2025-09-03 08:49,2025-09-03 09:19,2025-09-03 09:38,2025-09-03 10:08,2025-09-05,2025-09-05,On Time,0,Not Applicable,96090.47,1594,1
TRIP000765,2025-09-03,PL05,Hyderabad Assembly Unit,Mumbai,Hyderabad - Mumbai,PD08,Textile Rolls,29.44,VH035,Trailer 40ft,35,TR09,Sunrise Logistics Solutions,2025-09-03 06:06,2025-09-03 08:01,2025-09-03 08:38,2025-09-03 09:18,2025-09-04,2025-09-04,On Time,0,Not Applicable,49466.67,752,1
TRIP009281,2025-09-03,PL04,Vadodara Processing Plant,Guwahati,Vadodara - Guwahati,PD06,Electrical Cables,9.0,VH037,Open Truck 6 Tyre,9,TR03,Vishal Transport Co.,2025-09-03 10:48,2025-09-03 12:44,2025-09-03 13:25,2025-09-03 13:55,2025-09-05,2025-09-05,On Time,0,Not Applicable,51651.44,2342,1
TRIP005065,2025-09-03,PL05,Hyderabad Assembly Unit,Bhopal,Hyderabad - Bhopal,PD04,PVC Granules,18.88,VH016,Container 32ft MXL,28,TR15,Apex Logistics India,2025-09-03 07:23,2025-09-03 09:03,2025-09-03 09:53,2025-09-03 10:04,2025-09-04,2025-09-04,On Time,0,Not Applicable,36854.15,703,1
TRIP008549,2025-09-04,PL05,Hyderabad Assembly Unit,Guwahati,Hyderabad - Guwahati,PD04,PVC Granules,25.08,VH022,Container 32ft MXL,28,TR02,Shree Balaji Logistics,2025-09-04 07:25,2025-09-04 09:42,2025-09-04 10:35,2025-09-04 10:48,2025-09-07,2025-09-06,On Time,0,Not Applicable,114156.07,2049,1
TRIP006388,2025-09-05,PL02,Chennai Production Plant,Bhopal,Chennai - Bhopal,PD07,Packaged Tiles,14.43,VH029,Open Truck 10 Tyre,16,TR17,United Freight Corporation,2025-09-05 10:55,2025-09-05 14:12,2025-09-05 14:47,2025-09-05 15:14,2025-09-07,2025-09-07,On Time,0,Not Applicable,49435.7,1555,1
TRIP008385,2025-09-05,PL05,Hyderabad Assembly Unit,Nagpur,Hyderabad - Nagpur,PD05,Auto Components,32.86,VH035,Trailer 40ft,35,TR09,Sunrise Logistics Solutions,2025-09-05 10:12,2025-09-05 12:02,2025-09-05 12:27,2025-09-05 13:04,2025-09-06,2025-09-06,On Time,0,Not Applicable,37380.81,488,1
TRIP003027,2025-09-06,PL03,Ludhiana Fabrication Unit,Guwahati,Ludhiana - Guwahati,PD04,PVC Granules,19.41,VH044,Container 32ft SXL,22,TR07,Om Sai Transport,2025-09-06 10:56,2025-09-06 12:44,2025-09-06 13:07,2025-09-06 13:46,2025-09-08,2025-09-09,Delayed,1,Vehicle Breakdown,84847.53,1826,0
TRIP002961,2025-09-06,PL01,Pune Manufacturing Unit,Bhopal,Pune - Bhopal,PD05,Auto Components,25.71,VH045,Container 32ft MXL,28,TR18,Deccan Transport Co.,2025-09-06 10:18,2025-09-06 11:34,2025-09-06 12:05,2025-09-06 12:46,2025-09-07,2025-09-07,On Time,0,Not Applicable,47521.97,671,1
TRIP002407,2025-09-06,PL05,Hyderabad Assembly Unit,Mumbai,Hyderabad - Mumbai,PD08,Textile Rolls,16.0,VH058,Open Truck 10 Tyre,16,TR18,Deccan Transport Co.,2025-09-06 08:38,2025-09-06 11:08,2025-09-06 11:54,2025-09-06 12:17,2025-09-07,2025-09-08,Delayed,1,Toll/Checkpoint Delay,34364.37,775,0
TRIP007633,2025-09-07,PL03,Ludhiana Fabrication Unit,Delhi NCR,Ludhiana - Delhi NCR,PD07,Packaged Tiles,14.86,VH058,Open Truck 10 Tyre,16,TR18,Deccan Transport Co.,2025-09-07 07:44,2025-09-07 10:13,2025-09-07 11:11,2025-09-07 11:23,2025-09-08,2025-09-07,On Time,0,Not Applicable,12350.33,316,1
TRIP008876,2025-09-07,PL01,Pune Manufacturing Unit,Bhopal,Pune - Bhopal,PD01,Steel Coils,18.0,VH004,Container 20ft,18,TR06,Ganesh Roadlines,2025-09-07 07:10,2025-09-07 08:18,2025-09-07 08:35,2025-09-07 09:11,2025-09-08,2025-09-08,On Time,0,Not Applicable,27574.91,674,1
TRIP004951,2025-09-07,PL06,Indore Manufacturing Unit,Bhopal,Indore - Bhopal,PD07,Packaged Tiles,14.19,VH029,Open Truck 10 Tyre,16,TR17,United Freight Corporation,2025-09-07 06:27,2025-09-07 08:44,2025-09-07 09:03,2025-09-07 09:15,2025-09-07,2025-09-07,On Time,0,Not Applicable,1521.19,20,1
TRIP000397,2025-09-07,PL05,Hyderabad Assembly Unit,Nagpur,Hyderabad - Nagpur,PD02,Steel Pipes,14.7,VH052,Open Truck 10 Tyre,16,TR17,United Freight Corporation,2025-09-07 06:03,2025-09-07 10:29,2025-09-07 10:49,2025-09-07 11:03,2025-09-08,2025-09-07,On Time,0,Not Applicable,18707.57,530,1
TRIP010537,2025-09-07,PL05,Hyderabad Assembly Unit,Ahmedabad,Hyderabad - Ahmedabad,PD03,Cement Bags,16.94,VH054,Container 20ft,18,TR13,Punjab Truck Union,2025-09-07 07:19,2025-09-07 08:55,2025-09-07 09:53,2025-09-07 10:33,2025-09-08,2025-09-09,Delayed,1,Weather Conditions,49680.6,1179,0
TRIP001787,2025-09-08,PL04,Vadodara Processing Plant,Guwahati,Vadodara - Guwahati,PD05,Auto Components,21.7,VH047,Container 32ft SXL,22,TR07,Om Sai Transport,2025-09-08 07:41,2025-09-08 09:24,2025-09-08 09:52,2025-09-08 10:12,2025-09-10,2025-09-10,On Time,0,Not Applicable,114704.03,2147,1
TRIP010962,2025-09-08,PL04,Vadodara Processing Plant,Jaipur,Vadodara - Jaipur,PD02,Steel Pipes,7.39,VH010,Open Truck 6 Tyre,9,TR15,Apex Logistics India,2025-09-08 07:55,2025-09-08 09:38,2025-09-08 10:33,2025-09-08 10:55,2025-09-09,2025-09-08,On Time,0,Not Applicable,12653.38,646,1
TRIP005282,2025-09-09,PL05,Hyderabad Assembly Unit,Kolkata,Hyderabad - Kolkata,PD03,Cement Bags,24.4,VH045,Container 32ft MXL,28,TR18,Deccan Transport Co.,2025-09-09 10:40,2025-09-09 13:55,2025-09-09 14:14,2025-09-09 14:39,2025-09-11,2025-09-11,On Time,0,Not Applicable,94447.33,1572,1
TRIP001603,2025-09-09,PL02,Chennai Production Plant,Mumbai,Chennai - Mumbai,PD06,Electrical Cables,29.84,VH056,Trailer 40ft,35,TR05,Speedway Logistics Pvt Ltd,2025-09-09 08:16,2025-09-09 10:12,2025-09-09 10:51,2025-09-09 11:06,2025-09-11,2025-09-11,On Time,0,Not Applicable,105263.36,1294,1
TRIP004641,2025-09-09,PL04,Vadodara Processing Plant,Bhopal,Vadodara - Bhopal,PD03,Cement Bags,14.14,VH023,Container 32ft SXL,22,TR14,Coastal Cargo Carriers,2025-09-09 10:47,2025-09-09 13:18,2025-09-09 13:36,2025-09-09 13:51,2025-09-10,2025-09-10,On Time,0,Not Applicable,20597.06,574,1
TRIP007342,2025-09-09,PL04,Vadodara Processing Plant,Guwahati,Vadodara - Guwahati,PD06,Electrical Cables,14.9,VH029,Open Truck 10 Tyre,16,TR17,United Freight Corporation,2025-09-09 06:51,2025-09-09 09:25,2025-09-09 09:50,2025-09-09 10:29,2025-09-11,2025-09-11,On Time,0,Not Applicable,95236.97,2610,1
TRIP009664,2025-09-09,PL02,Chennai Production Plant,Kolkata,Chennai - Kolkata,PD04,PVC Granules,20.28,VH039,Container 32ft SXL,22,TR05,Speedway Logistics Pvt Ltd,2025-09-09 07:10,2025-09-09 09:06,2025-09-09 09:39,2025-09-09 10:03,2025-09-11,2025-09-11,On Time,0,Not Applicable,99868.89,1747,1
TRIP011958,2025-09-10,PL05,Hyderabad Assembly Unit,Mumbai,Hyderabad - Mumbai,PD02,Steel Pipes,23.68,VH002,Container 32ft MXL,28,TR06,Ganesh Roadlines,2025-09-10 08:20,2025-09-10 11:15,2025-09-10 12:06,2025-09-10 12:48,2025-09-11,2025-09-11,On Time,0,Not Applicable,37534.21,715,1
TRIP008142,2025-09-10,PL05,Hyderabad Assembly Unit,Jaipur,Hyderabad - Jaipur,PD03,Cement Bags,5.52,VH057,Open Truck 6 Tyre,9,TR14,Coastal Cargo Carriers,2025-09-10 06:56,2025-09-10 09:06,2025-09-10 09:42,2025-09-10 09:57,2025-09-11,2025-09-11,On Time,0,Not Applicable,17382.58,1313,1
TRIP006597,2025-09-10,PL05,Hyderabad Assembly Unit,Mumbai,Hyderabad - Mumbai,PD05,Auto Components,12.37,VH029,Open Truck 10 Tyre,16,TR17,United Freight Corporation,2025-09-10 09:53,2025-09-10 12:24,2025-09-10 13:03,2025-09-10 13:24,2025-09-11,2025-09-11,On Time,0,Not Applicable,20988.4,691,1
TRIP005122,2025-09-10,PL05,Hyderabad Assembly Unit,Bhopal,Hyderabad - Bhopal,PD07,Packaged Tiles,26.68,VH017,Container 32ft MXL,28,TR06,Ganesh Roadlines,2025-09-10 08:27,2025-09-10 10:39,2025-09-10 11:06,2025-09-10 11:36,2025-09-11,2025-09-11,On Time,0,Not Applicable,44987.65,739,1
TRIP009222,2025-09-10,PL05,Hyderabad Assembly Unit,Jaipur,Hyderabad - Jaipur,PD07,Packaged Tiles,29.86,VH005,Trailer 40ft,35,TR08,Kaveri Cargo Movers,2025-09-10 06:35,2025-09-10 09:26,2025-09-10 10:09,2025-09-10 10:32,2025-09-12,2025-09-12,On Time,0,Not Applicable,99343.54,1380,1
TRIP008234,2025-09-10,PL05,Hyderabad Assembly Unit,Guwahati,Hyderabad - Guwahati,PD02,Steel Pipes,8.91,VH043,Open Truck 6 Tyre,9,TR11,Reliable Roadways,2025-09-10 06:54,2025-09-10 09:01,2025-09-10 09:47,2025-09-10 10:22,2025-09-12,2025-09-12,On Time,0,Not Applicable,48392.32,2254,1
TRIP002037,2025-09-11,PL04,Vadodara Processing Plant,Patna,Vadodara - Patna,PD02,Steel Pipes,15.29,VH029,Open Truck 10 Tyre,16,TR17,United Freight Corporation,2025-09-11 09:37,2025-09-11 11:21,2025-09-11 12:20,2025-09-11 12:52,2025-09-13,2025-09-13,On Time,0,Not Applicable,57621.72,1679,1
TRIP008250,2025-09-11,PL04,Vadodara Processing Plant,Mumbai,Vadodara - Mumbai,PD08,Textile Rolls,8.84,VH027,Open Truck 6 Tyre,9,TR13,Punjab Truck Union,2025-09-11 08:07,2025-09-11 10:44,2025-09-11 11:10,2025-09-11 11:46,2025-09-12,2025-09-12,On Time,0,Not Applicable,11617.52,504,1
TRIP003541,2025-09-11,PL05,Hyderabad Assembly Unit,Bhopal,Hyderabad - Bhopal,PD02,Steel Pipes,15.8,VH053,Open Truck 10 Tyre,16,TR09,Sunrise Logistics Solutions,2025-09-11 06:20,2025-09-11 09:12,2025-09-11 09:30,2025-09-11 09:56,2025-09-12,2025-09-12,On Time,0,Not Applicable,26202.04,762,1
TRIP011437,2025-09-12,PL02,Chennai Production Plant,Nagpur,Chennai - Nagpur,PD04,PVC Granules,30.95,VH003,Trailer 40ft,35,TR17,United Freight Corporation,2025-09-12 06:11,2025-09-12 08:10,2025-09-12 09:08,2025-09-12 09:21,2025-09-14,2025-09-13,On Time,0,Not Applicable,88893.74,1273,1
TRIP008147,2025-09-12,PL04,Vadodara Processing Plant,Mumbai,Vadodara - Mumbai,PD02,Steel Pipes,22.0,VH041,Container 32ft SXL,22,TR13,Punjab Truck Union,2025-09-12 06:13,2025-09-12 08:39,2025-09-12 08:55,2025-09-12 09:10,2025-09-13,2025-09-13,On Time,0,Not Applicable,26878.77,490,1
TRIP005366,2025-09-13,PL02,Chennai Production Plant,Ahmedabad,Chennai - Ahmedabad,PD08,Textile Rolls,20.91,VH026,Container 32ft SXL,22,TR09,Sunrise Logistics Solutions,2025-09-13 07:54,2025-09-13 10:46,2025-09-13 11:32,2025-09-13 11:43,2025-09-15,2025-09-15,On Time,0,Not Applicable,87600.06,1858,1
TRIP001262,2025-09-13,PL01,Pune Manufacturing Unit,Jaipur,Pune - Jaipur,PD02,Steel Pipes,26.63,VH011,Container 32ft MXL,28,TR18,Deccan Transport Co.,2025-09-13 09:33,2025-09-13 12:27,2025-09-13 12:43,2025-09-13 13:02,2025-09-15,2025-09-14,On Time,0,Not Applicable,73558.19,1074,1
TRIP002058,2025-09-13,PL05,Hyderabad Assembly Unit,Bhopal,Hyderabad - Bhopal,PD03,Cement Bags,20.51,VH009,Container 32ft SXL,22,TR10,Metro Freight Carriers,2025-09-13 08:10,2025-09-13 10:51,2025-09-13 11:41,2025-09-13 12:02,2025-09-14,2025-09-14,On Time,0,Not Applicable,34071.61,753,1
TRIP010659,2025-09-14,PL05,Hyderabad Assembly Unit,Guwahati,Hyderabad - Guwahati,PD05,Auto Components,8.99,VH043,Open Truck 6 Tyre,9,TR11,Reliable Roadways,2025-09-14 10:34,2025-09-14 12:21,2025-09-14 12:56,2025-09-14 13:10,2025-09-16,2025-09-16,On Time,0,Not Applicable,48594.57,2211,1
TRIP008123,2025-09-14,PL04,Vadodara Processing Plant,Mumbai,Vadodara - Mumbai,PD06,Electrical Cables,12.21,VH018,Container 32ft SXL,22,TR04,National Freight Movers,2025-09-14 06:00,2025-09-14 07:55,2025-09-14 08:31,2025-09-14 08:47,2025-09-15,2025-09-15,On Time,0,Not Applicable,17907.36,544,1
TRIP006246,2025-09-15,PL05,Hyderabad Assembly Unit,Bhopal,Hyderabad - Bhopal,PD02,Steel Pipes,25.81,VH022,Container 32ft MXL,28,TR02,Shree Balaji Logistics,2025-09-15 08:38,2025-09-15 11:42,2025-09-15 11:59,2025-09-15 12:36,2025-09-16,2025-09-16,On Time,0,Not Applicable,50951.99,841,1
TRIP002443,2025-09-16,PL05,Hyderabad Assembly Unit,Nagpur,Hyderabad - Nagpur,PD01,Steel Coils,29.37,VH003,Trailer 40ft,35,TR17,United Freight Corporation,2025-09-16 06:40,2025-09-16 08:20,2025-09-16 08:51,2025-09-16 09:18,2025-09-17,2025-09-17,On Time,0,Not Applicable,34575.63,517,1
TRIP009277,2025-09-16,PL05,Hyderabad Assembly Unit,Bhopal,Hyderabad - Bhopal,PD06,Electrical Cables,32.74,VH051,Trailer 40ft,35,TR07,Om Sai Transport,2025-09-16 07:40,2025-09-16 10:17,2025-09-16 11:00,2025-09-16 11:33,2025-09-17,2025-09-17,On Time,0,Not Applicable,64059.49,790,1
TRIP000086,2025-09-16,PL02,Chennai Production Plant,Jaipur,Chennai - Jaipur,PD03,Cement Bags,25.69,VH032,Container 32ft MXL,28,TR03,Vishal Transport Co.,2025-09-16 10:10,2025-09-16 12:58,2025-09-16 13:48,2025-09-16 14:14,2025-09-19,2025-09-18,On Time,0,Not Applicable,134800.94,2172,1
TRIP004093,2025-09-16,PL02,Chennai Production Plant,Bhopal,Chennai - Bhopal,PD01,Steel Coils,31.45,VH005,Trailer 40ft,35,TR08,Kaveri Cargo Movers,2025-09-16 09:31,2025-09-16 12:28,2025-09-16 13:13,2025-09-16 13:30,2025-09-19,2025-09-19,On Time,0,Not Applicable,131679.85,1737,1
TRIP009165,2025-09-17,PL05,Hyderabad Assembly Unit,Jaipur,Hyderabad - Jaipur,PD08,Textile Rolls,8.16,VH014,Open Truck 6 Tyre,9,TR08,Kaveri Cargo Movers,2025-09-17 10:16,2025-09-17 12:14,2025-09-17 13:06,2025-09-17 13:17,2025-09-19,2025-09-18,On Time,0,Not Applicable,29954.47,1483,1
TRIP003313,2025-09-17,PL01,Pune Manufacturing Unit,Bhopal,Pune - Bhopal,PD07,Packaged Tiles,17.39,VH004,Container 20ft,18,TR06,Ganesh Roadlines,2025-09-17 10:57,2025-09-17 12:44,2025-09-17 13:39,2025-09-17 14:10,2025-09-18,2025-09-18,On Time,0,Not Applicable,24124.64,603,1
TRIP003995,2025-09-17,PL04,Vadodara Processing Plant,Nagpur,Vadodara - Nagpur,PD02,Steel Pipes,20.97,VH025,Container 32ft SXL,22,TR13,Punjab Truck Union,2025-09-17 07:19,2025-09-17 10:01,2025-09-17 10:53,2025-09-17 11:15,2025-09-18,2025-09-18,On Time,0,Not Applicable,46129.08,874,1
TRIP006508,2025-09-17,PL05,Hyderabad Assembly Unit,Bhopal,Hyderabad - Bhopal,PD03,Cement Bags,17.57,VH023,Container 32ft SXL,22,TR14,Coastal Cargo Carriers,2025-09-17 07:26,2025-09-17 09:51,2025-09-17 10:21,2025-09-17 10:41,2025-09-18,2025-09-18,On Time,0,Not Applicable,35079.92,782,1
TRIP005848,2025-09-18,PL04,Vadodara Processing Plant,Bhopal,Vadodara - Bhopal,PD06,Electrical Cables,26.27,VH032,Container 32ft MXL,28,TR03,Vishal Transport Co.,2025-09-18 08:37,2025-09-18 10:32,2025-09-18 11:14,2025-09-18 11:36,2025-09-19,2025-09-19,On Time,0,Not Applicable,41276.59,587,1
TRIP008829,2025-09-18,PL05,Hyderabad Assembly Unit,Bhopal,Hyderabad - Bhopal,PD06,Electrical Cables,11.34,VH012,Open Truck 10 Tyre,16,TR12,Trident Transport Services,2025-09-18 10:22,2025-09-18 12:19,2025-09-18 13:01,2025-09-18 13:30,2025-09-19,2025-09-19,On Time,0,Not Applicable,19627.06,758,1
TRIP008481,2025-09-18,PL05,Hyderabad Assembly Unit,Guwahati,Hyderabad - Guwahati,PD03,Cement Bags,8.69,VH012,Open Truck 10 Tyre,16,TR12,Trident Transport Services,2025-09-18 09:59,2025-09-18 12:19,2025-09-18 12:59,2025-09-18 13:31,2025-09-20,2025-09-20,On Time,0,Not Applicable,47220.19,2257,1
TRIP011148,2025-09-18,PL04,Vadodara Processing Plant,Guwahati,Vadodara - Guwahati,PD05,Auto Components,31.85,VH005,Trailer 40ft,35,TR08,Kaveri Cargo Movers,2025-09-18 09:48,2025-09-18 10:31,2025-09-18 11:16,2025-09-18 11:44,2025-09-21,2025-09-22,Delayed,1,Traffic Congestion,175966.12,2445,0
TRIP002175,2025-09-19,PL02,Chennai Production Plant,Guwahati,Chennai - Guwahati,PD07,Packaged Tiles,14.56,VH007,Open Truck 10 Tyre,16,TR03,Vishal Transport Co.,2025-09-19 08:43,2025-09-19 10:54,2025-09-19 11:39,2025-09-19 12:00,2025-09-22,2025-09-22,On Time,0,Not Applicable,100903.64,2762,1
TRIP004049,2025-09-19,PL01,Pune Manufacturing Unit,Guwahati,Pune - Guwahati,PD02,Steel Pipes,28.0,VH017,Container 32ft MXL,28,TR06,Ganesh Roadlines,2025-09-19 10:11,2025-09-19 10:59,2025-09-19 11:51,2025-09-19 12:28,2025-09-22,2025-09-22,On Time,0,Not Applicable,151517.02,2281,1
TRIP010641,2025-09-20,PL04,Vadodara Processing Plant,Nagpur,Vadodara - Nagpur,PD06,Electrical Cables,6.68,VH057,Open Truck 6 Tyre,9,TR14,Coastal Cargo Carriers,2025-09-20 10:43,2025-09-20 13:25,2025-09-20 13:48,2025-09-20 14:06,2025-09-21,2025-09-21,On Time,0,Not Applicable,13245.52,818,1
TRIP004157,2025-09-21,PL04,Vadodara Processing Plant,Guwahati,Vadodara - Guwahati,PD07,Packaged Tiles,25.82,VH032,Container 32ft MXL,28,TR03,Vishal Transport Co.,2025-09-21 07:18,2025-09-21 08:01,2025-09-21 08:37,2025-09-21 08:48,2025-09-24,2025-09-24,On Time,0,Not Applicable,138857.67,2245,1
TRIP004484,2025-09-22,PL01,Pune Manufacturing Unit,Guwahati,Pune - Guwahati,PD05,Auto Components,15.29,VH021,Open Truck 10 Tyre,16,TR02,Shree Balaji Logistics,2025-09-22 08:13,2025-09-22 10:10,2025-09-22 10:39,2025-09-22 11:18,2025-09-25,2025-09-24,On Time,0,Not Applicable,77525.81,2258,1
TRIP004421,2025-09-22,PL02,Chennai Production Plant,Bhopal,Chennai - Bhopal,PD04,PVC Granules,16.95,VH025,Container 32ft SXL,22,TR13,Punjab Truck Union,2025-09-22 07:13,2025-09-22 10:06,2025-09-22 10:50,2025-09-22 11:23,2025-09-24,2025-09-26,Delayed,2,Customer Site Congestion,68562.55,1551,0
TRIP007093,2025-09-22,PL05,Hyderabad Assembly Unit,Guwahati,Hyderabad - Guwahati,PD02,Steel Pipes,6.38,VH057,Open Truck 6 Tyre,9,TR14,Coastal Cargo Carriers,2025-09-22 07:21,2025-09-22 09:26,2025-09-22 10:16,2025-09-22 10:56,2025-09-25,2025-09-24,On Time,0,Not Applicable,32705.94,2138,1
TRIP005121,2025-09-22,PL05,Hyderabad Assembly Unit,Guwahati,Hyderabad - Guwahati,PD08,Textile Rolls,9.0,VH037,Open Truck 6 Tyre,9,TR03,Vishal Transport Co.,2025-09-22 08:47,2025-09-22 09:17,2025-09-22 09:51,2025-09-22 10:06,2025-09-24,2025-09-24,On Time,0,Not Applicable,47845.88,2160,1
TRIP005014,2025-09-24,PL02,Chennai Production Plant,Bhopal,Chennai - Bhopal,PD07,Packaged Tiles,16.33,VH001,Container 20ft,18,TR16,Shakti Road Carriers,2025-09-24 07:20,2025-09-24 08:47,2025-09-24 09:36,2025-09-24 10:10,2025-09-26,2025-09-26,On Time,0,Not Applicable,68737.68,1749,1
TRIP011773,2025-09-24,PL04,Vadodara Processing Plant,Bhopal,Vadodara - Bhopal,PD04,PVC Granules,16.51,VH009,Container 32ft SXL,22,TR10,Metro Freight Carriers,2025-09-24 07:58,2025-09-24 09:59,2025-09-24 10:41,2025-09-24 11:16,2025-09-25,2025-09-25,On Time,0,Not Applicable,21478.9,604,1
TRIP002814,2025-09-24,PL04,Vadodara Processing Plant,Bhopal,Vadodara - Bhopal,PD07,Packaged Tiles,20.53,VH002,Container 32ft MXL,28,TR06,Ganesh Roadlines,2025-09-24 09:50,2025-09-24 11:41,2025-09-24 12:13,2025-09-24 12:54,2025-09-25,2025-09-25,On Time,0,Not Applicable,27832.39,553,1
TRIP002211,2025-09-24,PL02,Chennai Production Plant,Nagpur,Chennai - Nagpur,PD08,Textile Rolls,28.0,VH015,Container 32ft MXL,28,TR08,Kaveri Cargo Movers,2025-09-24 08:35,2025-09-24 10:22,2025-09-24 11:13,2025-09-24 11:30,2025-09-26,2025-09-27,Delayed,1,Documentation Delay,90006.64,1284,0
TRIP001422,2025-09-24,PL06,Indore Manufacturing Unit,Nagpur,Indore - Nagpur,PD04,PVC Granules,15.94,VH054,Container 20ft,18,TR13,Punjab Truck Union,2025-09-24 06:34,2025-09-24 09:30,2025-09-24 09:50,2025-09-24 10:33,2025-09-25,2025-09-24,On Time,0,Not Applicable,11388.37,283,1
TRIP010935,2025-09-24,PL02,Chennai Production Plant,Jaipur,Chennai - Jaipur,PD03,Cement Bags,18.15,VH009,Container 32ft SXL,22,TR10,Metro Freight Carriers,2025-09-24 09:54,2025-09-24 12:09,2025-09-24 12:54,2025-09-24 13:15,2025-09-27,2025-09-26,On Time,0,Not Applicable,90251.0,2321,1
TRIP007736,2025-09-24,PL04,Vadodara Processing Plant,Guwahati,Vadodara - Guwahati,PD02,Steel Pipes,19.28,VH033,Container 32ft SXL,22,TR09,Sunrise Logistics Solutions,2025-09-24 10:09,2025-09-24 12:24,2025-09-24 12:56,2025-09-24 13:27,2025-09-27,2025-09-27,On Time,0,Not Applicable,109709.7,2562,1
TRIP002319,2025-09-24,PL02,Chennai Production Plant,Kolkata,Chennai - Kolkata,PD01,Steel Coils,8.67,VH037,Open Truck 6 Tyre,9,TR03,Vishal Transport Co.,2025-09-24 08:18,2025-09-24 09:43,2025-09-24 10:35,2025-09-24 10:50,2025-09-26,2025-09-26,On Time,0,Not Applicable,38469.2,1755,1
TRIP008306,2025-09-24,PL02,Chennai Production Plant,Guwahati,Chennai - Guwahati,PD02,Steel Pipes,16.0,VH053,Open Truck 10 Tyre,16,TR09,Sunrise Logistics Solutions,2025-09-24 10:55,2025-09-24 13:11,2025-09-24 13:41,2025-09-24 14:23,2025-09-27,2025-09-27,On Time,0,Not Applicable,107833.6,2910,1
TRIP002792,2025-09-24,PL04,Vadodara Processing Plant,Delhi NCR,Vadodara - Delhi NCR,PD08,Textile Rolls,29.05,VH003,Trailer 40ft,35,TR17,United Freight Corporation,2025-09-24 09:50,2025-09-24 12:30,2025-09-24 13:11,2025-09-24 13:32,2025-09-25,2025-09-27,Delayed,2,Vehicle Breakdown,62504.68,970,0
TRIP006374,2025-09-25,PL05,Hyderabad Assembly Unit,Mumbai,Hyderabad - Mumbai,PD01,Steel Coils,34.5,VH055,Trailer 40ft,35,TR09,Sunrise Logistics Solutions,2025-09-25 06:41,2025-09-25 09:49,2025-09-25 10:13,2025-09-25 10:38,2025-09-26,2025-09-26,On Time,0,Not Applicable,58455.18,754,1
TRIP003922,2025-09-25,PL02,Chennai Production Plant,Nagpur,Chennai - Nagpur,PD05,Auto Components,14.75,VH058,Open Truck 10 Tyre,16,TR18,Deccan Transport Co.,2025-09-25 07:03,2025-09-25 10:28,2025-09-25 11:18,2025-09-25 11:30,2025-09-26,2025-09-26,On Time,0,Not Applicable,48724.4,1228,1
TRIP001935,2025-09-25,PL05,Hyderabad Assembly Unit,Guwahati,Hyderabad - Guwahati,PD02,Steel Pipes,19.38,VH025,Container 32ft SXL,22,TR13,Punjab Truck Union,2025-09-25 06:28,2025-09-25 09:11,2025-09-25 09:35,2025-09-25 09:53,2025-09-27,2025-09-27,On Time,0,Not Applicable,114587.44,2304,1
TRIP003234,2025-09-25,PL05,Hyderabad Assembly Unit,Bhopal,Hyderabad - Bhopal,PD07,Packaged Tiles,18.0,VH019,Container 20ft,18,TR07,Om Sai Transport,2025-09-25 07:53,2025-09-25 09:41,2025-09-25 10:12,2025-09-25 10:30,2025-09-26,2025-09-27,Delayed,1,Route Diversion,31312.02,727,0
TRIP006250,2025-09-26,PL05,Hyderabad Assembly Unit,Bhopal,Hyderabad - Bhopal,PD03,Cement Bags,14.93,VH029,Open Truck 10 Tyre,16,TR17,United Freight Corporation,2025-09-26 10:00,2025-09-26 12:48,2025-09-26 13:40,2025-09-26 14:23,2025-09-27,2025-09-27,On Time,0,Not Applicable,31192.45,843,1
TRIP007404,2025-09-27,PL05,Hyderabad Assembly Unit,Mumbai,Hyderabad - Mumbai,PD02,Steel Pipes,13.1,VH058,Open Truck 10 Tyre,16,TR18,Deccan Transport Co.,2025-09-27 06:58,2025-09-27 09:23,2025-09-27 09:40,2025-09-27 10:23,2025-09-28,2025-09-28,On Time,0,Not Applicable,24360.36,720,1
TRIP010260,2025-09-28,PL04,Vadodara Processing Plant,Bhopal,Vadodara - Bhopal,PD08,Textile Rolls,19.74,VH009,Container 32ft SXL,22,TR10,Metro Freight Carriers,2025-09-28 10:11,2025-09-28 11:52,2025-09-28 12:16,2025-09-28 12:54,2025-09-29,2025-09-29,On Time,0,Not Applicable,24497.08,560,1
TRIP007589,2025-09-28,PL01,Pune Manufacturing Unit,Jaipur,Pune - Jaipur,PD02,Steel Pipes,5.78,VH030,Open Truck 6 Tyre,9,TR10,Metro Freight Carriers,2025-09-28 07:06,2025-09-28 08:58,2025-09-28 09:19,2025-09-28 09:49,2025-09-29,2025-09-29,On Time,0,Not Applicable,14836.13,1128,1
TRIP008205,2025-09-28,PL05,Hyderabad Assembly Unit,Bhopal,Hyderabad - Bhopal,PD02,Steel Pipes,25.52,VH020,Container 32ft MXL,28,TR01,Bharat Road Carriers,2025-09-28 10:15,2025-09-28 13:49,2025-09-28 14:29,2025-09-28 15:09,2025-09-29,2025-09-29,On Time,0,Not Applicable,44664.64,783,1
TRIP011663,2025-09-29,PL02,Chennai Production Plant,Nagpur,Chennai - Nagpur,PD03,Cement Bags,31.59,VH035,Trailer 40ft,35,TR09,Sunrise Logistics Solutions,2025-09-29 09:50,2025-09-29 12:22,2025-09-29 13:06,2025-09-29 13:40,2025-10-01,2025-09-30,On Time,0,Not Applicable,95738.45,1277,1
TRIP000034,2025-09-29,PL03,Ludhiana Fabrication Unit,Jaipur,Ludhiana - Jaipur,PD05,Auto Components,15.3,VH052,Open Truck 10 Tyre,16,TR17,United Freight Corporation,2025-09-29 07:14,2025-09-29 08:38,2025-09-29 09:34,2025-09-29 10:01,2025-09-30,2025-09-30,On Time,0,Not Applicable,15188.93,444,1
TRIP007741,2025-09-29,PL05,Hyderabad Assembly Unit,Guwahati,Hyderabad - Guwahati,PD05,Auto Components,32.6,VH055,Trailer 40ft,35,TR09,Sunrise Logistics Solutions,2025-09-29 06:49,2025-09-29 09:03,2025-09-29 09:51,2025-09-29 10:26,2025-10-02,2025-10-01,On Time,0,Not Applicable,146332.25,2063,1
TRIP004032,2025-09-29,PL05,Hyderabad Assembly Unit,Jaipur,Hyderabad - Jaipur,PD04,PVC Granules,25.13,VH045,Container 32ft MXL,28,TR18,Deccan Transport Co.,2025-09-29 07:02,2025-09-29 08:37,2025-09-29 09:16,2025-09-29 09:52,2025-10-01,2025-10-01,On Time,0,Not Applicable,90801.51,1347,1
TRIP006862,2025-09-30,PL05,Hyderabad Assembly Unit,Nagpur,Hyderabad - Nagpur,PD07,Packaged Tiles,26.88,VH020,Container 32ft MXL,28,TR01,Bharat Road Carriers,2025-09-30 10:38,2025-09-30 12:15,2025-09-30 13:00,2025-09-30 13:22,2025-10-01,2025-10-01,On Time,0,Not Applicable,25782.19,440,1
TRIP002689,2025-10-01,PL01,Pune Manufacturing Unit,Guwahati,Pune - Guwahati,PD07,Packaged Tiles,24.77,VH015,Container 32ft MXL,28,TR08,Kaveri Cargo Movers,2025-10-01 10:13,2025-10-01 12:16,2025-10-01 13:03,2025-10-01 13:46,2025-10-04,2025-10-04,On Time,0,Not Applicable,152749.47,2425,1
TRIP002767,2025-10-01,PL05,Hyderabad Assembly Unit,Bhopal,Hyderabad - Bhopal,PD08,Textile Rolls,16.0,VH007,Open Truck 10 Tyre,16,TR03,Vishal Transport Co.,2025-10-01 06:20,2025-10-01 08:07,2025-10-01 08:49,2025-10-01 09:12,2025-10-02,2025-10-02,On Time,0,Not Applicable,30527.61,727,1
TRIP000488,2025-10-01,PL01,Pune Manufacturing Unit,Mumbai,Pune - Mumbai,PD03,Cement Bags,6.88,VH012,Open Truck 10 Tyre,16,TR12,Trident Transport Services,2025-10-01 08:11,2025-10-01 09:27,2025-10-01 10:06,2025-10-01 10:21,2025-10-01,2025-10-01,On Time,0,Not Applicable,3166.41,153,1
TRIP008401,2025-10-01,PL05,Hyderabad Assembly Unit,Bhopal,Hyderabad - Bhopal,PD08,Textile Rolls,32.28,VH055,Trailer 40ft,35,TR09,Sunrise Logistics Solutions,2025-10-01 07:24,2025-10-01 09:50,2025-10-01 10:24,2025-10-01 11:00,2025-10-02,2025-10-02,On Time,0,Not Applicable,53292.74,769,1
TRIP000100,2025-10-01,PL05,Hyderabad Assembly Unit,Nagpur,Hyderabad - Nagpur,PD02,Steel Pipes,7.5,VH028,Open Truck 6 Tyre,9,TR03,Vishal Transport Co.,2025-10-01 06:50,2025-10-01 09:38,2025-10-01 10:10,2025-10-01 10:50,2025-10-02,2025-10-01,On Time,0,Not Applicable,10064.87,484,1
TRIP006806,2025-10-01,PL02,Chennai Production Plant,Bhopal,Chennai - Bhopal,PD06,Electrical Cables,15.63,VH006,Open Truck 10 Tyre,16,TR12,Trident Transport Services,2025-10-01 06:43,2025-10-01 09:47,2025-10-01 10:43,2025-10-01 11:00,2025-10-03,2025-10-03,On Time,0,Not Applicable,58093.78,1727,1
TRIP008476,2025-10-01,PL05,Hyderabad Assembly Unit,Mumbai,Hyderabad - Mumbai,PD02,Steel Pipes,9.0,VH060,Open Truck 6 Tyre,9,TR15,Apex Logistics India,2025-10-01 10:50,2025-10-01 12:20,2025-10-01 12:40,2025-10-01 13:18,2025-10-02,2025-10-02,On Time,0,Not Applicable,16712.11,706,1
TRIP003106,2025-10-03,PL05,Hyderabad Assembly Unit,Bhopal,Hyderabad - Bhopal,PD05,Auto Components,14.61,VH036,Container 32ft SXL,22,TR09,Sunrise Logistics Solutions,2025-10-03 10:25,2025-10-03 12:47,2025-10-03 13:02,2025-10-03 13:33,2025-10-04,2025-10-04,On Time,0,Not Applicable,26777.72,781,1
TRIP009339,2025-10-04,PL05,Hyderabad Assembly Unit,Guwahati,Hyderabad - Guwahati,PD01,Steel Coils,24.09,VH008,Container 32ft MXL,28,TR11,Reliable Roadways,2025-10-04 07:46,2025-10-04 09:55,2025-10-04 10:33,2025-10-04 10:43,2025-10-07,2025-10-06,On Time,0,Not Applicable,113831.4,2055,1
TRIP001845,2025-10-04,PL05,Hyderabad Assembly Unit,Bhopal,Hyderabad - Bhopal,PD01,Steel Coils,21.06,VH044,Container 32ft SXL,22,TR07,Om Sai Transport,2025-10-04 07:27,2025-10-04 10:19,2025-10-04 11:07,2025-10-04 11:38,2025-10-05,2025-10-05,On Time,0,Not Applicable,36507.38,745,1
TRIP005514,2025-10-04,PL05,Hyderabad Assembly Unit,Guwahati,Hyderabad - Guwahati,PD01,Steel Coils,25.78,VH013,Container 32ft MXL,28,TR08,Kaveri Cargo Movers,2025-10-04 10:58,2025-10-04 13:22,2025-10-04 13:40,2025-10-04 14:18,2025-10-07,2025-10-06,On Time,0,Not Applicable,143838.38,2272,1
TRIP000555,2025-10-04,PL04,Vadodara Processing Plant,Bhopal,Vadodara - Bhopal,PD05,Auto Components,15.44,VH004,Container 20ft,18,TR06,Ganesh Roadlines,2025-10-04 10:58,2025-10-04 12:26,2025-10-04 13:00,2025-10-04 13:27,2025-10-05,2025-10-05,On Time,0,Not Applicable,24112.16,622,1
TRIP009804,2025-10-04,PL02,Chennai Production Plant,Kolkata,Chennai - Kolkata,PD02,Steel Pipes,6.63,VH057,Open Truck 6 Tyre,9,TR14,Coastal Cargo Carriers,2025-10-04 10:47,2025-10-04 13:47,2025-10-04 14:38,2025-10-04 14:55,2025-10-06,2025-10-06,On Time,0,Not Applicable,26441.13,1603,1
TRIP000430,2025-10-06,PL01,Pune Manufacturing Unit,Guwahati,Pune - Guwahati,PD05,Auto Components,28.43,VH056,Trailer 40ft,35,TR05,Speedway Logistics Pvt Ltd,2025-10-06 08:37,2025-10-06 10:41,2025-10-06 11:23,2025-10-06 11:43,2025-10-09,2025-10-09,On Time,0,Not Applicable,184910.55,2434,1
TRIP005801,2025-10-06,PL04,Vadodara Processing Plant,Mumbai,Vadodara - Mumbai,PD08,Textile Rolls,8.78,VH037,Open Truck 6 Tyre,9,TR03,Vishal Transport Co.,2025-10-06 07:19,2025-10-06 09:56,2025-10-06 10:46,2025-10-06 11:20,2025-10-07,2025-10-06,On Time,0,Not Applicable,11449.06,498,1
TRIP009592,2025-10-06,PL01,Pune Manufacturing Unit,Bhopal,Pune - Bhopal,PD08,Textile Rolls,13.46,VH052,Open Truck 10 Tyre,16,TR17,United Freight Corporation,2025-10-06 06:31,2025-10-06 09:17,2025-10-06 10:03,2025-10-06 10:30,2025-10-07,2025-10-06,On Time,0,Not Applicable,18344.4,587,1
TRIP008619,2025-10-06,PL02,Chennai Production Plant,Bengaluru,Chennai - Bengaluru,PD01,Steel Coils,20.75,VH025,Container 32ft SXL,22,TR13,Punjab Truck Union,2025-10-06 07:32,2025-10-06 09:25,2025-10-06 10:19,2025-10-06 10:58,2025-10-06,2025-10-06,On Time,0,Not Applicable,16790.76,316,1
TRIP009444,2025-10-06,PL01,Pune Manufacturing Unit,Mumbai,Pune - Mumbai,PD01,Steel Coils,17.99,VH049,Container 20ft,18,TR07,Om Sai Transport,2025-10-06 07:22,2025-10-06 09:13,2025-10-06 10:12,2025-10-06 10:31,2025-10-06,2025-10-06,On Time,0,Not Applicable,7120.81,157,1
TRIP001471,2025-10-07,PL04,Vadodara Processing Plant,Patna,Vadodara - Patna,PD04,PVC Granules,5.54,VH057,Open Truck 6 Tyre,9,TR14,Coastal Cargo Carriers,2025-10-07 08:59,2025-10-07 11:31,2025-10-07 12:12,2025-10-07 12:27,2025-10-09,2025-10-09,On Time,0,Not Applicable,21358.11,1608,1
TRIP004368,2025-10-07,PL05,Hyderabad Assembly Unit,Jaipur,Hyderabad - Jaipur,PD03,Cement Bags,15.64,VH042,Container 32ft SXL,22,TR12,Trident Transport Services,2025-10-07 09:15,2025-10-07 10:42,2025-10-07 11:09,2025-10-07 11:48,2025-10-09,2025-10-08,On Time,0,Not Applicable,48091.03,1336,1
TRIP009785,2025-10-07,PL05,Hyderabad Assembly Unit,Guwahati,Hyderabad - Guwahati,PD04,PVC Granules,8.42,VH043,Open Truck 6 Tyre,9,TR11,Reliable Roadways,2025-10-07 08:27,2025-10-07 09:40,2025-10-07 10:18,2025-10-07 10:33,2025-10-09,2025-10-09,On Time,0,Not Applicable,43971.4,2162,1
TRIP000322,2025-10-08,PL04,Vadodara Processing Plant,Jaipur,Vadodara - Jaipur,PD06,Electrical Cables,17.59,VH019,Container 20ft,18,TR07,Om Sai Transport,2025-10-08 07:39,2025-10-08 10:18,2025-10-08 10:46,2025-10-08 11:04,2025-10-09,2025-10-09,On Time,0,Not Applicable,27946.95,638,1
TRIP004025,2025-10-08,PL01,Pune Manufacturing Unit,Guwahati,Pune - Guwahati,PD02,Steel Pipes,16.46,VH034,Container 20ft,18,TR13,Punjab Truck Union,2025-10-08 06:28,2025-10-08 08:05,2025-10-08 08:53,2025-10-08 09:35,2025-10-11,2025-10-10,On Time,0,Not Applicable,97800.77,2270,1
TRIP003003,2025-10-08,PL05,Hyderabad Assembly Unit,Jaipur,Hyderabad - Jaipur,PD05,Auto Components,16.54,VH019,Container 20ft,18,TR07,Om Sai Transport,2025-10-08 06:23,2025-10-08 07:54,2025-10-08 08:35,2025-10-08 09:09,2025-10-09,2025-10-09,On Time,0,Not Applicable,54080.07,1348,1
TRIP001721,2025-10-09,PL01,Pune Manufacturing Unit,Nagpur,Pune - Nagpur,PD08,Textile Rolls,26.26,VH032,Container 32ft MXL,28,TR03,Vishal Transport Co.,2025-10-09 10:53,2025-10-09 12:19,2025-10-09 12:40,2025-10-09 12:54,2025-10-10,2025-10-10,On Time,0,Not Applicable,32858.59,467,1
TRIP009001,2025-10-10,PL05,Hyderabad Assembly Unit,Mumbai,Hyderabad - Mumbai,PD05,Auto Components,34.68,VH055,Trailer 40ft,35,TR09,Sunrise Logistics Solutions,2025-10-10 10:32,2025-10-10 11:39,2025-10-10 12:24,2025-10-10 12:37,2025-10-11,2025-10-11,On Time,0,Not Applicable,57792.6,744,1
TRIP005839,2025-10-10,PL05,Hyderabad Assembly Unit,Mumbai,Hyderabad - Mumbai,PD01,Steel Coils,23.27,VH013,Container 32ft MXL,28,TR08,Kaveri Cargo Movers,2025-10-10 07:10,2025-10-10 09:57,2025-10-10 10:36,2025-10-10 11:01,2025-10-11,2025-10-12,Delayed,1,Driver Unavailability,44091.86,755,0
TRIP003367,2025-10-10,PL04,Vadodara Processing Plant,Kolkata,Vadodara - Kolkata,PD01,Steel Coils,17.3,VH031,Container 20ft,18,TR17,United Freight Corporation,2025-10-10 10:09,2025-10-10 11:55,2025-10-10 12:54,2025-10-10 13:14,2025-10-12,2025-10-12,On Time,0,Not Applicable,76996.48,1853,1
TRIP002222,2025-10-11,PL05,Hyderabad Assembly Unit,Guwahati,Hyderabad - Guwahati,PD08,Textile Rolls,31.65,VH056,Trailer 40ft,35,TR05,Speedway Logistics Pvt Ltd,2025-10-11 09:53,2025-10-11 12:30,2025-10-11 12:53,2025-10-11 13:27,2025-10-14,2025-10-14,On Time,0,Not Applicable,188721.03,2121,1
TRIP000563,2025-10-12,PL02,Chennai Production Plant,Guwahati,Chennai - Guwahati,PD02,Steel Pipes,24.94,VH020,Container 32ft MXL,28,TR01,Bharat Road Carriers,2025-10-12 08:17,2025-10-12 10:34,2025-10-12 11:32,2025-10-12 11:42,2025-10-15,2025-10-16,Delayed,1,Driver Unavailability,138983.57,2629,0
TRIP006728,2025-10-12,PL05,Hyderabad Assembly Unit,Guwahati,Hyderabad - Guwahati,PD06,Electrical Cables,23.77,VH013,Container 32ft MXL,28,TR08,Kaveri Cargo Movers,2025-10-12 09:38,2025-10-12 12:40,2025-10-12 13:10,2025-10-12 13:54,2025-10-15,2025-10-14,On Time,0,Not Applicable,122597.15,2095,1
TRIP007061,2025-10-13,PL05,Hyderabad Assembly Unit,Patna,Hyderabad - Patna,PD04,PVC Granules,14.66,VH042,Container 32ft SXL,22,TR12,Trident Transport Services,2025-10-13 10:16,2025-10-13 12:30,2025-10-13 12:56,2025-10-13 13:18,2025-10-15,2025-10-15,On Time,0,Not Applicable,49470.55,1458,1
TRIP002361,2025-10-13,PL01,Pune Manufacturing Unit,Bhopal,Pune - Bhopal,PD03,Cement Bags,16.0,VH053,Open Truck 10 Tyre,16,TR09,Sunrise Logistics Solutions,2025-10-13 10:31,2025-10-13 12:52,2025-10-13 13:22,2025-10-13 13:32,2025-10-14,2025-10-14,On Time,0,Not Applicable,23646.13,638,1
TRIP005567,2025-10-14,PL04,Vadodara Processing Plant,Bhopal,Vadodara - Bhopal,PD03,Cement Bags,7.94,VH028,Open Truck 6 Tyre,9,TR03,Vishal Transport Co.,2025-10-14 10:35,2025-10-14 12:43,2025-10-14 13:09,2025-10-14 13:49,2025-10-15,2025-10-15,On Time,0,Not Applicable,14077.94,645,1
TRIP006818,2025-10-14,PL01,Pune Manufacturing Unit,Bhopal,Pune - Bhopal,PD05,Auto Components,16.97,VH023,Container 32ft SXL,22,TR14,Coastal Cargo Carriers,2025-10-14 10:28,2025-10-14 13:40,2025-10-14 13:58,2025-10-14 14:27,2025-10-15,2025-10-15,On Time,0,Not Applicable,26324.76,642,1
TRIP011595,2025-10-15,PL06,Indore Manufacturing Unit,Nagpur,Indore - Nagpur,PD07,Packaged Tiles,19.42,VH026,Container 32ft SXL,22,TR09,Sunrise Logistics Solutions,2025-10-15 10:40,2025-10-15 12:56,2025-10-15 13:22,2025-10-15 13:47,2025-10-16,2025-10-15,On Time,0,Not Applicable,14501.61,308,1
TRIP006833,2025-10-15,PL05,Hyderabad Assembly Unit,Nagpur,Hyderabad - Nagpur,PD03,Cement Bags,16.64,VH049,Container 20ft,18,TR07,Om Sai Transport,2025-10-15 07:21,2025-10-15 09:52,2025-10-15 10:38,2025-10-15 11:18,2025-10-16,2025-10-15,On Time,0,Not Applicable,17968.79,467,1
TRIP003116,2025-10-15,PL05,Hyderabad Assembly Unit,Jaipur,Hyderabad - Jaipur,PD06,Electrical Cables,20.73,VH044,Container 32ft SXL,22,TR07,Om Sai Transport,2025-10-15 09:02,2025-10-15 12:51,2025-10-15 13:35,2025-10-15 13:56,2025-10-17,2025-10-16,On Time,0,Not Applicable,62070.52,1252,1
TRIP003465,2025-10-16,PL06,Indore Manufacturing Unit,Nagpur,Indore - Nagpur,PD01,Steel Coils,17.66,VH025,Container 32ft SXL,22,TR13,Punjab Truck Union,2025-10-16 09:41,2025-10-16 12:10,2025-10-16 12:57,2025-10-16 13:36,2025-10-17,2025-10-17,On Time,0,Not Applicable,14681.43,297,1
TRIP002086,2025-10-16,PL05,Hyderabad Assembly Unit,Bhopal,Hyderabad - Bhopal,PD08,Textile Rolls,9.63,VH050,Container 20ft,18,TR18,Deccan Transport Co.,2025-10-16 06:33,2025-10-16 08:44,2025-10-16 09:01,2025-10-16 09:27,2025-10-17,2025-10-17,On Time,0,Not Applicable,19040.59,749,1
TRIP009268,2025-10-16,PL05,Hyderabad Assembly Unit,Jaipur,Hyderabad - Jaipur,PD02,Steel Pipes,8.91,VH043,Open Truck 6 Tyre,9,TR11,Reliable Roadways,2025-10-16 06:34,2025-10-16 08:01,2025-10-16 08:33,2025-10-16 09:16,2025-10-17,2025-10-17,On Time,0,Not Applicable,29701.85,1308,1
TRIP000750,2025-10-17,PL05,Hyderabad Assembly Unit,Nagpur,Hyderabad - Nagpur,PD08,Textile Rolls,10.74,VH046,Open Truck 10 Tyre,16,TR02,Shree Balaji Logistics,2025-10-17 10:04,2025-10-17 12:15,2025-10-17 12:45,2025-10-17 13:17,2025-10-18,2025-10-18,On Time,0,Not Applicable,11125.71,448,1
TRIP010057,2025-10-17,PL05,Hyderabad Assembly Unit,Bhopal,Hyderabad - Bhopal,PD02,Steel Pipes,25.65,VH017,Container 32ft MXL,28,TR06,Ganesh Roadlines,2025-10-17 10:33,2025-10-17 12:41,2025-10-17 13:37,2025-10-17 14:08,2025-10-18,2025-10-18,On Time,0,Not Applicable,47711.96,810,1
TRIP011514,2025-10-17,PL05,Hyderabad Assembly Unit,Bhopal,Hyderabad - Bhopal,PD02,Steel Pipes,25.88,VH015,Container 32ft MXL,28,TR08,Kaveri Cargo Movers,2025-10-17 08:38,2025-10-17 11:32,2025-10-17 12:00,2025-10-17 12:16,2025-10-18,2025-10-19,Delayed,1,Vehicle Breakdown,48221.67,763,0
TRIP008899,2025-10-17,PL01,Pune Manufacturing Unit,Bhopal,Pune - Bhopal,PD01,Steel Coils,8.66,VH060,Open Truck 6 Tyre,9,TR15,Apex Logistics India,2025-10-17 07:47,2025-10-17 09:25,2025-10-17 10:17,2025-10-17 10:59,2025-10-18,2025-10-18,On Time,0,Not Applicable,15258.11,637,1
TRIP000901,2025-10-18,PL04,Vadodara Processing Plant,Bhopal,Vadodara - Bhopal,PD08,Textile Rolls,24.73,VH013,Container 32ft MXL,28,TR08,Kaveri Cargo Movers,2025-10-18 10:35,2025-10-18 14:02,2025-10-18 14:29,2025-10-18 14:40,2025-10-19,2025-10-19,On Time,0,Not Applicable,35232.52,604,1
TRIP005071,2025-10-19,PL05,Hyderabad Assembly Unit,Patna,Hyderabad - Patna,PD04,PVC Granules,16.09,VH024,Container 20ft,18,TR14,Coastal Cargo Carriers,2025-10-19 08:11,2025-10-19 09:45,2025-10-19 10:00,2025-10-19 10:38,2025-10-21,2025-10-20,On Time,0,Not Applicable,57261.32,1487,1
TRIP005581,2025-10-19,PL05,Hyderabad Assembly Unit,Guwahati,Hyderabad - Guwahati,PD03,Cement Bags,27.34,VH011,Container 32ft MXL,28,TR18,Deccan Transport Co.,2025-10-19 07:51,2025-10-19 10:32,2025-10-19 11:09,2025-10-19 11:22,2025-10-21,2025-10-21,On Time,0,Not Applicable,137287.38,2013,1
TRIP003693,2025-10-20,PL01,Pune Manufacturing Unit,Bhopal,Pune - Bhopal,PD06,Electrical Cables,31.42,VH056,Trailer 40ft,35,TR05,Speedway Logistics Pvt Ltd,2025-10-20 06:24,2025-10-20 08:37,2025-10-20 09:15,2025-10-20 09:31,2025-10-21,2025-10-21,On Time,0,Not Applicable,54309.77,656,1
TRIP011591,2025-10-20,PL04,Vadodara Processing Plant,Nagpur,Vadodara - Nagpur,PD07,Packaged Tiles,7.81,VH060,Open Truck 6 Tyre,9,TR15,Apex Logistics India,2025-10-20 07:21,2025-10-20 09:27,2025-10-20 10:11,2025-10-20 10:49,2025-10-21,2025-10-21,On Time,0,Not Applicable,17252.76,817,1
TRIP003466,2025-10-20,PL03,Ludhiana Fabrication Unit,Bhopal,Ludhiana - Bhopal,PD03,Cement Bags,15.9,VH007,Open Truck 10 Tyre,16,TR03,Vishal Transport Co.,2025-10-20 07:14,2025-10-20 09:15,2025-10-20 10:14,2025-10-20 10:44,2025-10-21,2025-10-21,On Time,0,Not Applicable,39003.39,986,1
TRIP001409,2025-10-21,PL05,Hyderabad Assembly Unit,Mumbai,Hyderabad - Mumbai,PD03,Cement Bags,24.98,VH045,Container 32ft MXL,28,TR18,Deccan Transport Co.,2025-10-21 09:51,2025-10-21 10:51,2025-10-21 11:42,2025-10-21 12:16,2025-10-22,2025-10-22,On Time,0,Not Applicable,50285.87,738,1
TRIP007172,2025-10-21,PL05,Hyderabad Assembly Unit,Mumbai,Hyderabad - Mumbai,PD08,Textile Rolls,23.47,VH020,Container 32ft MXL,28,TR01,Bharat Road Carriers,2025-10-21 06:28,2025-10-21 07:53,2025-10-21 08:12,2025-10-21 08:22,2025-10-22,2025-10-22,On Time,0,Not Applicable,34118.95,654,1
TRIP008367,2025-10-21,PL05,Hyderabad Assembly Unit,Nagpur,Hyderabad - Nagpur,PD07,Packaged Tiles,6.94,VH030,Open Truck 6 Tyre,9,TR10,Metro Freight Carriers,2025-10-21 10:42,2025-10-21 13:55,2025-10-21 14:18,2025-10-21 14:42,2025-10-22,2025-10-23,Delayed,1,Documentation Delay,8830.83,524,0
TRIP005181,2025-10-23,PL04,Vadodara Processing Plant,Guwahati,Vadodara - Guwahati,PD07,Packaged Tiles,8.82,VH043,Open Truck 6 Tyre,9,TR11,Reliable Roadways,2025-10-23 06:14,2025-10-23 08:11,2025-10-23 09:03,2025-10-23 09:30,2025-10-26,2025-10-26,On Time,0,Not Applicable,53832.01,2427,1
TRIP009781,2025-10-23,PL05,Hyderabad Assembly Unit,Guwahati,Hyderabad - Guwahati,PD03,Cement Bags,19.78,VH033,Container 32ft SXL,22,TR09,Sunrise Logistics Solutions,2025-10-23 08:33,2025-10-23 10:34,2025-10-23 11:17,2025-10-23 11:58,2025-10-26,2025-10-26,On Time,0,Not Applicable,84928.36,1972,1
TRIP001428,2025-10-24,PL02,Chennai Production Plant,Guwahati,Chennai - Guwahati,PD02,Steel Pipes,31.72,VH003,Trailer 40ft,35,TR17,United Freight Corporation,2025-10-24 08:01,2025-10-24 10:47,2025-10-24 11:10,2025-10-24 11:40,2025-10-27,2025-10-27,On Time,0,Not Applicable,214772.52,2924,1
TRIP008030,2025-10-25,PL01,Pune Manufacturing Unit,Guwahati,Pune - Guwahati,PD01,Steel Coils,7.31,VH028,Open Truck 6 Tyre,9,TR03,Vishal Transport Co.,2025-10-25 10:26,2025-10-25 13:18,2025-10-25 14:02,2025-10-25 14:38,2025-10-28,2025-10-27,On Time,0,Not Applicable,46662.92,2372,1
TRIP001670,2025-10-25,PL05,Hyderabad Assembly Unit,Nagpur,Hyderabad - Nagpur,PD04,PVC Granules,15.97,VH006,Open Truck 10 Tyre,16,TR12,Trident Transport Services,2025-10-25 10:35,2025-10-25 11:30,2025-10-25 12:17,2025-10-25 12:58,2025-10-26,2025-10-26,On Time,0,Not Applicable,19209.02,496,1
TRIP007423,2025-10-26,PL06,Indore Manufacturing Unit,Nagpur,Indore - Nagpur,PD07,Packaged Tiles,16.0,VH053,Open Truck 10 Tyre,16,TR09,Sunrise Logistics Solutions,2025-10-26 09:57,2025-10-26 12:31,2025-10-26 13:14,2025-10-26 13:48,2025-10-27,2025-10-26,On Time,0,Not Applicable,10383.1,284,1
TRIP009902,2025-10-26,PL05,Hyderabad Assembly Unit,Patna,Hyderabad - Patna,PD07,Packaged Tiles,14.08,VH006,Open Truck 10 Tyre,16,TR12,Trident Transport Services,2025-10-26 09:03,2025-10-26 11:41,2025-10-26 12:18,2025-10-26 12:46,2025-10-28,2025-10-28,On Time,0,Not Applicable,49441.92,1532,1
TRIP003223,2025-10-27,PL01,Pune Manufacturing Unit,Mumbai,Pune - Mumbai,PD07,Packaged Tiles,19.85,VH009,Container 32ft SXL,22,TR10,Metro Freight Carriers,2025-10-27 08:02,2025-10-27 10:22,2025-10-27 10:48,2025-10-27 11:18,2025-10-28,2025-10-27,On Time,0,Not Applicable,6139.53,130,1
TRIP000386,2025-10-27,PL01,Pune Manufacturing Unit,Bhopal,Pune - Bhopal,PD01,Steel Coils,17.05,VH019,Container 20ft,18,TR07,Om Sai Transport,2025-10-27 09:49,2025-10-27 12:02,2025-10-27 12:28,2025-10-27 12:39,2025-10-28,2025-10-28,On Time,0,Not Applicable,24832.14,629,1
TRIP000331,2025-10-28,PL01,Pune Manufacturing Unit,Bhopal,Pune - Bhopal,PD07,Packaged Tiles,8.66,VH014,Open Truck 6 Tyre,9,TR08,Kaveri Cargo Movers,2025-10-28 07:34,2025-10-28 09:25,2025-10-28 10:02,2025-10-28 10:24,2025-10-29,2025-10-29,On Time,0,Not Applicable,15124.54,722,1
TRIP007846,2025-10-28,PL05,Hyderabad Assembly Unit,Guwahati,Hyderabad - Guwahati,PD05,Auto Components,12.57,VH058,Open Truck 10 Tyre,16,TR18,Deccan Transport Co.,2025-10-28 09:29,2025-10-28 10:49,2025-10-28 11:20,2025-10-28 11:35,2025-10-30,2025-10-30,On Time,0,Not Applicable,71206.16,2045,1
TRIP004868,2025-10-28,PL05,Hyderabad Assembly Unit,Ahmedabad,Hyderabad - Ahmedabad,PD07,Packaged Tiles,9.44,VH050,Container 20ft,18,TR18,Deccan Transport Co.,2025-10-28 06:11,2025-10-28 08:05,2025-10-28 08:37,2025-10-28 08:48,2025-10-29,2025-10-29,On Time,0,Not Applicable,30624.22,1179,1
TRIP001767,2025-10-29,PL05,Hyderabad Assembly Unit,Jaipur,Hyderabad - Jaipur,PD07,Packaged Tiles,25.44,VH011,Container 32ft MXL,28,TR18,Deccan Transport Co.,2025-10-29 07:11,2025-10-29 09:51,2025-10-29 10:48,2025-10-29 11:29,2025-10-31,2025-10-30,On Time,0,Not Applicable,81264.4,1293,1
TRIP001419,2025-10-29,PL05,Hyderabad Assembly Unit,Bhopal,Hyderabad - Bhopal,PD01,Steel Coils,26.42,VH008,Container 32ft MXL,28,TR11,Reliable Roadways,2025-10-29 06:24,2025-10-29 09:29,2025-10-29 10:07,2025-10-29 10:28,2025-10-30,2025-10-30,On Time,0,Not Applicable,48105.56,734,1
TRIP010069,2025-10-30,PL05,Hyderabad Assembly Unit,Bhopal,Hyderabad - Bhopal,PD06,Electrical Cables,25.24,VH045,Container 32ft MXL,28,TR18,Deccan Transport Co.,2025-10-30 06:36,2025-10-30 09:26,2025-10-30 09:55,2025-10-30 10:06,2025-10-31,2025-11-01,Delayed,1,Documentation Delay,51508.98,743,0
TRIP003315,2025-10-30,PL05,Hyderabad Assembly Unit,Mumbai,Hyderabad - Mumbai,PD04,PVC Granules,9.84,VH050,Container 20ft,18,TR18,Deccan Transport Co.,2025-10-30 06:08,2025-10-30 09:15,2025-10-30 10:08,2025-10-30 10:19,2025-10-31,2025-10-31,On Time,0,Not Applicable,18254.58,670,1
TRIP002460,2025-10-30,PL01,Pune Manufacturing Unit,Bhopal,Pune - Bhopal,PD03,Cement Bags,27.74,VH022,Container 32ft MXL,28,TR02,Shree Balaji Logistics,2025-10-30 08:33,2025-10-30 10:13,2025-10-30 10:30,2025-10-30 10:47,2025-10-31,2025-10-31,On Time,0,Not Applicable,42887.31,704,1
TRIP007811,2025-10-30,PL01,Pune Manufacturing Unit,Mumbai,Pune - Mumbai,PD05,Auto Components,24.33,VH013,Container 32ft MXL,28,TR08,Kaveri Cargo Movers,2025-10-30 06:03,2025-10-30 07:59,2025-10-30 08:44,2025-10-30 09:05,2025-10-30,2025-10-30,On Time,0,Not Applicable,9350.52,153,1
TRIP010332,2025-10-30,PL06,Indore Manufacturing Unit,Nagpur,Indore - Nagpur,PD06,Electrical Cables,28.0,VH032,Container 32ft MXL,28,TR03,Vishal Transport Co.,2025-10-30 09:47,2025-10-30 11:01,2025-10-30 11:55,2025-10-30 12:22,2025-10-31,2025-10-30,On Time,0,Not Applicable,19754.23,274,1
TRIP011869,2025-10-31,PL05,Hyderabad Assembly Unit,Bhopal,Hyderabad - Bhopal,PD05,Auto Components,17.16,VH023,Container 32ft SXL,22,TR14,Coastal Cargo Carriers,2025-10-31 09:27,2025-10-31 11:26,2025-10-31 11:47,2025-10-31 12:30,2025-11-01,2025-11-01,On Time,0,Not Applicable,31314.72,781,1
TRIP006190,2025-10-31,PL02,Chennai Production Plant,Bhopal,Chennai - Bhopal,PD06,Electrical Cables,19.7,VH016,Container 32ft MXL,28,TR15,Apex Logistics India,2025-10-31 08:14,2025-10-31 11:10,2025-10-31 11:42,2025-10-31 11:57,2025-11-02,2025-11-02,On Time,0,Not Applicable,78037.71,1573,1
TRIP002349,2025-10-31,PL02,Chennai Production Plant,Jaipur,Chennai - Jaipur,PD05,Auto Components,18.53,VH044,Container 32ft SXL,22,TR07,Om Sai Transport,2025-10-31 10:15,2025-10-31 13:04,2025-10-31 13:54,2025-10-31 14:10,2025-11-02,2025-11-02,On Time,0,Not Applicable,86033.22,1974,1
TRIP008547,2025-11-01,PL01,Pune Manufacturing Unit,Bhopal,Pune - Bhopal,PD02,Steel Pipes,32.32,VH056,Trailer 40ft,35,TR05,Speedway Logistics Pvt Ltd,2025-11-01 10:23,2025-11-01 12:47,2025-11-01 13:30,2025-11-01 13:57,2025-11-02,2025-11-02,On Time,0,Not Applicable,57250.7,657,1
TRIP010987,2025-11-01,PL01,Pune Manufacturing Unit,Nagpur,Pune - Nagpur,PD06,Electrical Cables,35.0,VH055,Trailer 40ft,35,TR09,Sunrise Logistics Solutions,2025-11-01 08:46,2025-11-01 10:48,2025-11-01 11:20,2025-11-01 11:32,2025-11-02,2025-11-02,On Time,0,Not Applicable,39892.48,491,1
TRIP001794,2025-11-02,PL05,Hyderabad Assembly Unit,Bhopal,Hyderabad - Bhopal,PD02,Steel Pipes,25.08,VH022,Container 32ft MXL,28,TR02,Shree Balaji Logistics,2025-11-02 10:27,2025-11-02 10:59,2025-11-02 11:21,2025-11-02 11:45,2025-11-03,2025-11-03,On Time,0,Not Applicable,40119.68,692,1
TRIP005901,2025-11-02,PL04,Vadodara Processing Plant,Bhopal,Vadodara - Bhopal,PD05,Auto Components,27.69,VH015,Container 32ft MXL,28,TR08,Kaveri Cargo Movers,2025-11-02 10:41,2025-11-02 12:26,2025-11-02 13:15,2025-11-02 13:52,2025-11-03,2025-11-03,On Time,0,Not Applicable,40331.9,587,1
TRIP003036,2025-11-02,PL05,Hyderabad Assembly Unit,Nagpur,Hyderabad - Nagpur,PD03,Cement Bags,5.49,VH030,Open Truck 6 Tyre,9,TR10,Metro Freight Carriers,2025-11-02 10:54,2025-11-02 11:26,2025-11-02 11:56,2025-11-02 12:20,2025-11-03,2025-11-02,On Time,0,Not Applicable,7441.62,519,1
TRIP004768,2025-11-02,PL05,Hyderabad Assembly Unit,Bhopal,Hyderabad - Bhopal,PD05,Auto Components,7.91,VH010,Open Truck 6 Tyre,9,TR15,Apex Logistics India,2025-11-02 06:12,2025-11-02 07:35,2025-11-02 08:20,2025-11-02 08:49,2025-11-03,2025-11-02,On Time,0,Not Applicable,15808.48,725,1
TRIP004499,2025-11-03,PL05,Hyderabad Assembly Unit,Jaipur,Hyderabad - Jaipur,PD05,Auto Components,18.9,VH033,Container 32ft SXL,22,TR09,Sunrise Logistics Solutions,2025-11-03 08:07,2025-11-03 11:21,2025-11-03 12:06,2025-11-03 12:18,2025-11-05,2025-11-07,Delayed,2,Driver Unavailability,60083.38,1385,0
TRIP002733,2025-11-04,PL05,Hyderabad Assembly Unit,Mumbai,Hyderabad - Mumbai,PD04,PVC Granules,30.04,VH005,Trailer 40ft,35,TR08,Kaveri Cargo Movers,2025-11-04 06:52,2025-11-04 09:46,2025-11-04 10:07,2025-11-04 10:43,2025-11-05,2025-11-05,On Time,0,Not Applicable,52680.72,720,1
TRIP006735,2025-11-04,PL04,Vadodara Processing Plant,Nagpur,Vadodara - Nagpur,PD03,Cement Bags,17.06,VH004,Container 20ft,18,TR06,Ganesh Roadlines,2025-11-04 09:32,2025-11-04 11:05,2025-11-04 11:25,2025-11-04 11:50,2025-11-05,2025-11-05,On Time,0,Not Applicable,29257.29,753,1
TRIP000519,2025-11-04,PL01,Pune Manufacturing Unit,Mumbai,Pune - Mumbai,PD08,Textile Rolls,17.16,VH019,Container 20ft,18,TR07,Om Sai Transport,2025-11-04 08:41,2025-11-04 10:40,2025-11-04 11:26,2025-11-04 12:10,2025-11-04,2025-11-05,Delayed,1,Traffic Congestion,6675.63,140,0
TRIP003548,2025-11-04,PL05,Hyderabad Assembly Unit,Guwahati,Hyderabad - Guwahati,PD08,Textile Rolls,6.14,VH057,Open Truck 6 Tyre,9,TR14,Coastal Cargo Carriers,2025-11-04 09:39,2025-11-04 11:32,2025-11-04 12:03,2025-11-04 12:14,2025-11-06,2025-11-06,On Time,0,Not Applicable,28829.82,1999,1
TRIP003708,2025-11-04,PL02,Chennai Production Plant,Bhopal,Chennai - Bhopal,PD05,Auto Components,12.05,VH058,Open Truck 10 Tyre,16,TR18,Deccan Transport Co.,2025-11-04 09:47,2025-11-04 10:49,2025-11-04 11:09,2025-11-04 11:33,2025-11-06,2025-11-05,On Time,0,Not Applicable,48628.75,1589,1
TRIP001435,2025-11-04,PL04,Vadodara Processing Plant,Guwahati,Vadodara - Guwahati,PD03,Cement Bags,30.24,VH051,Trailer 40ft,35,TR07,Om Sai Transport,2025-11-04 08:05,2025-11-04 09:52,2025-11-04 10:20,2025-11-04 10:48,2025-11-07,2025-11-07,On Time,0,Not Applicable,173407.59,2323,1
TRIP000813,2025-11-05,PL05,Hyderabad Assembly Unit,Patna,Hyderabad - Patna,PD02,Steel Pipes,28.0,VH032,Container 32ft MXL,28,TR03,Vishal Transport Co.,2025-11-05 06:42,2025-11-05 07:49,2025-11-05 08:09,2025-11-05 08:53,2025-11-07,2025-11-07,On Time,0,Not Applicable,122494.35,1688,1
TRIP011506,2025-11-05,PL01,Pune Manufacturing Unit,Nagpur,Pune - Nagpur,PD06,Electrical Cables,26.32,VH017,Container 32ft MXL,28,TR06,Ganesh Roadlines,2025-11-05 08:43,2025-11-05 10:51,2025-11-05 11:28,2025-11-05 11:48,2025-11-06,2025-11-05,On Time,0,Not Applicable,28411.86,464,1
TRIP002184,2025-11-05,PL05,Hyderabad Assembly Unit,Nagpur,Hyderabad - Nagpur,PD07,Packaged Tiles,8.44,VH012,Open Truck 10 Tyre,16,TR12,Trident Transport Services,2025-11-05 07:01,2025-11-05 09:24,2025-11-05 10:16,2025-11-05 10:55,2025-11-06,2025-11-06,On Time,0,Not Applicable,10233.27,487,1
TRIP000425,2025-11-06,PL06,Indore Manufacturing Unit,Jaipur,Indore - Jaipur,PD02,Steel Pipes,21.56,VH040,Container 32ft SXL,22,TR06,Ganesh Roadlines,2025-11-06 06:00,2025-11-06 08:01,2025-11-06 08:27,2025-11-06 08:53,2025-11-07,2025-11-06,On Time,0,Not Applicable,25231.45,504,1
TRIP003614,2025-11-06,PL04,Vadodara Processing Plant,Bhopal,Vadodara - Bhopal,PD01,Steel Coils,21.18,VH044,Container 32ft SXL,22,TR07,Om Sai Transport,2025-11-06 09:15,2025-11-06 12:32,2025-11-06 13:15,2025-11-06 13:42,2025-11-07,2025-11-07,On Time,0,Not Applicable,30032.85,568,1
TRIP003044,2025-11-06,PL04,Vadodara Processing Plant,Nagpur,Vadodara - Nagpur,PD08,Textile Rolls,18.0,VH049,Container 20ft,18,TR07,Om Sai Transport,2025-11-06 08:08,2025-11-06 10:46,2025-11-06 11:06,2025-11-06 11:20,2025-11-07,2025-11-07,On Time,0,Not Applicable,38467.46,881,1
TRIP008580,2025-11-06,PL06,Indore Manufacturing Unit,Nagpur,Indore - Nagpur,PD05,Auto Components,19.06,VH041,Container 32ft SXL,22,TR13,Punjab Truck Union,2025-11-06 09:47,2025-11-06 12:52,2025-11-06 13:50,2025-11-06 14:26,2025-11-07,2025-11-06,On Time,0,Not Applicable,15305.7,297,1
TRIP006840,2025-11-06,PL02,Chennai Production Plant,Bhopal,Chennai - Bhopal,PD06,Electrical Cables,13.57,VH024,Container 20ft,18,TR14,Coastal Cargo Carriers,2025-11-06 10:21,2025-11-06 13:48,2025-11-06 14:10,2025-11-06 14:29,2025-11-08,2025-11-08,On Time,0,Not Applicable,55367.19,1669,1
TRIP002847,2025-11-07,PL05,Hyderabad Assembly Unit,Guwahati,Hyderabad - Guwahati,PD01,Steel Coils,6.04,VH030,Open Truck 6 Tyre,9,TR10,Metro Freight Carriers,2025-11-07 10:28,2025-11-07 12:38,2025-11-07 13:22,2025-11-07 13:55,2025-11-09,2025-11-09,On Time,0,Not Applicable,28077.45,2150,1
TRIP003672,2025-11-07,PL02,Chennai Production Plant,Bhopal,Chennai - Bhopal,PD08,Textile Rolls,17.54,VH044,Container 32ft SXL,22,TR07,Om Sai Transport,2025-11-07 06:32,2025-11-07 08:13,2025-11-07 09:00,2025-11-07 09:26,2025-11-09,2025-11-09,On Time,0,Not Applicable,69172.55,1637,1
TRIP010624,2025-11-07,PL05,Hyderabad Assembly Unit,Kolkata,Hyderabad - Kolkata,PD08,Textile Rolls,15.59,VH054,Container 20ft,18,TR13,Punjab Truck Union,2025-11-07 07:04,2025-11-07 09:15,2025-11-07 09:44,2025-11-07 10:07,2025-11-09,2025-11-09,On Time,0,Not Applicable,65946.56,1600,1
TRIP003998,2025-11-08,PL05,Hyderabad Assembly Unit,Nagpur,Hyderabad - Nagpur,PD08,Textile Rolls,24.8,VH013,Container 32ft MXL,28,TR08,Kaveri Cargo Movers,2025-11-08 07:10,2025-11-08 09:43,2025-11-08 10:20,2025-11-08 10:34,2025-11-09,2025-11-10,Delayed,1,Vehicle Breakdown,27712.29,484,0
TRIP004254,2025-11-08,PL05,Hyderabad Assembly Unit,Jaipur,Hyderabad - Jaipur,PD04,PVC Granules,26.26,VH011,Container 32ft MXL,28,TR18,Deccan Transport Co.,2025-11-08 10:36,2025-11-08 11:36,2025-11-08 12:00,2025-11-08 12:32,2025-11-10,2025-11-09,On Time,0,Not Applicable,95898.14,1450,1
TRIP006119,2025-11-09,PL05,Hyderabad Assembly Unit,Nagpur,Hyderabad - Nagpur,PD01,Steel Coils,8.77,VH037,Open Truck 6 Tyre,9,TR03,Vishal Transport Co.,2025-11-09 09:50,2025-11-09 11:25,2025-11-09 11:58,2025-11-09 12:35,2025-11-10,2025-11-09,On Time,0,Not Applicable,11031.27,464,1
TRIP009080,2025-11-09,PL05,Hyderabad Assembly Unit,Bhopal,Hyderabad - Bhopal,PD01,Steel Coils,28.0,VH017,Container 32ft MXL,28,TR06,Ganesh Roadlines,2025-11-09 07:53,2025-11-09 09:36,2025-11-09 09:51,2025-11-09 10:07,2025-11-10,2025-11-10,On Time,0,Not Applicable,50683.77,785,1
TRIP006912,2025-11-09,PL05,Hyderabad Assembly Unit,Bhopal,Hyderabad - Bhopal,PD06,Electrical Cables,25.48,VH032,Container 32ft MXL,28,TR03,Vishal Transport Co.,2025-11-09 06:13,2025-11-09 09:00,2025-11-09 09:15,2025-11-09 09:32,2025-11-10,2025-11-10,On Time,0,Not Applicable,50857.62,762,1
TRIP000812,2025-11-09,PL05,Hyderabad Assembly Unit,Patna,Hyderabad - Patna,PD06,Electrical Cables,10.91,VH046,Open Truck 10 Tyre,16,TR02,Shree Balaji Logistics,2025-11-09 06:09,2025-11-09 08:27,2025-11-09 09:08,2025-11-09 09:19,2025-11-11,2025-11-10,On Time,0,Not Applicable,38363.84,1569,1
TRIP003155,2025-11-10,PL01,Pune Manufacturing Unit,Mumbai,Pune - Mumbai,PD02,Steel Pipes,16.82,VH047,Container 32ft SXL,22,TR07,Om Sai Transport,2025-11-10 07:26,2025-11-10 10:13,2025-11-10 10:41,2025-11-10 11:19,2025-11-11,2025-11-10,On Time,0,Not Applicable,6792.16,166,1
TRIP002253,2025-11-10,PL02,Chennai Production Plant,Bhopal,Chennai - Bhopal,PD08,Textile Rolls,20.73,VH041,Container 32ft SXL,22,TR13,Punjab Truck Union,2025-11-10 07:46,2025-11-10 10:23,2025-11-10 11:08,2025-11-10 11:24,2025-11-12,2025-11-12,On Time,0,Not Applicable,90390.3,1772,1
TRIP005035,2025-11-10,PL04,Vadodara Processing Plant,Bhopal,Vadodara - Bhopal,PD04,PVC Granules,6.2,VH057,Open Truck 6 Tyre,9,TR14,Coastal Cargo Carriers,2025-11-10 06:23,2025-11-10 09:13,2025-11-10 09:32,2025-11-10 09:51,2025-11-11,2025-11-11,On Time,0,Not Applicable,9533.83,576,1
TRIP009567,2025-11-10,PL05,Hyderabad Assembly Unit,Guwahati,Hyderabad - Guwahati,PD02,Steel Pipes,25.85,VH011,Container 32ft MXL,28,TR18,Deccan Transport Co.,2025-11-10 08:06,2025-11-10 11:52,2025-11-10 12:41,2025-11-10 12:54,2025-11-13,2025-11-14,Delayed,1,Traffic Congestion,152710.45,2180,0
TRIP005235,2025-11-10,PL05,Hyderabad Assembly Unit,Mumbai,Hyderabad - Mumbai,PD02,Steel Pipes,26.71,VH020,Container 32ft MXL,28,TR01,Bharat Road Carriers,2025-11-10 10:01,2025-11-10 12:35,2025-11-10 13:34,2025-11-10 14:03,2025-11-11,2025-11-11,On Time,0,Not Applicable,37202.55,651,1
TRIP003099,2025-11-10,PL06,Indore Manufacturing Unit,Bhopal,Indore - Bhopal,PD04,PVC Granules,11.51,VH036,Container 32ft SXL,22,TR09,Sunrise Logistics Solutions,2025-11-10 07:39,2025-11-10 10:04,2025-11-10 10:51,2025-11-10 11:07,2025-11-10,2025-11-10,On Time,0,Not Applicable,1306.17,20,1
TRIP000040,2025-11-10,PL05,Hyderabad Assembly Unit,Kolkata,Hyderabad - Kolkata,PD06,Electrical Cables,15.7,VH058,Open Truck 10 Tyre,16,TR18,Deccan Transport Co.,2025-11-10 10:54,2025-11-10 12:17,2025-11-10 12:47,2025-11-10 13:13,2025-11-12,2025-11-12,On Time,0,Not Applicable,60703.46,1463,1
TRIP002088,2025-11-11,PL05,Hyderabad Assembly Unit,Bhopal,Hyderabad - Bhopal,PD02,Steel Pipes,9.0,VH043,Open Truck 6 Tyre,9,TR11,Reliable Roadways,2025-11-11 06:59,2025-11-11 08:58,2025-11-11 09:22,2025-11-11 09:33,2025-11-12,2025-11-12,On Time,0,Not Applicable,17212.18,821,1
TRIP005578,2025-11-11,PL02,Chennai Production Plant,Bhopal,Chennai - Bhopal,PD07,Packaged Tiles,24.01,VH002,Container 32ft MXL,28,TR06,Ganesh Roadlines,2025-11-11 08:41,2025-11-11 10:26,2025-11-11 11:02,2025-11-11 11:37,2025-11-13,2025-11-13,On Time,0,Not Applicable,102950.48,1747,1
TRIP010865,2025-11-12,PL05,Hyderabad Assembly Unit,Bhopal,Hyderabad - Bhopal,PD08,Textile Rolls,18.94,VH016,Container 32ft MXL,28,TR15,Apex Logistics India,2025-11-12 07:37,2025-11-12 08:25,2025-11-12 09:15,2025-11-12 09:43,2025-11-13,2025-11-13,On Time,0,Not Applicable,36961.04,756,1
TRIP010671,2025-11-12,PL05,Hyderabad Assembly Unit,Guwahati,Hyderabad - Guwahati,PD08,Textile Rolls,16.0,VH006,Open Truck 10 Tyre,16,TR12,Trident Transport Services,2025-11-12 09:01,2025-11-12 10:43,2025-11-12 11:34,2025-11-12 11:49,2025-11-14,2025-11-14,On Time,0,Not Applicable,78410.07,2169,1
TRIP011106,2025-11-12,PL05,Hyderabad Assembly Unit,Mumbai,Hyderabad - Mumbai,PD07,Packaged Tiles,7.2,VH010,Open Truck 6 Tyre,9,TR15,Apex Logistics India,2025-11-12 07:25,2025-11-12 09:22,2025-11-12 09:56,2025-11-12 10:15,2025-11-13,2025-11-13,On Time,0,Not Applicable,14660.23,703,1
TRIP003992,2025-11-13,PL01,Pune Manufacturing Unit,Bhopal,Pune - Bhopal,PD08,Textile Rolls,30.24,VH035,Trailer 40ft,35,TR09,Sunrise Logistics Solutions,2025-11-13 06:41,2025-11-13 08:10,2025-11-13 08:25,2025-11-13 08:44,2025-11-14,2025-11-14,On Time,0,Not Applicable,44453.96,689,1
TRIP000971,2025-11-13,PL05,Hyderabad Assembly Unit,Bhopal,Hyderabad - Bhopal,PD03,Cement Bags,20.94,VH039,Container 32ft SXL,22,TR05,Speedway Logistics Pvt Ltd,2025-11-13 10:14,2025-11-13 12:39,2025-11-13 13:08,2025-11-13 13:36,2025-11-14,2025-11-14,On Time,0,Not Applicable,44164.1,776,1
TRIP001179,2025-11-13,PL04,Vadodara Processing Plant,Patna,Vadodara - Patna,PD05,Auto Components,8.27,VH028,Open Truck 6 Tyre,9,TR03,Vishal Transport Co.,2025-11-13 09:24,2025-11-13 11:16,2025-11-13 12:06,2025-11-13 12:46,2025-11-15,2025-11-15,On Time,0,Not Applicable,37854.08,1742,1
TRIP009907,2025-11-14,PL05,Hyderabad Assembly Unit,Nagpur,Hyderabad - Nagpur,PD04,PVC Granules,29.49,VH056,Trailer 40ft,35,TR05,Speedway Logistics Pvt Ltd,2025-11-14 07:46,2025-11-14 09:24,2025-11-14 10:12,2025-11-14 10:22,2025-11-15,2025-11-15,On Time,0,Not Applicable,36657.76,481,1
TRIP003083,2025-11-14,PL01,Pune Manufacturing Unit,Bhopal,Pune - Bhopal,PD03,Cement Bags,15.72,VH054,Container 20ft,18,TR13,Punjab Truck Union,2025-11-14 08:25,2025-11-14 10:54,2025-11-14 11:35,2025-11-14 12:18,2025-11-15,2025-11-15,On Time,0,Not Applicable,26165.86,653,1
TRIP001979,2025-11-14,PL02,Chennai Production Plant,Patna,Chennai - Patna,PD07,Packaged Tiles,13.85,VH024,Container 20ft,18,TR14,Coastal Cargo Carriers,2025-11-14 06:00,2025-11-14 07:04,2025-11-14 07:32,2025-11-14 08:10,2025-11-16,2025-11-16,On Time,0,Not Applicable,81367.72,2385,1
TRIP011794,2025-11-15,PL01,Pune Manufacturing Unit,Jaipur,Pune - Jaipur,PD02,Steel Pipes,23.65,VH002,Container 32ft MXL,28,TR06,Ganesh Roadlines,2025-11-15 09:00,2025-11-15 12:15,2025-11-15 12:35,2025-11-15 13:11,2025-11-17,2025-11-16,On Time,0,Not Applicable,67495.27,1180,1
TRIP000593,2025-11-15,PL04,Vadodara Processing Plant,Guwahati,Vadodara - Guwahati,PD08,Textile Rolls,17.67,VH019,Container 20ft,18,TR07,Om Sai Transport,2025-11-15 09:29,2025-11-15 12:14,2025-11-15 13:00,2025-11-15 13:41,2025-11-18,2025-11-18,On Time,0,Not Applicable,105876.65,2417,1
TRIP010787,2025-11-15,PL05,Hyderabad Assembly Unit,Coimbatore,Hyderabad - Coimbatore,PD07,Packaged Tiles,17.27,VH023,Container 32ft SXL,22,TR14,Coastal Cargo Carriers,2025-11-15 10:16,2025-11-15 12:30,2025-11-15 12:59,2025-11-15 13:22,2025-11-16,2025-11-16,On Time,0,Not Applicable,28451.24,709,1
TRIP003778,2025-11-16,PL05,Hyderabad Assembly Unit,Jaipur,Hyderabad - Jaipur,PD07,Packaged Tiles,25.97,VH038,Container 32ft MXL,28,TR07,Om Sai Transport,2025-11-16 09:08,2025-11-16 11:11,2025-11-16 12:10,2025-11-16 12:50,2025-11-18,2025-11-17,On Time,0,Not Applicable,79559.85,1359,1
TRIP007239,2025-11-16,PL01,Pune Manufacturing Unit,Bhopal,Pune - Bhopal,PD02,Steel Pipes,22.02,VH002,Container 32ft MXL,28,TR06,Ganesh Roadlines,2025-11-16 10:17,2025-11-16 13:19,2025-11-16 13:47,2025-11-16 14:18,2025-11-17,2025-11-21,Delayed,4,Route Diversion,34843.74,696,0
TRIP004709,2025-11-16,PL04,Vadodara Processing Plant,Bhopal,Vadodara - Bhopal,PD01,Steel Coils,8.64,VH037,Open Truck 6 Tyre,9,TR03,Vishal Transport Co.,2025-11-16 10:28,2025-11-16 12:24,2025-11-16 13:17,2025-11-16 14:01,2025-11-17,2025-11-17,On Time,0,Not Applicable,13992.09,598,1
TRIP004880,2025-11-17,PL01,Pune Manufacturing Unit,Nagpur,Pune - Nagpur,PD06,Electrical Cables,13.97,VH006,Open Truck 10 Tyre,16,TR12,Trident Transport Services,2025-11-17 09:11,2025-11-17 11:42,2025-11-17 12:41,2025-11-17 13:03,2025-11-18,2025-11-18,On Time,0,Not Applicable,16441.75,480,1
TRIP006456,2025-11-17,PL05,Hyderabad Assembly Unit,Nagpur,Hyderabad - Nagpur,PD01,Steel Coils,8.09,VH037,Open Truck 6 Tyre,9,TR03,Vishal Transport Co.,2025-11-17 10:49,2025-11-17 12:52,2025-11-17 13:40,2025-11-17 14:22,2025-11-18,2025-11-18,On Time,0,Not Applicable,10348.85,469,1
TRIP003018,2025-11-18,PL02,Chennai Production Plant,Bhopal,Chennai - Bhopal,PD03,Cement Bags,18.06,VH023,Container 32ft SXL,22,TR14,Coastal Cargo Carriers,2025-11-18 10:35,2025-11-18 12:47,2025-11-18 13:43,2025-11-18 14:12,2025-11-20,2025-11-19,On Time,0,Not Applicable,65138.29,1533,1
TRIP001624,2025-11-18,PL02,Chennai Production Plant,Bhopal,Chennai - Bhopal,PD04,PVC Granules,7.6,VH057,Open Truck 6 Tyre,9,TR14,Coastal Cargo Carriers,2025-11-18 07:07,2025-11-18 08:43,2025-11-18 09:09,2025-11-18 09:40,2025-11-20,2025-11-19,On Time,0,Not Applicable,31289.04,1723,1
TRIP003974,2025-11-18,PL05,Hyderabad Assembly Unit,Nagpur,Hyderabad - Nagpur,PD08,Textile Rolls,16.06,VH004,Container 20ft,18,TR06,Ganesh Roadlines,2025-11-18 10:38,2025-11-18 13:32,2025-11-18 14:30,2025-11-18 14:49,2025-11-19,2025-11-19,On Time,0,Not Applicable,19506.72,502,1
TRIP003132,2025-11-18,PL05,Hyderabad Assembly Unit,Bhopal,Hyderabad - Bhopal,PD08,Textile Rolls,8.14,VH060,Open Truck 6 Tyre,9,TR15,Apex Logistics India,2025-11-18 08:19,2025-11-18 11:16,2025-11-18 11:59,2025-11-18 12:20,2025-11-19,2025-11-19,On Time,0,Not Applicable,18288.11,811,1
TRIP005211,2025-11-18,PL01,Pune Manufacturing Unit,Mumbai,Pune - Mumbai,PD08,Textile Rolls,13.79,VH052,Open Truck 10 Tyre,16,TR17,United Freight Corporation,2025-11-18 10:58,2025-11-18 14:00,2025-11-18 14:23,2025-11-18 14:49,2025-11-18,2025-11-18,On Time,0,Not Applicable,4895.14,137,1
TRIP007683,2025-11-18,PL01,Pune Manufacturing Unit,Guwahati,Pune - Guwahati,PD03,Cement Bags,15.41,VH006,Open Truck 10 Tyre,16,TR12,Trident Transport Services,2025-11-18 08:44,2025-11-18 11:27,2025-11-18 12:16,2025-11-18 12:50,2025-11-21,2025-11-20,On Time,0,Not Applicable,93858.53,2563,1
TRIP010166,2025-11-19,PL05,Hyderabad Assembly Unit,Mumbai,Hyderabad - Mumbai,PD04,PVC Granules,7.46,VH010,Open Truck 6 Tyre,9,TR15,Apex Logistics India,2025-11-19 10:38,2025-11-19 13:41,2025-11-19 14:26,2025-11-19 14:51,2025-11-20,2025-11-20,On Time,0,Not Applicable,14768.18,741,1
TRIP004505,2025-11-19,PL05,Hyderabad Assembly Unit,Bhopal,Hyderabad - Bhopal,PD07,Packaged Tiles,15.32,VH024,Container 20ft,18,TR14,Coastal Cargo Carriers,2025-11-19 07:29,2025-11-19 08:53,2025-11-19 09:50,2025-11-19 10:28,2025-11-20,2025-11-21,Delayed,1,Weather Conditions,27978.02,728,0
TRIP002381,2025-11-20,PL02,Chennai Production Plant,Bhopal,Chennai - Bhopal,PD02,Steel Pipes,31.97,VH051,Trailer 40ft,35,TR07,Om Sai Transport,2025-11-20 06:07,2025-11-20 08:27,2025-11-20 08:52,2025-11-20 09:23,2025-11-23,2025-11-22,On Time,0,Not Applicable,128105.18,1694,1
TRIP007282,2025-11-20,PL05,Hyderabad Assembly Unit,Bhopal,Hyderabad - Bhopal,PD05,Auto Components,18.82,VH025,Container 32ft SXL,22,TR13,Punjab Truck Union,2025-11-20 09:20,2025-11-20 10:17,2025-11-20 11:16,2025-11-20 12:00,2025-11-21,2025-11-21,On Time,0,Not Applicable,32032.91,683,1
TRIP008217,2025-11-20,PL01,Pune Manufacturing Unit,Nagpur,Pune - Nagpur,PD06,Electrical Cables,25.83,VH015,Container 32ft MXL,28,TR08,Kaveri Cargo Movers,2025-11-20 07:27,2025-11-20 10:13,2025-11-20 10:29,2025-11-20 10:56,2025-11-21,2025-11-23,Delayed,2,Toll/Checkpoint Delay,27931.09,433,0
TRIP010689,2025-11-21,PL05,Hyderabad Assembly Unit,Patna,Hyderabad - Patna,PD02,Steel Pipes,26.66,VH015,Container 32ft MXL,28,TR08,Kaveri Cargo Movers,2025-11-21 06:43,2025-11-21 08:30,2025-11-21 09:13,2025-11-21 09:32,2025-11-23,2025-11-23,On Time,0,Not Applicable,109275.82,1631,1
TRIP002022,2025-11-21,PL01,Pune Manufacturing Unit,Guwahati,Pune - Guwahati,PD05,Auto Components,24.94,VH032,Container 32ft MXL,28,TR03,Vishal Transport Co.,2025-11-21 08:54,2025-11-21 11:28,2025-11-21 11:53,2025-11-21 12:24,2025-11-24,2025-11-24,On Time,0,Not Applicable,156913.85,2628,1
TRIP006467,2025-11-21,PL05,Hyderabad Assembly Unit,Mumbai,Hyderabad - Mumbai,PD04,PVC Granules,15.52,VH029,Open Truck 10 Tyre,16,TR17,United Freight Corporation,2025-11-21 07:52,2025-11-21 10:33,2025-11-21 11:20,2025-11-21 12:04,2025-11-22,2025-11-22,On Time,0,Not Applicable,26779.57,751,1
TRIP001369,2025-11-21,PL02,Chennai Production Plant,Nagpur,Chennai - Nagpur,PD06,Electrical Cables,16.59,VH023,Container 32ft SXL,22,TR14,Coastal Cargo Carriers,2025-11-21 09:35,2025-11-21 11:36,2025-11-21 12:00,2025-11-21 12:15,2025-11-23,2025-11-22,On Time,0,Not Applicable,48205.03,1211,1
TRIP003690,2025-11-21,PL02,Chennai Production Plant,Jaipur,Chennai - Jaipur,PD03,Cement Bags,17.0,VH044,Container 32ft SXL,22,TR07,Om Sai Transport,2025-11-21 07:25,2025-11-21 10:09,2025-11-21 10:57,2025-11-21 11:18,2025-11-24,2025-11-23,On Time,0,Not Applicable,77364.1,1999,1
TRIP007114,2025-11-22,PL02,Chennai Production Plant,Kolkata,Chennai - Kolkata,PD03,Cement Bags,16.9,VH018,Container 32ft SXL,22,TR04,National Freight Movers,2025-11-22 09:51,2025-11-22 12:44,2025-11-22 13:18,2025-11-22 13:55,2025-11-24,2025-11-24,On Time,0,Not Applicable,76410.77,1672,1
TRIP005386,2025-11-23,PL02,Chennai Production Plant,Nagpur,Chennai - Nagpur,PD07,Packaged Tiles,26.5,VH015,Container 32ft MXL,28,TR08,Kaveri Cargo Movers,2025-11-23 06:35,2025-11-23 10:11,2025-11-23 10:53,2025-11-23 11:20,2025-11-25,2025-11-24,On Time,0,Not Applicable,79378.68,1307,1
TRIP006619,2025-11-23,PL04,Vadodara Processing Plant,Bhopal,Vadodara - Bhopal,PD04,PVC Granules,27.1,VH015,Container 32ft MXL,28,TR08,Kaveri Cargo Movers,2025-11-23 07:49,2025-11-23 10:55,2025-11-23 11:33,2025-11-23 11:58,2025-11-24,2025-11-24,On Time,0,Not Applicable,37842.33,561,1
TRIP007808,2025-11-23,PL05,Hyderabad Assembly Unit,Guwahati,Hyderabad - Guwahati,PD03,Cement Bags,27.57,VH038,Container 32ft MXL,28,TR07,Om Sai Transport,2025-11-23 10:31,2025-11-23 12:19,2025-11-23 13:04,2025-11-23 13:32,2025-11-26,2025-11-26,On Time,0,Not Applicable,141730.43,2189,1
TRIP001671,2025-11-23,PL05,Hyderabad Assembly Unit,Jaipur,Hyderabad - Jaipur,PD04,PVC Granules,15.38,VH021,Open Truck 10 Tyre,16,TR02,Shree Balaji Logistics,2025-11-23 10:02,2025-11-23 12:25,2025-11-23 12:58,2025-11-23 13:23,2025-11-25,2025-11-25,On Time,0,Not Applicable,44273.89,1258,1
TRIP005212,2025-11-24,PL05,Hyderabad Assembly Unit,Guwahati,Hyderabad - Guwahati,PD07,Packaged Tiles,16.38,VH049,Container 20ft,18,TR07,Om Sai Transport,2025-11-24 10:50,2025-11-24 14:25,2025-11-24 14:51,2025-11-24 15:20,2025-11-27,2025-11-27,On Time,0,Not Applicable,84584.27,2205,1
TRIP008399,2025-11-24,PL05,Hyderabad Assembly Unit,Bhopal,Hyderabad - Bhopal,PD07,Packaged Tiles,8.7,VH014,Open Truck 6 Tyre,9,TR08,Kaveri Cargo Movers,2025-11-24 06:36,2025-11-24 10:06,2025-11-24 10:22,2025-11-24 10:59,2025-11-25,2025-11-27,Delayed,2,Documentation Delay,18272.04,832,0
TRIP005471,2025-11-25,PL01,Pune Manufacturing Unit,Mumbai,Pune - Mumbai,PD02,Steel Pipes,14.84,VH007,Open Truck 10 Tyre,16,TR03,Vishal Transport Co.,2025-11-25 09:26,2025-11-25 11:49,2025-11-25 12:19,2025-11-25 12:50,2025-11-25,2025-11-25,On Time,0,Not Applicable,6141.13,142,1
TRIP000725,2025-11-25,PL01,Pune Manufacturing Unit,Mumbai,Pune - Mumbai,PD06,Electrical Cables,21.39,VH047,Container 32ft SXL,22,TR07,Om Sai Transport,2025-11-25 06:37,2025-11-25 08:43,2025-11-25 09:34,2025-11-25 10:05,2025-11-25,2025-11-27,Delayed,2,Toll/Checkpoint Delay,7483.42,140,0
TRIP011691,2025-11-26,PL02,Chennai Production Plant,Bhopal,Chennai - Bhopal,PD01,Steel Coils,15.35,VH024,Container 20ft,18,TR14,Coastal Cargo Carriers,2025-11-26 07:14,2025-11-26 08:53,2025-11-26 09:35,2025-11-26 10:06,2025-11-28,2025-11-28,On Time,0,Not Applicable,65784.89,1710,1
TRIP011942,2025-11-26,PL02,Chennai Production Plant,Guwahati,Chennai - Guwahati,PD01,Steel Coils,8.66,VH048,Open Truck 6 Tyre,9,TR03,Vishal Transport Co.,2025-11-26 06:32,2025-11-26 08:09,2025-11-26 08:55,2025-11-26 09:08,2025-11-29,2025-11-28,On Time,0,Not Applicable,60171.46,2767,1
TRIP003470,2025-11-26,PL02,Chennai Production Plant,Delhi NCR,Chennai - Delhi NCR,PD04,PVC Granules,25.18,VH045,Container 32ft MXL,28,TR18,Deccan Transport Co.,2025-11-26 06:41,2025-11-26 08:18,2025-11-26 08:44,2025-11-26 09:16,2025-11-28,2025-11-28,On Time,0,Not Applicable,131807.99,2130,1
TRIP006576,2025-11-26,PL04,Vadodara Processing Plant,Mumbai,Vadodara - Mumbai,PD02,Steel Pipes,14.9,VH042,Container 32ft SXL,22,TR12,Trident Transport Services,2025-11-26 09:11,2025-11-26 11:53,2025-11-26 12:22,2025-11-26 12:43,2025-11-27,2025-11-27,On Time,0,Not Applicable,19548.96,548,1
TRIP007248,2025-11-26,PL05,Hyderabad Assembly Unit,Jaipur,Hyderabad - Jaipur,PD07,Packaged Tiles,15.36,VH006,Open Truck 10 Tyre,16,TR12,Trident Transport Services,2025-11-26 07:14,2025-11-26 08:29,2025-11-26 09:08,2025-11-26 09:28,2025-11-28,2025-11-27,On Time,0,Not Applicable,46806.86,1279,1
TRIP009710,2025-11-27,PL05,Hyderabad Assembly Unit,Bhopal,Hyderabad - Bhopal,PD03,Cement Bags,7.5,VH028,Open Truck 6 Tyre,9,TR03,Vishal Transport Co.,2025-11-27 09:06,2025-11-27 12:06,2025-11-27 12:29,2025-11-27 13:05,2025-11-28,2025-11-28,On Time,0,Not Applicable,14416.15,717,1
TRIP008076,2025-11-27,PL05,Hyderabad Assembly Unit,Bhopal,Hyderabad - Bhopal,PD02,Steel Pipes,30.85,VH003,Trailer 40ft,35,TR17,United Freight Corporation,2025-11-27 06:32,2025-11-27 07:28,2025-11-27 08:05,2025-11-27 08:32,2025-11-28,2025-11-28,On Time,0,Not Applicable,56926.42,805,1
TRIP007024,2025-11-28,PL06,Indore Manufacturing Unit,Guwahati,Indore - Guwahati,PD04,PVC Granules,19.24,VH025,Container 32ft SXL,22,TR13,Punjab Truck Union,2025-11-28 09:12,2025-11-28 11:21,2025-11-28 11:53,2025-11-28 12:28,2025-11-30,2025-11-30,On Time,0,Not Applicable,91806.87,1884,1
TRIP008644,2025-11-29,PL02,Chennai Production Plant,Kolkata,Chennai - Kolkata,PD07,Packaged Tiles,7.93,VH028,Open Truck 6 Tyre,9,TR03,Vishal Transport Co.,2025-11-29 10:44,2025-11-29 13:17,2025-11-29 13:48,2025-11-29 14:26,2025-12-01,2025-12-01,On Time,0,Not Applicable,32963.37,1585,1
TRIP000136,2025-11-29,PL05,Hyderabad Assembly Unit,Nagpur,Hyderabad - Nagpur,PD08,Textile Rolls,13.63,VH036,Container 32ft SXL,22,TR09,Sunrise Logistics Solutions,2025-11-29 10:47,2025-11-29 13:24,2025-11-29 14:10,2025-11-29 14:35,2025-11-30,2025-11-30,On Time,0,Not Applicable,15891.2,527,1
TRIP011980,2025-11-29,PL06,Indore Manufacturing Unit,Bhopal,Indore - Bhopal,PD03,Cement Bags,20.51,VH044,Container 32ft SXL,22,TR07,Om Sai Transport,2025-11-29 07:28,2025-11-29 09:46,2025-11-29 10:12,2025-11-29 10:45,2025-11-29,2025-11-29,On Time,0,Not Applicable,1855.28,20,1
TRIP007616,2025-11-30,PL02,Chennai Production Plant,Bhopal,Chennai - Bhopal,PD08,Textile Rolls,14.79,VH023,Container 32ft SXL,22,TR14,Coastal Cargo Carriers,2025-11-30 07:35,2025-11-30 09:25,2025-11-30 10:14,2025-11-30 10:42,2025-12-02,2025-12-02,On Time,0,Not Applicable,53534.11,1453,1
TRIP010884,2025-12-01,PL01,Pune Manufacturing Unit,Guwahati,Pune - Guwahati,PD01,Steel Coils,17.2,VH023,Container 32ft SXL,22,TR14,Coastal Cargo Carriers,2025-12-01 09:57,2025-12-01 11:45,2025-12-01 12:44,2025-12-01 13:11,2025-12-04,2025-12-03,On Time,0,Not Applicable,99946.11,2477,1
TRIP002981,2025-12-02,PL02,Chennai Production Plant,Bhopal,Chennai - Bhopal,PD01,Steel Coils,11.74,VH029,Open Truck 10 Tyre,16,TR17,United Freight Corporation,2025-12-02 08:03,2025-12-02 10:25,2025-12-02 11:09,2025-12-02 11:27,2025-12-03,2025-12-04,Delayed,1,Traffic Congestion,45266.36,1583,0
TRIP008219,2025-12-02,PL05,Hyderabad Assembly Unit,Nagpur,Hyderabad - Nagpur,PD07,Packaged Tiles,14.1,VH054,Container 20ft,18,TR13,Punjab Truck Union,2025-12-02 08:52,2025-12-02 11:02,2025-12-02 11:22,2025-12-02 11:51,2025-12-03,2025-12-02,On Time,0,Not Applicable,18505.92,511,1
TRIP003080,2025-12-03,PL01,Pune Manufacturing Unit,Bhopal,Pune - Bhopal,PD01,Steel Coils,7.49,VH010,Open Truck 6 Tyre,9,TR15,Apex Logistics India,2025-12-03 10:43,2025-12-03 12:29,2025-12-03 12:48,2025-12-03 13:07,2025-12-04,2025-12-04,On Time,0,Not Applicable,14569.56,705,1
TRIP007585,2025-12-03,PL05,Hyderabad Assembly Unit,Guwahati,Hyderabad - Guwahati,PD06,Electrical Cables,20.81,VH040,Container 32ft SXL,22,TR06,Ganesh Roadlines,2025-12-03 07:39,2025-12-03 10:22,2025-12-03 10:58,2025-12-03 11:24,2025-12-05,2025-12-05,On Time,0,Not Applicable,101123.32,2228,1
TRIP000511,2025-12-03,PL05,Hyderabad Assembly Unit,Guwahati,Hyderabad - Guwahati,PD06,Electrical Cables,7.73,VH012,Open Truck 10 Tyre,16,TR12,Trident Transport Services,2025-12-03 08:02,2025-12-03 11:07,2025-12-03 12:02,2025-12-03 12:30,2025-12-06,2025-12-06,On Time,0,Not Applicable,38813.84,2092,1
TRIP010102,2025-12-03,PL05,Hyderabad Assembly Unit,Nagpur,Hyderabad - Nagpur,PD07,Packaged Tiles,27.59,VH022,Container 32ft MXL,28,TR02,Shree Balaji Logistics,2025-12-03 10:42,2025-12-03 13:25,2025-12-03 14:11,2025-12-03 14:41,2025-12-04,2025-12-04,On Time,0,Not Applicable,31296.43,481,1
TRIP008448,2025-12-04,PL05,Hyderabad Assembly Unit,Mumbai,Hyderabad - Mumbai,PD08,Textile Rolls,7.68,VH010,Open Truck 6 Tyre,9,TR15,Apex Logistics India,2025-12-04 06:16,2025-12-04 08:52,2025-12-04 09:09,2025-12-04 09:51,2025-12-05,2025-12-05,On Time,0,Not Applicable,14309.01,737,1
TRIP007338,2025-12-04,PL05,Hyderabad Assembly Unit,Nagpur,Hyderabad - Nagpur,PD04,PVC Granules,22.0,VH040,Container 32ft SXL,22,TR06,Ganesh Roadlines,2025-12-04 07:20,2025-12-04 09:24,2025-12-04 09:52,2025-12-04 10:12,2025-12-05,2025-12-04,On Time,0,Not Applicable,22510.85,459,1
TRIP004509,2025-12-05,PL01,Pune Manufacturing Unit,Nagpur,Pune - Nagpur,PD01,Steel Coils,8.67,VH048,Open Truck 6 Tyre,9,TR03,Vishal Transport Co.,2025-12-05 09:38,2025-12-05 12:15,2025-12-05 12:34,2025-12-05 12:45,2025-12-06,2025-12-06,On Time,0,Not Applicable,10949.93,489,1
TRIP008080,2025-12-05,PL05,Hyderabad Assembly Unit,Bhopal,Hyderabad - Bhopal,PD08,Textile Rolls,26.95,VH022,Container 32ft MXL,28,TR02,Shree Balaji Logistics,2025-12-05 07:47,2025-12-05 10:35,2025-12-05 11:02,2025-12-05 11:25,2025-12-06,2025-12-06,On Time,0,Not Applicable,47711.62,801,1
TRIP001492,2025-12-05,PL04,Vadodara Processing Plant,Bhopal,Vadodara - Bhopal,PD08,Textile Rolls,29.37,VH035,Trailer 40ft,35,TR09,Sunrise Logistics Solutions,2025-12-05 09:06,2025-12-05 11:48,2025-12-05 12:34,2025-12-05 12:46,2025-12-06,2025-12-06,On Time,0,Not Applicable,39890.35,578,1
TRIP009138,2025-12-05,PL04,Vadodara Processing Plant,Bhopal,Vadodara - Bhopal,PD05,Auto Components,25.06,VH045,Container 32ft MXL,28,TR18,Deccan Transport Co.,2025-12-05 07:14,2025-12-05 08:14,2025-12-05 08:34,2025-12-05 09:11,2025-12-06,2025-12-06,On Time,0,Not Applicable,36769.89,549,1
TRIP007986,2025-12-06,PL05,Hyderabad Assembly Unit,Bengaluru,Hyderabad - Bengaluru,PD07,Packaged Tiles,14.37,VH024,Container 20ft,18,TR14,Coastal Cargo Carriers,2025-12-06 07:15,2025-12-06 09:16,2025-12-06 09:58,2025-12-06 10:10,2025-12-07,2025-12-06,On Time,0,Not Applicable,19982.4,541,1
TRIP008359,2025-12-06,PL02,Chennai Production Plant,Nagpur,Chennai - Nagpur,PD03,Cement Bags,8.01,VH043,Open Truck 6 Tyre,9,TR11,Reliable Roadways,2025-12-06 07:20,2025-12-06 09:24,2025-12-06 10:20,2025-12-06 10:31,2025-12-07,2025-12-08,Delayed,1,Toll/Checkpoint Delay,24653.29,1239,0
TRIP007769,2025-12-07,PL04,Vadodara Processing Plant,Nagpur,Vadodara - Nagpur,PD05,Auto Components,8.19,VH027,Open Truck 6 Tyre,9,TR13,Punjab Truck Union,2025-12-07 08:11,2025-12-07 09:32,2025-12-07 10:07,2025-12-07 10:38,2025-12-08,2025-12-08,On Time,0,Not Applicable,17768.9,842,1
TRIP002496,2025-12-08,PL05,Hyderabad Assembly Unit,Guwahati,Hyderabad - Guwahati,PD06,Electrical Cables,7.88,VH010,Open Truck 6 Tyre,9,TR15,Apex Logistics India,2025-12-08 06:48,2025-12-08 09:01,2025-12-08 09:42,2025-12-08 10:06,2025-12-10,2025-12-10,On Time,0,Not Applicable,43146.21,2085,1
TRIP004048,2025-12-08,PL01,Pune Manufacturing Unit,Mumbai,Pune - Mumbai,PD03,Cement Bags,8.13,VH037,Open Truck 6 Tyre,9,TR03,Vishal Transport Co.,2025-12-08 08:07,2025-12-08 10:56,2025-12-08 11:51,2025-12-08 12:01,2025-12-08,2025-12-08,On Time,0,Not Applicable,3545.58,145,1
TRIP002047,2025-12-10,PL04,Vadodara Processing Plant,Delhi NCR,Vadodara - Delhi NCR,PD06,Electrical Cables,17.02,VH001,Container 20ft,18,TR16,Shakti Road Carriers,2025-12-10 09:09,2025-12-10 12:17,2025-12-10 12:55,2025-12-10 13:22,2025-12-11,2025-12-11,On Time,0,Not Applicable,40675.56,942,1
TRIP009670,2025-12-10,PL06,Indore Manufacturing Unit,Guwahati,Indore - Guwahati,PD05,Auto Components,13.5,VH058,Open Truck 10 Tyre,16,TR18,Deccan Transport Co.,2025-12-10 10:05,2025-12-10 11:44,2025-12-10 12:02,2025-12-10 12:26,2025-12-12,2025-12-12,On Time,0,Not Applicable,62000.73,1779,1
TRIP005063,2025-12-12,PL05,Hyderabad Assembly Unit,Mumbai,Hyderabad - Mumbai,PD06,Electrical Cables,17.17,VH009,Container 32ft SXL,22,TR10,Metro Freight Carriers,2025-12-12 09:30,2025-12-12 13:08,2025-12-12 13:40,2025-12-12 14:02,2025-12-13,2025-12-13,On Time,0,Not Applicable,24494.86,672,1
TRIP006831,2025-12-12,PL05,Hyderabad Assembly Unit,Bhopal,Hyderabad - Bhopal,PD04,PVC Granules,24.84,VH013,Container 32ft MXL,28,TR08,Kaveri Cargo Movers,2025-12-12 07:10,2025-12-12 09:22,2025-12-12 09:52,2025-12-12 10:06,2025-12-13,2025-12-13,On Time,0,Not Applicable,45293.22,773,1
TRIP009397,2025-12-13,PL05,Hyderabad Assembly Unit,Bhopal,Hyderabad - Bhopal,PD05,Auto Components,22.0,VH026,Container 32ft SXL,22,TR09,Sunrise Logistics Solutions,2025-12-13 09:27,2025-12-13 10:51,2025-12-13 11:12,2025-12-13 11:56,2025-12-14,2025-12-14,On Time,0,Not Applicable,38668.38,757,1
TRIP005026,2025-12-13,PL04,Vadodara Processing Plant,Guwahati,Vadodara - Guwahati,PD05,Auto Components,14.38,VH058,Open Truck 10 Tyre,16,TR18,Deccan Transport Co.,2025-12-13 10:20,2025-12-13 12:13,2025-12-13 12:37,2025-12-13 13:19,2025-12-16,2025-12-16,On Time,0,Not Applicable,90380.71,2321,1
TRIP010550,2025-12-13,PL04,Vadodara Processing Plant,Bhopal,Vadodara - Bhopal,PD03,Cement Bags,34.88,VH056,Trailer 40ft,35,TR05,Speedway Logistics Pvt Ltd,2025-12-13 10:33,2025-12-13 12:10,2025-12-13 12:57,2025-12-13 13:37,2025-12-14,2025-12-14,On Time,0,Not Applicable,60766.25,611,1
TRIP007190,2025-12-15,PL05,Hyderabad Assembly Unit,Guwahati,Hyderabad - Guwahati,PD05,Auto Components,15.96,VH042,Container 32ft SXL,22,TR12,Trident Transport Services,2025-12-15 06:52,2025-12-15 09:53,2025-12-15 10:44,2025-12-15 10:57,2025-12-18,2025-12-18,On Time,0,Not Applicable,87419.61,2292,1
TRIP003705,2025-12-15,PL05,Hyderabad Assembly Unit,Guwahati,Hyderabad - Guwahati,PD05,Auto Components,25.93,VH059,Container 32ft MXL,28,TR05,Speedway Logistics Pvt Ltd,2025-12-15 10:51,2025-12-15 13:27,2025-12-15 13:43,2025-12-15 14:13,2025-12-19,2025-12-18,On Time,0,Not Applicable,158402.44,2157,1
TRIP009100,2025-12-15,PL05,Hyderabad Assembly Unit,Guwahati,Hyderabad - Guwahati,PD04,PVC Granules,25.29,VH017,Container 32ft MXL,28,TR06,Ganesh Roadlines,2025-12-15 09:00,2025-12-15 12:03,2025-12-15 12:59,2025-12-15 13:15,2025-12-18,2025-12-17,On Time,0,Not Applicable,124635.34,2145,1
TRIP010450,2025-12-16,PL04,Vadodara Processing Plant,Bhopal,Vadodara - Bhopal,PD06,Electrical Cables,27.14,VH015,Container 32ft MXL,28,TR08,Kaveri Cargo Movers,2025-12-16 08:14,2025-12-16 09:41,2025-12-16 10:17,2025-12-16 10:39,2025-12-17,2025-12-17,On Time,0,Not Applicable,40863.0,602,1
TRIP005012,2025-12-16,PL01,Pune Manufacturing Unit,Bhopal,Pune - Bhopal,PD01,Steel Coils,15.47,VH049,Container 20ft,18,TR07,Om Sai Transport,2025-12-16 08:35,2025-12-16 10:15,2025-12-16 10:33,2025-12-16 11:08,2025-12-17,2025-12-17,On Time,0,Not Applicable,25889.78,665,1
TRIP008311,2025-12-17,PL05,Hyderabad Assembly Unit,Bhopal,Hyderabad - Bhopal,PD08,Textile Rolls,18.0,VH049,Container 20ft,18,TR07,Om Sai Transport,2025-12-17 07:45,2025-12-17 10:57,2025-12-17 11:32,2025-12-17 11:47,2025-12-18,2025-12-18,On Time,0,Not Applicable,35682.65,827,1
TRIP002803,2025-12-17,PL04,Vadodara Processing Plant,Mumbai,Vadodara - Mumbai,PD02,Steel Pipes,14.41,VH029,Open Truck 10 Tyre,16,TR17,United Freight Corporation,2025-12-17 07:42,2025-12-17 10:09,2025-12-17 10:56,2025-12-17 11:26,2025-12-18,2025-12-17,On Time,0,Not Applicable,16748.7,486,1
TRIP002474,2025-12-18,PL05,Hyderabad Assembly Unit,Guwahati,Hyderabad - Guwahati,PD05,Auto Components,35.0,VH055,Trailer 40ft,35,TR09,Sunrise Logistics Solutions,2025-12-18 06:00,2025-12-18 07:55,2025-12-18 08:13,2025-12-18 08:26,2025-12-21,2025-12-21,On Time,0,Not Applicable,166097.32,2083,1
TRIP006076,2025-12-18,PL02,Chennai Production Plant,Bhopal,Chennai - Bhopal,PD08,Textile Rolls,24.4,VH002,Container 32ft MXL,28,TR06,Ganesh Roadlines,2025-12-18 08:37,2025-12-18 10:26,2025-12-18 11:00,2025-12-18 11:13,2025-12-20,2025-12-20,On Time,0,Not Applicable,96554.88,1654,1
TRIP003956,2025-12-18,PL02,Chennai Production Plant,Nagpur,Chennai - Nagpur,PD06,Electrical Cables,14.9,VH001,Container 20ft,18,TR16,Shakti Road Carriers,2025-12-18 10:35,2025-12-18 13:54,2025-12-18 14:49,2025-12-18 15:06,2025-12-20,2025-12-19,On Time,0,Not Applicable,48400.29,1245,1
TRIP003828,2025-12-18,PL05,Hyderabad Assembly Unit,Bhopal,Hyderabad - Bhopal,PD08,Textile Rolls,18.0,VH019,Container 20ft,18,TR07,Om Sai Transport,2025-12-18 06:20,2025-12-18 08:23,2025-12-18 08:39,2025-12-18 09:13,2025-12-19,2025-12-19,On Time,0,Not Applicable,34257.46,753,1
TRIP002987,2025-12-18,PL06,Indore Manufacturing Unit,Nagpur,Indore - Nagpur,PD06,Electrical Cables,20.68,VH040,Container 32ft SXL,22,TR06,Ganesh Roadlines,2025-12-18 07:14,2025-12-18 09:27,2025-12-18 10:18,2025-12-18 10:33,2025-12-19,2025-12-19,On Time,0,Not Applicable,13801.52,282,1
TRIP001158,2025-12-19,PL05,Hyderabad Assembly Unit,Bhopal,Hyderabad - Bhopal,PD04,PVC Granules,8.99,VH043,Open Truck 6 Tyre,9,TR11,Reliable Roadways,2025-12-19 10:32,2025-12-19 12:46,2025-12-19 13:10,2025-12-19 13:43,2025-12-20,2025-12-22,Delayed,2,Weather Conditions,17132.61,796,0
TRIP004024,2025-12-19,PL05,Hyderabad Assembly Unit,Bhopal,Hyderabad - Bhopal,PD02,Steel Pipes,14.51,VH021,Open Truck 10 Tyre,16,TR02,Shree Balaji Logistics,2025-12-19 07:12,2025-12-19 09:15,2025-12-19 09:30,2025-12-19 09:43,2025-12-20,2025-12-20,On Time,0,Not Applicable,24004.12,707,1
TRIP006128,2025-12-20,PL01,Pune Manufacturing Unit,Bhopal,Pune - Bhopal,PD01,Steel Coils,14.35,VH007,Open Truck 10 Tyre,16,TR03,Vishal Transport Co.,2025-12-20 09:30,2025-12-20 10:24,2025-12-20 10:49,2025-12-20 11:22,2025-12-21,2025-12-21,On Time,0,Not Applicable,23710.5,676,1
TRIP009573,2025-12-20,PL02,Chennai Production Plant,Bhopal,Chennai - Bhopal,PD04,PVC Granules,26.6,VH020,Container 32ft MXL,28,TR01,Bharat Road Carriers,2025-12-20 06:10,2025-12-20 07:47,2025-12-20 08:14,2025-12-20 08:42,2025-12-22,2025-12-22,On Time,0,Not Applicable,86126.81,1568,1
TRIP005525,2025-12-20,PL05,Hyderabad Assembly Unit,Bhopal,Hyderabad - Bhopal,PD01,Steel Coils,14.54,VH004,Container 20ft,18,TR06,Ganesh Roadlines,2025-12-20 08:08,2025-12-20 10:43,2025-12-20 11:36,2025-12-20 12:02,2025-12-21,2025-12-22,Delayed,1,Loading Delay at Plant,25162.52,754,0
TRIP006884,2025-12-21,PL04,Vadodara Processing Plant,Nagpur,Vadodara - Nagpur,PD01,Steel Coils,9.32,VH050,Container 20ft,18,TR18,Deccan Transport Co.,2025-12-21 09:19,2025-12-21 09:56,2025-12-21 10:40,2025-12-21 11:14,2025-12-22,2025-12-22,On Time,0,Not Applicable,20274.79,804,1
TRIP005545,2025-12-21,PL05,Hyderabad Assembly Unit,Guwahati,Hyderabad - Guwahati,PD03,Cement Bags,14.38,VH023,Container 32ft SXL,22,TR14,Coastal Cargo Carriers,2025-12-21 10:46,2025-12-21 12:32,2025-12-21 13:14,2025-12-21 13:26,2025-12-23,2025-12-23,On Time,0,Not Applicable,70797.88,2076,1
TRIP005573,2025-12-22,PL05,Hyderabad Assembly Unit,Bhopal,Hyderabad - Bhopal,PD01,Steel Coils,15.32,VH006,Open Truck 10 Tyre,16,TR12,Trident Transport Services,2025-12-22 10:04,2025-12-22 13:20,2025-12-22 14:19,2025-12-22 14:35,2025-12-23,2025-12-23,On Time,0,Not Applicable,26280.34,743,1
TRIP010032,2025-12-23,PL06,Indore Manufacturing Unit,Nagpur,Indore - Nagpur,PD05,Auto Components,17.7,VH019,Container 20ft,18,TR07,Om Sai Transport,2025-12-23 10:53,2025-12-23 13:36,2025-12-23 14:11,2025-12-23 14:43,2025-12-24,2025-12-23,On Time,0,Not Applicable,12873.83,301,1
TRIP007933,2025-12-24,PL04,Vadodara Processing Plant,Nagpur,Vadodara - Nagpur,PD04,PVC Granules,30.87,VH005,Trailer 40ft,35,TR08,Kaveri Cargo Movers,2025-12-24 06:09,2025-12-24 08:28,2025-12-24 09:14,2025-12-24 09:44,2025-12-25,2025-12-25,On Time,0,Not Applicable,60940.97,819,1
TRIP010185,2025-12-24,PL05,Hyderabad Assembly Unit,Mumbai,Hyderabad - Mumbai,PD08,Textile Rolls,14.58,VH054,Container 20ft,18,TR13,Punjab Truck Union,2025-12-24 06:27,2025-12-24 08:59,2025-12-24 09:32,2025-12-24 09:46,2025-12-25,2025-12-24,On Time,0,Not Applicable,25449.19,643,1
TRIP003890,2025-12-24,PL04,Vadodara Processing Plant,Bhopal,Vadodara - Bhopal,PD01,Steel Coils,21.96,VH039,Container 32ft SXL,22,TR05,Speedway Logistics Pvt Ltd,2025-12-24 08:34,2025-12-24 11:32,2025-12-24 11:48,2025-12-24 12:14,2025-12-25,2025-12-25,On Time,0,Not Applicable,31637.26,536,1
TRIP010128,2025-12-25,PL02,Chennai Production Plant,Jaipur,Chennai - Jaipur,PD04,PVC Granules,16.44,VH036,Container 32ft SXL,22,TR09,Sunrise Logistics Solutions,2025-12-25 06:36,2025-12-25 09:00,2025-12-25 09:53,2025-12-25 10:30,2025-12-28,2025-12-29,Delayed,1,Route Diversion,87656.93,2267,0
TRIP001693,2025-12-25,PL02,Chennai Production Plant,Jaipur,Chennai - Jaipur,PD06,Electrical Cables,22.0,VH040,Container 32ft SXL,22,TR06,Ganesh Roadlines,2025-12-25 09:06,2025-12-25 11:55,2025-12-25 12:17,2025-12-25 12:57,2025-12-27,2025-12-27,On Time,0,Not Applicable,97992.42,1923,1
TRIP008954,2025-12-25,PL05,Hyderabad Assembly Unit,Mumbai,Hyderabad - Mumbai,PD04,PVC Granules,15.58,VH018,Container 32ft SXL,22,TR04,National Freight Movers,2025-12-25 10:28,2025-12-25 12:30,2025-12-25 13:15,2025-12-25 13:58,2025-12-26,2025-12-26,On Time,0,Not Applicable,30620.35,720,1
TRIP006189,2025-12-25,PL05,Hyderabad Assembly Unit,Nagpur,Hyderabad - Nagpur,PD02,Steel Pipes,28.03,VH051,Trailer 40ft,35,TR07,Om Sai Transport,2025-12-25 09:34,2025-12-25 11:09,2025-12-25 11:48,2025-12-25 12:08,2025-12-26,2025-12-26,On Time,0,Not Applicable,33005.79,483,1
TRIP006962,2025-12-26,PL04,Vadodara Processing Plant,Patna,Vadodara - Patna,PD01,Steel Coils,15.62,VH053,Open Truck 10 Tyre,16,TR09,Sunrise Logistics Solutions,2025-12-26 10:36,2025-12-26 13:58,2025-12-26 14:27,2025-12-26 14:59,2025-12-28,2025-12-28,On Time,0,Not Applicable,60992.63,1729,1
TRIP002326,2025-12-26,PL04,Vadodara Processing Plant,Guwahati,Vadodara - Guwahati,PD02,Steel Pipes,29.0,VH005,Trailer 40ft,35,TR08,Kaveri Cargo Movers,2025-12-26 06:58,2025-12-26 09:15,2025-12-26 10:12,2025-12-26 10:48,2025-12-30,2025-12-31,Delayed,1,Driver Unavailability,162780.53,2412,0
TRIP004084,2025-12-27,PL03,Ludhiana Fabrication Unit,Guwahati,Ludhiana - Guwahati,PD07,Packaged Tiles,20.03,VH033,Container 32ft SXL,22,TR09,Sunrise Logistics Solutions,2025-12-27 09:32,2025-12-27 10:48,2025-12-27 11:15,2025-12-27 11:47,2025-12-29,2025-12-29,On Time,0,Not Applicable,88681.56,1913,1
TRIP002778,2025-12-28,PL01,Pune Manufacturing Unit,Bhopal,Pune - Bhopal,PD08,Textile Rolls,14.58,VH018,Container 32ft SXL,22,TR04,National Freight Movers,2025-12-28 10:36,2025-12-28 13:13,2025-12-28 13:29,2025-12-28 14:06,2025-12-29,2025-12-29,On Time,0,Not Applicable,22183.72,586,1
TRIP001497,2025-12-28,PL05,Hyderabad Assembly Unit,Jaipur,Hyderabad - Jaipur,PD03,Cement Bags,17.17,VH019,Container 20ft,18,TR07,Om Sai Transport,2025-12-28 09:21,2025-12-28 11:10,2025-12-28 12:09,2025-12-28 12:40,2025-12-29,2025-12-30,Delayed,1,Documentation Delay,52894.8,1356,0
TRIP007468,2025-12-28,PL02,Chennai Production Plant,Delhi NCR,Chennai - Delhi NCR,PD02,Steel Pipes,28.0,VH038,Container 32ft MXL,28,TR07,Om Sai Transport,2025-12-28 09:33,2025-12-28 12:00,2025-12-28 12:19,2025-12-28 13:03,2025-12-31,2025-12-31,On Time,0,Not Applicable,130539.64,1996,1
TRIP010762,2025-12-29,PL05,Hyderabad Assembly Unit,Guwahati,Hyderabad - Guwahati,PD06,Electrical Cables,21.03,VH047,Container 32ft SXL,22,TR07,Om Sai Transport,2025-12-29 08:31,2025-12-29 11:37,2025-12-29 12:10,2025-12-29 12:28,2026-01-01,2026-01-01,On Time,0,Not Applicable,100920.39,2137,1
TRIP003388,2025-12-29,PL05,Hyderabad Assembly Unit,Bhopal,Hyderabad - Bhopal,PD03,Cement Bags,26.12,VH032,Container 32ft MXL,28,TR03,Vishal Transport Co.,2025-12-29 06:27,2025-12-29 09:33,2025-12-29 10:08,2025-12-29 10:37,2025-12-30,2025-12-30,On Time,0,Not Applicable,55376.22,786,1
TRIP007502,2025-12-30,PL05,Hyderabad Assembly Unit,Lucknow,Hyderabad - Lucknow,PD06,Electrical Cables,14.67,VH018,Container 32ft SXL,22,TR04,National Freight Movers,2025-12-30 07:43,2025-12-30 10:01,2025-12-30 10:25,2025-12-30 10:56,2026-01-01,2026-01-01,On Time,0,Not Applicable,50173.28,1328,1
TRIP001348,2025-12-30,PL05,Hyderabad Assembly Unit,Guwahati,Hyderabad - Guwahati,PD03,Cement Bags,17.52,VH041,Container 32ft SXL,22,TR13,Punjab Truck Union,2025-12-30 10:02,2025-12-30 11:00,2025-12-30 11:50,2025-12-30 12:20,2026-01-02,2026-01-01,On Time,0,Not Applicable,98328.11,2153,1
TRIP008092,2025-12-31,PL05,Hyderabad Assembly Unit,Guwahati,Hyderabad - Guwahati,PD01,Steel Coils,11.43,VH046,Open Truck 10 Tyre,16,TR02,Shree Balaji Logistics,2025-12-31 08:37,2025-12-31 10:09,2025-12-31 10:37,2025-12-31 10:47,2026-01-02,2026-01-02,On Time,0,Not Applicable,53851.37,2187,1
TRIP009528,2025-12-31,PL03,Ludhiana Fabrication Unit,Mumbai,Ludhiana - Mumbai,PD05,Auto Components,11.15,VH050,Container 20ft,18,TR18,Deccan Transport Co.,2025-12-31 06:14,2025-12-31 09:24,2025-12-31 10:11,2025-12-31 10:32,2026-01-02,2026-01-01,On Time,0,Not Applicable,43922.76,1542,1
